Time (UTC),07/19/24,07/20/24,07/21/24,07/22/24
00:00,,1.0,1.0,1.0
00:30,,1.0,1.0,1.0
01:00,,1.0,1.0,1.0
01:30,,1.0,1.0,1.0
02:00,,1.0,1.0,1.0
02:30,,1.0,1.0,1.0
03:00,,1.0,1.0,1.0
03:30,,1.0,1.0,1.0
04:00,,1.0,1.0,1.0
04:30,,1.0,1.0,78.33333333333333
05:00,,38.666666666666664,10.666666666666668,2.6666666666666665
05:30,,40.333333333333336,1210.6666666666665,28.666666666666668
06:00,,2.6666666666666665,526.3333333333334,946.6666666666666
06:30,,6.333333333333334,224.33333333333334,90.33333333333333
07:00,,1.0,126.0,174.66666666666666
07:30,,1.0,200.33333333333331,182.33333333333334
08:00,,314.3333333333333,1.0,236.33333333333334
08:30,,34.666666666666664,488.3333333333333,70.66666666666667
09:00,,178.0,1.0,304.3333333333333
09:30,,6.666666666666667,222.66666666666669,84.33333333333333
10:00,,48.66666666666667,74.33333333333333,210.33333333333331
10:30,,40.666666666666664,146.66666666666666,4.666666666666667
11:00,,28.666666666666668,4.666666666666667,1.0
11:30,,2.6666666666666665,1.0,82.66666666666667
12:00,,1.0,1.0,1.0
12:30,,1.0,1.0,1.0
13:00,,1.0,1.0,1.0
13:30,,1.0,1.0,1.0
14:00,,1.0,1.0,1.0
14:30,,1.0,1.0,1.0
15:00,,1.0,1.0,1.0
15:30,,1.0,1.0,1.0
16:00,,1.0,1.0,1.0
16:30,,1.0,1.0,1.0
17:00,,1.0,1.0,1.0
17:30,1.0,1.0,1.0,1.0
18:00,1.0,1.0,1.0,1.0
18:30,1.0,1.0,1.0,1.0
19:00,1.0,1.0,1.0,1.0
19:30,1.0,1.0,1.0,1.0
20:00,1.0,1.0,1.0,1.0
20:30,1.0,1.0,1.0,1.0
21:00,1.0,1.0,1.0,1.0
21:30,1.0,1.0,1.0,0.6666666666666666
22:00,1.0,1.0,1.0,
22:30,1.0,1.0,1.0,
23:00,1.0,1.0,1.0,
23:30,1.0,1.0,1.0,
