start_time,end_time,low_freq,high_freq,detection_confidence,event,input_file
43.713499999999996,43.734,21171.0,23776.0,0.724,Echolocation,20220726_030000.WAV
39.6005,39.6173,22890.0,25607.0,0.595,Echolocation,20220726_040000.WAV
1444.5435,1444.5506,39218.0,51475.0,0.574,Echolocation,20220726_043000.WAV
1444.8955,1444.9018,38359.0,51975.0,0.546,Echolocation,20220726_043000.WAV
1444.9855,1444.9936,38359.0,51323.0,0.518,Echolocation,20220726_043000.WAV
1445.1505,1445.1572,39218.0,50809.0,0.547,Echolocation,20220726_043000.WAV
1445.3145,1445.3207,38359.0,50315.0,0.514,Echolocation,20220726_043000.WAV
11.3685,11.3763,41796.0,58886.0,0.525,Echolocation,20220726_050000.WAV
11.4635,11.472,41796.0,57310.0,0.601,Echolocation,20220726_050000.WAV
11.5515,11.5583,41796.0,55873.0,0.519,Echolocation,20220726_050000.WAV
11.6475,11.6557,41796.0,61284.0,0.551,Echolocation,20220726_050000.WAV
11.7405,11.7484,41796.0,58871.0,0.592,Echolocation,20220726_050000.WAV
11.8365,11.8461,40937.0,61967.0,0.519,Echolocation,20220726_050000.WAV
11.9365,11.9435,41796.0,57721.0,0.569,Echolocation,20220726_050000.WAV
12.0345,12.0441,41796.0,64868.0,0.536,Echolocation,20220726_050000.WAV
15.3975,15.4063,41796.0,63128.0,0.59,Echolocation,20220726_050000.WAV
15.4825,15.4897,42656.0,62729.0,0.57,Echolocation,20220726_050000.WAV
15.5625,15.5713,41796.0,65890.0,0.542,Echolocation,20220726_050000.WAV
15.6505,15.6588,41796.0,63765.0,0.601,Echolocation,20220726_050000.WAV
18.1265,18.1323,41796.0,53051.0,0.518,Echolocation,20220726_050000.WAV
18.6565,18.6643,41796.0,59218.0,0.541,Echolocation,20220726_050000.WAV
18.7535,18.7604,41796.0,52061.0,0.544,Echolocation,20220726_050000.WAV
18.8455,18.8523,42656.0,59697.0,0.57,Echolocation,20220726_050000.WAV
18.9435,18.9512,41796.0,63333.0,0.61,Echolocation,20220726_050000.WAV
19.0725,19.0792,42656.0,62487.0,0.593,Echolocation,20220726_050000.WAV
19.1685,19.1767,41796.0,65254.0,0.542,Echolocation,20220726_050000.WAV
19.3005,19.3106,43515.0,58718.0,0.614,Echolocation,20220726_050000.WAV
19.4105,19.4209,42656.0,64661.0,0.513,Echolocation,20220726_050000.WAV
19.5125,19.5192,42656.0,66068.0,0.57,Echolocation,20220726_050000.WAV
19.6075,19.6147,41796.0,67127.0,0.554,Echolocation,20220726_050000.WAV
19.6445,19.6618,23750.0,30395.0,0.565,Echolocation,20220726_050000.WAV
19.7025,19.7105,41796.0,65417.0,0.579,Echolocation,20220726_050000.WAV
19.7925,19.8064,24609.0,30678.0,0.556,Echolocation,20220726_050000.WAV
19.8005,19.8081,42656.0,68527.0,0.576,Echolocation,20220726_050000.WAV
19.8955,19.9033,42656.0,64756.0,0.594,Echolocation,20220726_050000.WAV
19.9345,19.9469,24609.0,31614.0,0.631,Echolocation,20220726_050000.WAV
20.0745,20.0859,25468.0,31570.0,0.549,Echolocation,20220726_050000.WAV
20.0995,20.1083,41796.0,62782.0,0.589,Echolocation,20220726_050000.WAV
20.2065,20.2187,24609.0,31904.0,0.581,Echolocation,20220726_050000.WAV
20.2245,20.2317,42656.0,71007.0,0.57,Echolocation,20220726_050000.WAV
20.3105,20.3192,40937.0,65221.0,0.53,Echolocation,20220726_050000.WAV
20.4115,20.4204,40937.0,66320.0,0.539,Echolocation,20220726_050000.WAV
20.5105,20.5188,40937.0,62416.0,0.62,Echolocation,20220726_050000.WAV
20.6065,20.6163,40937.0,61229.0,0.525,Echolocation,20220726_050000.WAV
20.7855,20.7932,41796.0,67111.0,0.549,Echolocation,20220726_050000.WAV
20.8575,20.8645,41796.0,63848.0,0.583,Echolocation,20220726_050000.WAV
20.9225,20.9316,40078.0,56419.0,0.633,Echolocation,20220726_050000.WAV
21.1615,21.1697,41796.0,63413.0,0.505,Echolocation,20220726_050000.WAV
21.2645,21.2734,40937.0,60009.0,0.645,Echolocation,20220726_050000.WAV
21.4915,21.5051,25468.0,30637.0,0.53,Echolocation,20220726_050000.WAV
21.6385,21.6514,24609.0,30674.0,0.562,Echolocation,20220726_050000.WAV
22.0305,22.0442,24609.0,31675.0,0.532,Echolocation,20220726_050000.WAV
26.1005,26.1158,24609.0,31036.0,0.514,Echolocation,20220726_050000.WAV
27.3075,27.3222,26328.0,32593.0,0.588,Echolocation,20220726_050000.WAV
28.3755,28.3922,24609.0,30414.0,0.534,Echolocation,20220726_050000.WAV
32.2515,32.2664,24609.0,28552.0,0.588,Echolocation,20220726_050000.WAV
38.2195,38.234700000000004,24609.0,29686.0,0.514,Echolocation,20220726_050000.WAV
38.5035,38.5178,24609.0,29070.0,0.546,Echolocation,20220726_050000.WAV
39.0435,39.051500000000004,37500.0,45104.0,0.571,Echolocation,20220726_050000.WAV
39.1445,39.1526,37500.0,46701.0,0.528,Echolocation,20220726_050000.WAV
39.6605,39.6709,39218.0,48653.0,0.58,Echolocation,20220726_050000.WAV
39.8595,39.8689,37500.0,49402.0,0.55,Echolocation,20220726_050000.WAV
39.9595,39.9689,37500.0,50460.0,0.625,Echolocation,20220726_050000.WAV
40.0635,40.0723,37500.0,50040.0,0.666,Echolocation,20220726_050000.WAV
40.1625,40.172,38359.0,50553.0,0.655,Echolocation,20220726_050000.WAV
40.2665,40.2756,38359.0,53227.0,0.714,Echolocation,20220726_050000.WAV
40.3615,40.3719,38359.0,50094.0,0.616,Echolocation,20220726_050000.WAV
40.457499999999996,40.4679,39218.0,48775.0,0.547,Echolocation,20220726_050000.WAV
40.6425,40.6544,38359.0,48996.0,0.569,Echolocation,20220726_050000.WAV
40.7375,40.7479,38359.0,48212.0,0.601,Echolocation,20220726_050000.WAV
40.8255,40.8357,38359.0,51054.0,0.569,Echolocation,20220726_050000.WAV
40.9055,40.9137,39218.0,52736.0,0.66,Echolocation,20220726_050000.WAV
41.0045,41.015,37500.0,45857.0,0.528,Echolocation,20220726_050000.WAV
41.1905,41.1983,38359.0,52636.0,0.678,Echolocation,20220726_050000.WAV
364.8235,364.8376,23750.0,28935.0,0.59,Echolocation,20220726_050000.WAV
366.1935,366.2102,22890.0,28795.0,0.504,Echolocation,20220726_050000.WAV
368.1795,368.1955,25468.0,30170.0,0.558,Echolocation,20220726_050000.WAV
375.7275,375.7427,26328.0,28832.0,0.528,Echolocation,20220726_050000.WAV
378.8405,378.8574,22890.0,27600.0,0.549,Echolocation,20220726_050000.WAV
378.9815,378.9971,22890.0,26681.0,0.572,Echolocation,20220726_050000.WAV
379.2425,379.2572,22031.0,27199.0,0.506,Echolocation,20220726_050000.WAV
381.16949999999997,381.1828,22890.0,29575.0,0.578,Echolocation,20220726_050000.WAV
404.4105,404.4238,23750.0,29028.0,0.526,Echolocation,20220726_050000.WAV
405.1245,405.1387,23750.0,28959.0,0.525,Echolocation,20220726_050000.WAV
408.5115,408.5268,22890.0,28592.0,0.606,Echolocation,20220726_050000.WAV
408.6465,408.6626,22890.0,29320.0,0.516,Echolocation,20220726_050000.WAV
408.7875,408.8035,22890.0,27898.0,0.539,Echolocation,20220726_050000.WAV
409.7275,409.7427,23750.0,29273.0,0.52,Echolocation,20220726_050000.WAV
410.3875,410.402,23750.0,29579.0,0.641,Echolocation,20220726_050000.WAV
410.70550000000003,410.7211,23750.0,28184.0,0.557,Echolocation,20220726_050000.WAV
410.8285,410.8419,24609.0,29704.0,0.65,Echolocation,20220726_050000.WAV
410.9715,410.9859,22890.0,27447.0,0.641,Echolocation,20220726_050000.WAV
411.22950000000003,411.2452,22890.0,29849.0,0.608,Echolocation,20220726_050000.WAV
411.3695,411.3827,23750.0,28273.0,0.69,Echolocation,20220726_050000.WAV
411.6325,411.6495,22890.0,27585.0,0.607,Echolocation,20220726_050000.WAV
411.7765,411.7909,22890.0,29216.0,0.656,Echolocation,20220726_050000.WAV
412.1765,412.1908,23750.0,29581.0,0.646,Echolocation,20220726_050000.WAV
413.10450000000003,413.1205,22890.0,28255.0,0.556,Echolocation,20220726_050000.WAV
413.77049999999997,413.7866,22890.0,29270.0,0.511,Echolocation,20220726_050000.WAV
414.4545,414.4687,23750.0,29318.0,0.515,Echolocation,20220726_050000.WAV
414.5945,414.6081,23750.0,29410.0,0.676,Echolocation,20220726_050000.WAV
415.5295,415.5443,22890.0,27784.0,0.574,Echolocation,20220726_050000.WAV
415.8155,415.8306,22890.0,27313.0,0.565,Echolocation,20220726_050000.WAV
416.8705,416.8861,22890.0,26799.0,0.618,Echolocation,20220726_050000.WAV
417.0025,417.0184,23750.0,27491.0,0.556,Echolocation,20220726_050000.WAV
417.2645,417.2806,22890.0,27492.0,0.59,Echolocation,20220726_050000.WAV
417.6555,417.671,23750.0,28596.0,0.565,Echolocation,20220726_050000.WAV
417.9145,417.9298,22890.0,27720.0,0.556,Echolocation,20220726_050000.WAV
418.2935,418.3101,22890.0,27139.0,0.61,Echolocation,20220726_050000.WAV
732.5895,732.6098,23750.0,28295.0,0.503,Echolocation,20220726_050000.WAV
733.5015,733.5205,24609.0,28026.0,0.506,Echolocation,20220726_050000.WAV
743.2715,743.2886,23750.0,28867.0,0.509,Echolocation,20220726_050000.WAV
743.6255,743.6429,24609.0,29654.0,0.523,Echolocation,20220726_050000.WAV
746.7755,746.792,24609.0,29594.0,0.579,Echolocation,20220726_050000.WAV
747.5795,747.5936,23750.0,29368.0,0.563,Echolocation,20220726_050000.WAV
748.7345,748.749,23750.0,27718.0,0.562,Echolocation,20220726_050000.WAV
749.6735,749.6891,23750.0,27549.0,0.576,Echolocation,20220726_050000.WAV
753.1245,753.1434,23750.0,28270.0,0.53,Echolocation,20220726_050000.WAV
777.1305,777.1449,23750.0,29690.0,0.5,Echolocation,20220726_050000.WAV
778.7745,778.7908,23750.0,28925.0,0.521,Echolocation,20220726_050000.WAV
779.1225,779.1396,24609.0,28748.0,0.513,Echolocation,20220726_050000.WAV
779.5545,779.5738,23750.0,27753.0,0.569,Echolocation,20220726_050000.WAV
779.8205,779.8385,22890.0,26431.0,0.604,Echolocation,20220726_050000.WAV
779.9735000000001,779.9888,23750.0,28664.0,0.607,Echolocation,20220726_050000.WAV
1112.2965,1112.3123,24609.0,29211.0,0.539,Echolocation,20220726_050000.WAV
1112.6905,1112.7057,24609.0,27599.0,0.685,Echolocation,20220726_050000.WAV
1112.9425,1112.9611,23750.0,27553.0,0.542,Echolocation,20220726_050000.WAV
1113.6015,1113.6209,22890.0,26946.0,0.559,Echolocation,20220726_050000.WAV
1115.2655,1115.2825,23750.0,27576.0,0.571,Echolocation,20220726_050000.WAV
1115.6695,1115.6876,23750.0,28459.0,0.539,Echolocation,20220726_050000.WAV
1116.1905,1116.2067,24609.0,28349.0,0.553,Echolocation,20220726_050000.WAV
1116.7055,1116.7257,23750.0,27232.0,0.545,Echolocation,20220726_050000.WAV
1117.3365,1117.3542,23750.0,27482.0,0.66,Echolocation,20220726_050000.WAV
1117.9635,1117.9807,23750.0,27641.0,0.639,Echolocation,20220726_050000.WAV
1118.4745,1118.4937,23750.0,27389.0,0.563,Echolocation,20220726_050000.WAV
1118.6195,1118.6383,23750.0,27915.0,0.509,Echolocation,20220726_050000.WAV
1118.8745,1118.891,24609.0,27732.0,0.552,Echolocation,20220726_050000.WAV
1120.2905,1120.3043,23750.0,29061.0,0.55,Echolocation,20220726_050000.WAV
1124.0185,1124.036,23750.0,27766.0,0.585,Echolocation,20220726_050000.WAV
1124.1605,1124.1777,23750.0,27751.0,0.58,Echolocation,20220726_050000.WAV
1124.5235,1124.5407,24609.0,27788.0,0.61,Echolocation,20220726_050000.WAV
1124.8735,1124.8918,23750.0,27205.0,0.637,Echolocation,20220726_050000.WAV
1125.1485,1125.1654,23750.0,27021.0,0.68,Echolocation,20220726_050000.WAV
1125.3935,1125.4109,23750.0,28049.0,0.572,Echolocation,20220726_050000.WAV
1126.0315,1126.0517,23750.0,28064.0,0.524,Echolocation,20220726_050000.WAV
1126.7015,1126.7193,24609.0,27124.0,0.543,Echolocation,20220726_050000.WAV
1127.0845,1127.1001,24609.0,28621.0,0.517,Echolocation,20220726_050000.WAV
1127.1945,1127.2091,24609.0,29934.0,0.521,Echolocation,20220726_050000.WAV
1127.8895,1127.9036,23750.0,27651.0,0.666,Echolocation,20220726_050000.WAV
1128.1565,1128.1742,23750.0,27150.0,0.608,Echolocation,20220726_050000.WAV
1128.4195,1128.4359,23750.0,26865.0,0.618,Echolocation,20220726_050000.WAV
1128.9135,1128.9339,23750.0,28110.0,0.512,Echolocation,20220726_050000.WAV
1440.6415,1440.6547,25468.0,31903.0,0.608,Echolocation,20220726_050000.WAV
1440.7865,1440.8021,24609.0,30978.0,0.575,Echolocation,20220726_050000.WAV
1440.9205,1440.9339,25468.0,30998.0,0.512,Echolocation,20220726_050000.WAV
1441.0175,1441.031,25468.0,30229.0,0.608,Echolocation,20220726_050000.WAV
1441.1485,1441.161,25468.0,32520.0,0.628,Echolocation,20220726_050000.WAV
1441.9655,1441.9766,26328.0,31236.0,0.633,Echolocation,20220726_050000.WAV
1442.0825,1442.0968,24609.0,32355.0,0.584,Echolocation,20220726_050000.WAV
1442.2025,1442.2152,24609.0,32724.0,0.561,Echolocation,20220726_050000.WAV
1442.3295,1442.3431,24609.0,33676.0,0.572,Echolocation,20220726_050000.WAV
1442.4645,1442.4788,24609.0,32768.0,0.596,Echolocation,20220726_050000.WAV
1442.5645,1442.5734,27187.0,34229.0,0.614,Echolocation,20220726_050000.WAV
1442.6965,1442.7051,27187.0,34137.0,0.537,Echolocation,20220726_050000.WAV
1443.3015,1443.3119,26328.0,32990.0,0.503,Echolocation,20220726_050000.WAV
1443.4165,1443.4287,25468.0,32658.0,0.591,Echolocation,20220726_050000.WAV
1443.6535,1443.6663,25468.0,34732.0,0.554,Echolocation,20220726_050000.WAV
1443.7935,1443.8065,24609.0,32908.0,0.51,Echolocation,20220726_050000.WAV
1444.0465,1444.0604,24609.0,33830.0,0.586,Echolocation,20220726_050000.WAV
1444.3025,1444.3194,24609.0,34509.0,0.538,Echolocation,20220726_050000.WAV
1444.5955,1444.6092,24609.0,34963.0,0.661,Echolocation,20220726_050000.WAV
1444.8565,1444.873,24609.0,35106.0,0.57,Echolocation,20220726_050000.WAV
1445.0235,1445.041,23750.0,35456.0,0.58,Echolocation,20220726_050000.WAV
1445.1845,1445.198,25468.0,35871.0,0.636,Echolocation,20220726_050000.WAV
1445.3855,1445.4001,25468.0,36746.0,0.582,Echolocation,20220726_050000.WAV
1445.5185,1445.5322,25468.0,36260.0,0.513,Echolocation,20220726_050000.WAV
1445.6125,1445.6214,25468.0,35749.0,0.593,Echolocation,20220726_050000.WAV
1446.2405,1446.2511,26328.0,39186.0,0.704,Echolocation,20220726_050000.WAV
1446.3425,1446.3514,26328.0,37924.0,0.62,Echolocation,20220726_050000.WAV
1446.4525,1446.4651,24609.0,35703.0,0.658,Echolocation,20220726_050000.WAV
1446.5805,1446.5927,24609.0,39163.0,0.627,Echolocation,20220726_050000.WAV
1446.7185,1446.7306,24609.0,36281.0,0.655,Echolocation,20220726_050000.WAV
1446.8495,1446.864,24609.0,35988.0,0.578,Echolocation,20220726_050000.WAV
1446.9845,1446.9979,24609.0,36523.0,0.648,Echolocation,20220726_050000.WAV
1447.1165,1447.1264,24609.0,36437.0,0.666,Echolocation,20220726_050000.WAV
1447.2405,1447.2515,24609.0,36887.0,0.683,Echolocation,20220726_050000.WAV
1447.3585,1447.3683,25468.0,36801.0,0.654,Echolocation,20220726_050000.WAV
1447.4775,1447.4876,25468.0,36200.0,0.641,Echolocation,20220726_050000.WAV
1447.5955,1447.6062,24609.0,33337.0,0.665,Echolocation,20220726_050000.WAV
1447.6965,1447.7058,25468.0,34492.0,0.685,Echolocation,20220726_050000.WAV
1447.7955,1447.8053,25468.0,33897.0,0.645,Echolocation,20220726_050000.WAV
1447.8885,1447.8967,25468.0,33389.0,0.573,Echolocation,20220726_050000.WAV
1447.9835,1447.9918,25468.0,34446.0,0.504,Echolocation,20220726_050000.WAV
1448.9815,1448.9896,24609.0,33293.0,0.51,Echolocation,20220726_050000.WAV
1449.0735,1449.0839,26328.0,34130.0,0.656,Echolocation,20220726_050000.WAV
1449.1705,1449.1814,24609.0,36642.0,0.705,Echolocation,20220726_050000.WAV
1449.2935,1449.306,22890.0,34093.0,0.681,Echolocation,20220726_050000.WAV
1449.5245,1449.5389,23750.0,33757.0,0.632,Echolocation,20220726_050000.WAV
1449.6685,1449.6802,24609.0,33457.0,0.66,Echolocation,20220726_050000.WAV
1449.9195,1449.9329,23750.0,31743.0,0.628,Echolocation,20220726_050000.WAV
1450.0715,1450.0834,23750.0,32228.0,0.685,Echolocation,20220726_050000.WAV
1450.3285,1450.3427,23750.0,31572.0,0.622,Echolocation,20220726_050000.WAV
1450.5985,1450.6135,23750.0,32795.0,0.638,Echolocation,20220726_050000.WAV
1450.8565,1450.8721,22890.0,31731.0,0.601,Echolocation,20220726_050000.WAV
1451.1135,1451.1277,22890.0,33523.0,0.614,Echolocation,20220726_050000.WAV
1451.2575,1451.2693,23750.0,32968.0,0.659,Echolocation,20220726_050000.WAV
1451.3725,1451.383,24609.0,31647.0,0.616,Echolocation,20220726_050000.WAV
1451.5815,1451.5919,24609.0,31651.0,0.67,Echolocation,20220726_050000.WAV
1451.6815,1451.6937,24609.0,32642.0,0.646,Echolocation,20220726_050000.WAV
1451.7905,1451.8002,25468.0,32455.0,0.622,Echolocation,20220726_050000.WAV
1451.9015,1451.9119,24609.0,32808.0,0.634,Echolocation,20220726_050000.WAV
1452.0145,1452.0236,25468.0,34243.0,0.626,Echolocation,20220726_050000.WAV
1452.1345,1452.145,24609.0,31896.0,0.562,Echolocation,20220726_050000.WAV
1452.2665,1452.2793,24609.0,34160.0,0.566,Echolocation,20220726_050000.WAV
1452.4115,1452.4215,23750.0,31388.0,0.597,Echolocation,20220726_050000.WAV
1452.6665,1452.6786,23750.0,32067.0,0.676,Echolocation,20220726_050000.WAV
1452.8065,1452.8176,23750.0,32523.0,0.65,Echolocation,20220726_050000.WAV
1453.9205,1453.9323,23750.0,32982.0,0.615,Echolocation,20220726_050000.WAV
1454.3005,1454.3134,23750.0,32287.0,0.613,Echolocation,20220726_050000.WAV
1454.4475,1454.4593,23750.0,32666.0,0.63,Echolocation,20220726_050000.WAV
1454.6975,1454.7105,23750.0,33326.0,0.634,Echolocation,20220726_050000.WAV
1454.8445,1454.8553,25468.0,31545.0,0.561,Echolocation,20220726_050000.WAV
1455.1005,1455.1127,23750.0,32412.0,0.638,Echolocation,20220726_050000.WAV
1455.2495,1455.2616,23750.0,32879.0,0.612,Echolocation,20220726_050000.WAV
1455.5025,1455.5151,24609.0,34912.0,0.622,Echolocation,20220726_050000.WAV
1455.6575,1455.6687,24609.0,30981.0,0.634,Echolocation,20220726_050000.WAV
1455.8175,1455.8294,24609.0,33513.0,0.655,Echolocation,20220726_050000.WAV
1456.0225,1456.0333,23750.0,32648.0,0.671,Echolocation,20220726_050000.WAV
1456.1795,1456.1908,24609.0,34940.0,0.66,Echolocation,20220726_050000.WAV
1456.3475,1456.3582,24609.0,33800.0,0.656,Echolocation,20220726_050000.WAV
1457.7465,1457.7562,25468.0,32335.0,0.542,Echolocation,20220726_050000.WAV
1458.0855,1458.0969,24609.0,30653.0,0.574,Echolocation,20220726_050000.WAV
1458.4165,1458.4258,25468.0,32796.0,0.626,Echolocation,20220726_050000.WAV
1458.6565,1458.6659,24609.0,31354.0,0.592,Echolocation,20220726_050000.WAV
1459.2815,1459.2922,25468.0,32076.0,0.604,Echolocation,20220726_050000.WAV
1459.7925,1459.8021,24609.0,30886.0,0.506,Echolocation,20220726_050000.WAV
1471.8055,1471.8206,24609.0,30323.0,0.558,Echolocation,20220726_050000.WAV
1472.1655,1472.1827,23750.0,28443.0,0.546,Echolocation,20220726_050000.WAV
1473.7445,1473.7594,24609.0,28146.0,0.576,Echolocation,20220726_050000.WAV
1474.0055,1474.0206,23750.0,27693.0,0.586,Echolocation,20220726_050000.WAV
1474.2715,1474.288,23750.0,28369.0,0.564,Echolocation,20220726_050000.WAV
1475.2015,1475.2191,24609.0,27579.0,0.541,Echolocation,20220726_050000.WAV
1475.3315,1475.3445,25468.0,29567.0,0.579,Echolocation,20220726_050000.WAV
1476.2715,1476.2873,24609.0,27859.0,0.598,Echolocation,20220726_050000.WAV
1480.6565,1480.6652,26328.0,33901.0,0.522,Echolocation,20220726_050000.WAV
1481.1495,1481.159,24609.0,33419.0,0.636,Echolocation,20220726_050000.WAV
1481.4025,1481.4118,25468.0,32724.0,0.627,Echolocation,20220726_050000.WAV
1481.5485,1481.5587,25468.0,33089.0,0.616,Echolocation,20220726_050000.WAV
1481.6935,1481.7025,27187.0,33763.0,0.611,Echolocation,20220726_050000.WAV
1481.8315,1481.841,26328.0,33557.0,0.59,Echolocation,20220726_050000.WAV
1482.2325,1482.2429,24609.0,31445.0,0.669,Echolocation,20220726_050000.WAV
1482.4765,1482.4891,25468.0,34545.0,0.609,Echolocation,20220726_050000.WAV
1482.6155,1482.6262,24609.0,33981.0,0.673,Echolocation,20220726_050000.WAV
1482.8625,1482.8749,24609.0,32633.0,0.584,Echolocation,20220726_050000.WAV
1483.1205,1483.1321,24609.0,35017.0,0.68,Echolocation,20220726_050000.WAV
1483.2635,1483.2741,24609.0,33151.0,0.613,Echolocation,20220726_050000.WAV
1483.3915,1483.4012,27187.0,33248.0,0.519,Echolocation,20220726_050000.WAV
1483.6395,1483.6512,23750.0,33733.0,0.645,Echolocation,20220726_050000.WAV
1483.8975,1483.9118,23750.0,31694.0,0.56,Echolocation,20220726_050000.WAV
1484.0985,1484.108,26328.0,34789.0,0.578,Echolocation,20220726_050000.WAV
1484.1915,1484.2002,26328.0,34989.0,0.591,Echolocation,20220726_050000.WAV
1484.2755,1484.2852,25468.0,35806.0,0.651,Echolocation,20220726_050000.WAV
1484.3695,1484.3784,26328.0,34983.0,0.604,Echolocation,20220726_050000.WAV
1484.4775,1484.4855,27187.0,35733.0,0.616,Echolocation,20220726_050000.WAV
1484.5825,1484.5904,26328.0,35311.0,0.6,Echolocation,20220726_050000.WAV
1485.2295,1485.2399,25468.0,34029.0,0.64,Echolocation,20220726_050000.WAV
1485.3675,1485.3782,25468.0,35664.0,0.679,Echolocation,20220726_050000.WAV
1485.6135,1485.6271,23750.0,34959.0,0.591,Echolocation,20220726_050000.WAV
1485.7575,1485.7697,24609.0,35552.0,0.616,Echolocation,20220726_050000.WAV
1486.0055,1486.0186,24609.0,35360.0,0.562,Echolocation,20220726_050000.WAV
1486.2605,1486.2730999999999,24609.0,35512.0,0.616,Echolocation,20220726_050000.WAV
1486.5115,1486.5277,23750.0,34803.0,0.598,Echolocation,20220726_050000.WAV
1486.6615,1486.6773,23750.0,35523.0,0.611,Echolocation,20220726_050000.WAV
1486.9145,1486.9322,24609.0,36451.0,0.544,Echolocation,20220726_050000.WAV
1487.1645,1487.1798,24609.0,35014.0,0.585,Echolocation,20220726_050000.WAV
1487.3025,1487.3153,24609.0,34273.0,0.618,Echolocation,20220726_050000.WAV
1487.4305,1487.442,25468.0,34322.0,0.618,Echolocation,20220726_050000.WAV
1487.6755,1487.6891,25468.0,35702.0,0.635,Echolocation,20220726_050000.WAV
1487.8195,1487.8292,25468.0,34076.0,0.647,Echolocation,20220726_050000.WAV
1487.9515,1487.9635,25468.0,33225.0,0.591,Echolocation,20220726_050000.WAV
1488.2055,1488.2191,24609.0,34135.0,0.692,Echolocation,20220726_050000.WAV
1488.4695,1488.4817,25468.0,32298.0,0.637,Echolocation,20220726_050000.WAV
1488.7315,1488.7455,24609.0,31736.0,0.521,Echolocation,20220726_050000.WAV
1489.3795,1489.3947,24609.0,31128.0,0.543,Echolocation,20220726_050000.WAV
1494.9355,1494.9506,24609.0,31803.0,0.562,Echolocation,20220726_050000.WAV
1496.9795,1496.992,23750.0,30403.0,0.591,Echolocation,20220726_050000.WAV
0.1735,0.1856,24609.0,32221.0,0.602,Echolocation,20220726_053000.WAV
0.4265,0.438,24609.0,32994.0,0.672,Echolocation,20220726_053000.WAV
0.5625,0.5732,24609.0,33129.0,0.625,Echolocation,20220726_053000.WAV
0.8155,0.8272,25468.0,32850.0,0.581,Echolocation,20220726_053000.WAV
0.9515,0.9643,24609.0,32734.0,0.615,Echolocation,20220726_053000.WAV
1.2065,1.218,24609.0,33759.0,0.642,Echolocation,20220726_053000.WAV
1.5915,1.6065,24609.0,29377.0,0.574,Echolocation,20220726_053000.WAV
1.7245,1.7366,24609.0,33793.0,0.7,Echolocation,20220726_053000.WAV
1.8715,1.8837,24609.0,33954.0,0.626,Echolocation,20220726_053000.WAV
2.1235,2.1364,24609.0,34657.0,0.686,Echolocation,20220726_053000.WAV
2.2665,2.2786,24609.0,34940.0,0.661,Echolocation,20220726_053000.WAV
2.3895,2.4024,24609.0,35092.0,0.607,Echolocation,20220726_053000.WAV
2.5005,2.51,25468.0,34584.0,0.7,Echolocation,20220726_053000.WAV
2.6065,2.6176,25468.0,32863.0,0.651,Echolocation,20220726_053000.WAV
2.7275,2.7392,24609.0,33628.0,0.626,Echolocation,20220726_053000.WAV
2.8625,2.8741,25468.0,37207.0,0.694,Echolocation,20220726_053000.WAV
3.0065,3.0189,24609.0,34598.0,0.638,Echolocation,20220726_053000.WAV
3.2635,3.2787,24609.0,35236.0,0.611,Echolocation,20220726_053000.WAV
3.4085,3.4202,25468.0,35010.0,0.643,Echolocation,20220726_053000.WAV
3.6625,3.6783,23750.0,34698.0,0.567,Echolocation,20220726_053000.WAV
3.7745,3.7814,26328.0,35002.0,0.527,Echolocation,20220726_053000.WAV
3.8305,3.8377,27187.0,35977.0,0.577,Echolocation,20220726_053000.WAV
3.9005,3.9072,26328.0,34690.0,0.559,Echolocation,20220726_053000.WAV
3.9735,3.9807,26328.0,34764.0,0.559,Echolocation,20220726_053000.WAV
4.0585,4.0662,27187.0,35160.0,0.614,Echolocation,20220726_053000.WAV
5.3445,5.355,23750.0,33231.0,0.634,Echolocation,20220726_053000.WAV
5.4745,5.4849,25468.0,33412.0,0.576,Echolocation,20220726_053000.WAV
5.7115,5.7221,24609.0,32487.0,0.639,Echolocation,20220726_053000.WAV
5.8535,5.8655,23750.0,33393.0,0.643,Echolocation,20220726_053000.WAV
5.9915,6.002,24609.0,32389.0,0.558,Echolocation,20220726_053000.WAV
6.1195,6.1283,22890.0,32989.0,0.589,Echolocation,20220726_053000.WAV
7.1785,7.1872,24609.0,32073.0,0.576,Echolocation,20220726_053000.WAV
7.3065,7.315,25468.0,33603.0,0.642,Echolocation,20220726_053000.WAV
7.4335,7.4411,25468.0,33342.0,0.53,Echolocation,20220726_053000.WAV
7.5585,7.5671,26328.0,34895.0,0.639,Echolocation,20220726_053000.WAV
7.7915,7.8006,25468.0,33734.0,0.668,Echolocation,20220726_053000.WAV
7.9205,7.9295,26328.0,33570.0,0.619,Echolocation,20220726_053000.WAV
8.1565,8.1673,25468.0,33549.0,0.648,Echolocation,20220726_053000.WAV
8.2835,8.2953,24609.0,34203.0,0.644,Echolocation,20220726_053000.WAV
8.4655,8.476,25468.0,33263.0,0.659,Echolocation,20220726_053000.WAV
8.6005,8.6112,25468.0,32749.0,0.539,Echolocation,20220726_053000.WAV
8.7445,8.7537,25468.0,33264.0,0.616,Echolocation,20220726_053000.WAV
10.7075,10.7247,24609.0,28083.0,0.649,Echolocation,20220726_053000.WAV
12.8295,12.8498,24609.0,27778.0,0.514,Echolocation,20220726_053000.WAV
13.0975,13.1171,23750.0,27794.0,0.508,Echolocation,20220726_053000.WAV
14.0635,14.0781,24609.0,28933.0,0.597,Echolocation,20220726_053000.WAV
17.8765,17.8883,25468.0,32637.0,0.675,Echolocation,20220726_053000.WAV
18.1315,18.1444,23750.0,31382.0,0.511,Echolocation,20220726_053000.WAV
21.0555,21.0681,25468.0,32128.0,0.586,Echolocation,20220726_053000.WAV
22.3275,22.3367,25468.0,33093.0,0.569,Echolocation,20220726_053000.WAV
22.5525,22.5642,24609.0,33983.0,0.658,Echolocation,20220726_053000.WAV
22.6765,22.6857,26328.0,34583.0,0.607,Echolocation,20220726_053000.WAV
22.7175,22.7345,22890.0,27411.0,0.562,Echolocation,20220726_053000.WAV
22.7895,22.7977,27187.0,34269.0,0.626,Echolocation,20220726_053000.WAV
22.8745,22.882,24609.0,33766.0,0.527,Echolocation,20220726_053000.WAV
23.4705,23.4822,25468.0,33207.0,0.625,Echolocation,20220726_053000.WAV
23.7085,23.7218,23750.0,33228.0,0.616,Echolocation,20220726_053000.WAV
23.9705,23.9835,24609.0,33163.0,0.584,Echolocation,20220726_053000.WAV
24.1245,24.1372,23750.0,33998.0,0.645,Echolocation,20220726_053000.WAV
24.2695,24.2822,25468.0,36077.0,0.625,Echolocation,20220726_053000.WAV
24.3965,24.409,25468.0,35170.0,0.698,Echolocation,20220726_053000.WAV
24.4955,24.5061,26328.0,34811.0,0.687,Echolocation,20220726_053000.WAV
24.5945,24.6041,26328.0,34117.0,0.56,Echolocation,20220726_053000.WAV
24.6875,24.6965,26328.0,33304.0,0.68,Echolocation,20220726_053000.WAV
24.7615,24.7701,27187.0,33835.0,0.553,Echolocation,20220726_053000.WAV
25.8725,25.882,25468.0,33803.0,0.644,Echolocation,20220726_053000.WAV
26.7075,26.7177,24609.0,34718.0,0.683,Echolocation,20220726_053000.WAV
27.1615,27.1739,23750.0,33188.0,0.604,Echolocation,20220726_053000.WAV
27.4055,27.4199,22890.0,32048.0,0.651,Echolocation,20220726_053000.WAV
29.8755,29.8916,23750.0,28375.0,0.545,Echolocation,20220726_053000.WAV
30.2625,30.2798,23750.0,27351.0,0.509,Echolocation,20220726_053000.WAV
32.0165,32.0368,22890.0,28673.0,0.502,Echolocation,20220726_053000.WAV
57.6145,57.624700000000004,24609.0,30258.0,0.528,Echolocation,20220726_053000.WAV
366.1035,366.1178,23750.0,28362.0,0.588,Echolocation,20220726_053000.WAV
366.3485,366.3666,23750.0,27952.0,0.524,Echolocation,20220726_053000.WAV
367.3585,367.3756,23750.0,28811.0,0.526,Echolocation,20220726_053000.WAV
367.7405,367.7571,24609.0,27125.0,0.508,Echolocation,20220726_053000.WAV
368.3935,368.4097,23750.0,27489.0,0.608,Echolocation,20220726_053000.WAV
368.6635,368.6809,23750.0,27575.0,0.559,Echolocation,20220726_053000.WAV
369.2905,369.3081,24609.0,27935.0,0.521,Echolocation,20220726_053000.WAV
369.4085,369.4211,25468.0,30465.0,0.525,Echolocation,20220726_053000.WAV
369.5195,369.5324,25468.0,30028.0,0.553,Echolocation,20220726_053000.WAV
370.3785,370.3928,24609.0,28512.0,0.617,Echolocation,20220726_053000.WAV
388.16949999999997,388.1819,25468.0,31439.0,0.517,Echolocation,20220726_053000.WAV
390.1305,390.142,25468.0,31414.0,0.571,Echolocation,20220726_053000.WAV
390.9235,390.937,25468.0,30481.0,0.623,Echolocation,20220726_053000.WAV
391.2005,391.2114,26328.0,31292.0,0.583,Echolocation,20220726_053000.WAV
409.8665,409.8877,17734.0,19506.0,0.553,Echolocation,20220726_053000.WAV
410.9715,410.9907,17734.0,20541.0,0.593,Echolocation,20220726_053000.WAV
411.39549999999997,411.413,18593.0,21128.0,0.559,Echolocation,20220726_053000.WAV
418.2095,418.2253,23750.0,28286.0,0.539,Echolocation,20220726_053000.WAV
418.6995,418.7164,24609.0,28105.0,0.515,Echolocation,20220726_053000.WAV
418.9545,418.97180000000003,24609.0,28174.0,0.557,Echolocation,20220726_053000.WAV
419.4815,419.4982,24609.0,29388.0,0.583,Echolocation,20220726_053000.WAV
419.6195,419.6341,22890.0,27512.0,0.552,Echolocation,20220726_053000.WAV
739.2185,739.2349,23750.0,28953.0,0.537,Echolocation,20220726_053000.WAV
743.9895,744.0045,23750.0,28454.0,0.506,Echolocation,20220726_053000.WAV
745.9535,745.9656,24609.0,30483.0,0.609,Echolocation,20220726_053000.WAV
746.0865,746.1035,23750.0,27027.0,0.632,Echolocation,20220726_053000.WAV
746.3565,746.3743,23750.0,26389.0,0.649,Echolocation,20220726_053000.WAV
747.0645,747.0827,23750.0,27703.0,0.598,Echolocation,20220726_053000.WAV
748.1825,748.1996,23750.0,26581.0,0.633,Echolocation,20220726_053000.WAV
748.3015,748.3134,24609.0,29099.0,0.573,Echolocation,20220726_053000.WAV
749.5125,749.529,23750.0,27771.0,0.535,Echolocation,20220726_053000.WAV
749.7785,749.7967,23750.0,26756.0,0.614,Echolocation,20220726_053000.WAV
753.2795,753.2963,23750.0,27989.0,0.507,Echolocation,20220726_053000.WAV
753.5515,753.5664,23750.0,27804.0,0.523,Echolocation,20220726_053000.WAV
753.9555,753.9695,23750.0,29770.0,0.526,Echolocation,20220726_053000.WAV
756.6915,756.7087,23750.0,28465.0,0.559,Echolocation,20220726_053000.WAV
759.0555,759.0734,23750.0,27494.0,0.55,Echolocation,20220726_053000.WAV
759.3345,759.3519,22890.0,27074.0,0.515,Echolocation,20220726_053000.WAV
759.6025,759.6206,23750.0,28523.0,0.547,Echolocation,20220726_053000.WAV
759.8745,759.8893,22890.0,28102.0,0.55,Echolocation,20220726_053000.WAV
760.1545,760.1711,23750.0,29360.0,0.568,Echolocation,20220726_053000.WAV
760.2705,760.281,24609.0,31761.0,0.614,Echolocation,20220726_053000.WAV
760.3585,760.3689,24609.0,30397.0,0.518,Echolocation,20220726_053000.WAV
761.3355,761.3508,23750.0,29783.0,0.594,Echolocation,20220726_053000.WAV
766.1605,766.1756,22890.0,27218.0,0.575,Echolocation,20220726_053000.WAV
772.0735,772.0893,23750.0,29646.0,0.508,Echolocation,20220726_053000.WAV
1114.4775,1114.4934,23750.0,29935.0,0.52,Echolocation,20220726_053000.WAV
1115.4915,1115.509,24609.0,27302.0,0.519,Echolocation,20220726_053000.WAV
1115.8565,1115.873,24609.0,29344.0,0.521,Echolocation,20220726_053000.WAV
389.7375,389.751,23750.0,28967.0,0.521,Echolocation,20220726_060000.WAV
405.7465,405.7624,21171.0,25588.0,0.558,Echolocation,20220726_060000.WAV
408.4485,408.46659999999997,22031.0,25791.0,0.525,Echolocation,20220726_060000.WAV
408.7165,408.7342,22031.0,25258.0,0.584,Echolocation,20220726_060000.WAV
408.8625,408.8795,22031.0,26124.0,0.614,Echolocation,20220726_060000.WAV
408.9835,408.9964,22890.0,27774.0,0.68,Echolocation,20220726_060000.WAV
409.4295,409.447,22031.0,26318.0,0.557,Echolocation,20220726_060000.WAV
409.5525,409.5672,22031.0,27045.0,0.621,Echolocation,20220726_060000.WAV
409.8345,409.8518,22031.0,26137.0,0.571,Echolocation,20220726_060000.WAV
410.1755,410.1929,22031.0,25245.0,0.516,Echolocation,20220726_060000.WAV
410.6265,410.642,22031.0,26415.0,0.533,Echolocation,20220726_060000.WAV
410.9545,410.9732,22031.0,25193.0,0.565,Echolocation,20220726_060000.WAV
411.3995,411.4142,22031.0,27938.0,0.52,Echolocation,20220726_060000.WAV
411.8165,411.831,22031.0,25972.0,0.534,Echolocation,20220726_060000.WAV
415.10450000000003,415.122,22031.0,26338.0,0.574,Echolocation,20220726_060000.WAV
415.4655,415.4831,22031.0,26308.0,0.539,Echolocation,20220726_060000.WAV
415.7835,415.8004,22031.0,25294.0,0.534,Echolocation,20220726_060000.WAV
416.2355,416.25,22890.0,27044.0,0.506,Echolocation,20220726_060000.WAV
416.77049999999997,416.7873,22890.0,26695.0,0.521,Echolocation,20220726_060000.WAV
417.0295,417.0465,21171.0,26168.0,0.545,Echolocation,20220726_060000.WAV
418.2515,418.2711,22031.0,24280.0,0.527,Echolocation,20220726_060000.WAV
418.5005,418.5184,21171.0,24959.0,0.531,Echolocation,20220726_060000.WAV
418.9995,419.0179,21171.0,24807.0,0.536,Echolocation,20220726_060000.WAV
726.6115,726.6277,23750.0,28283.0,0.542,Echolocation,20220726_060000.WAV
739.2215,739.2428,22031.0,25442.0,0.529,Echolocation,20220726_060000.WAV
741.1015,741.1231,22031.0,25692.0,0.58,Echolocation,20220726_060000.WAV
741.3615,741.3796,22031.0,24700.0,0.558,Echolocation,20220726_060000.WAV
741.7495,741.7686,22031.0,25504.0,0.551,Echolocation,20220726_060000.WAV
763.1125,763.1309,20312.0,23402.0,0.514,Echolocation,20220726_060000.WAV
763.6375,763.6601,18593.0,21091.0,0.661,Echolocation,20220726_060000.WAV
764.0685,764.0854,17734.0,22199.0,0.575,Echolocation,20220726_060000.WAV
764.9645,764.9771,23750.0,28983.0,0.556,Echolocation,20220726_060000.WAV
765.3575,765.3702,20312.0,25527.0,0.565,Echolocation,20220726_060000.WAV
1444.5025,1444.5204,23750.0,33060.0,0.537,Echolocation,20220726_060000.WAV
1447.6635,1447.679,24609.0,31966.0,0.506,Echolocation,20220726_060000.WAV
1448.3985,1448.4154,24609.0,32999.0,0.518,Echolocation,20220726_060000.WAV
1449.1785,1449.1946,23750.0,31184.0,0.53,Echolocation,20220726_060000.WAV
1450.8075,1450.8223,24609.0,33362.0,0.58,Echolocation,20220726_060000.WAV
1451.0555,1451.0735,24609.0,35259.0,0.578,Echolocation,20220726_060000.WAV
1451.3315,1451.3521,22890.0,33532.0,0.523,Echolocation,20220726_060000.WAV
1451.7925,1451.808,22890.0,31020.0,0.56,Echolocation,20220726_060000.WAV
1452.1205,1452.139,22890.0,32954.0,0.553,Echolocation,20220726_060000.WAV
1452.5875,1452.5997,26328.0,34757.0,0.569,Echolocation,20220726_060000.WAV
1452.9995,1453.0151,23750.0,30547.0,0.505,Echolocation,20220726_060000.WAV
1454.8245,1454.8417,28046.0,35090.0,0.506,Echolocation,20220726_060000.WAV
1459.9405,1459.9553,26328.0,30884.0,0.613,Echolocation,20220726_060000.WAV
1460.1955,1460.208,26328.0,31158.0,0.523,Echolocation,20220726_060000.WAV
1460.8555,1460.8729,26328.0,32562.0,0.546,Echolocation,20220726_060000.WAV
1461.6295,1461.6422,27187.0,34832.0,0.605,Echolocation,20220726_060000.WAV
1463.0225,1463.0389,27187.0,35195.0,0.539,Echolocation,20220726_060000.WAV
1464.4535,1464.4696,28046.0,35144.0,0.503,Echolocation,20220726_060000.WAV
1465.1145,1465.1299,26328.0,34402.0,0.551,Echolocation,20220726_060000.WAV
1466.8775,1466.8952,24609.0,31871.0,0.503,Echolocation,20220726_060000.WAV
1467.6715,1467.6852,26328.0,36518.0,0.521,Echolocation,20220726_060000.WAV
1468.4775,1468.496,24609.0,35016.0,0.501,Echolocation,20220726_060000.WAV
1472.0195,1472.034,22031.0,30370.0,0.55,Echolocation,20220726_060000.WAV
1472.3005,1472.3158,24609.0,31580.0,0.584,Echolocation,20220726_060000.WAV
1473.1465,1473.1622,22890.0,29964.0,0.523,Echolocation,20220726_060000.WAV
1473.5615,1473.5789,23750.0,29385.0,0.529,Echolocation,20220726_060000.WAV
1473.6875,1473.6997,25468.0,30694.0,0.63,Echolocation,20220726_060000.WAV
1473.9695,1473.9801,26328.0,32493.0,0.59,Echolocation,20220726_060000.WAV
1474.1425,1474.1519,27187.0,33940.0,0.645,Echolocation,20220726_060000.WAV
1474.2335,1474.2426,27187.0,33804.0,0.555,Echolocation,20220726_060000.WAV
1475.5215,1475.5326,26328.0,31452.0,0.519,Echolocation,20220726_060000.WAV
1475.8625,1475.8733,26328.0,31533.0,0.512,Echolocation,20220726_060000.WAV
1476.0415,1476.0545,26328.0,30677.0,0.61,Echolocation,20220726_060000.WAV
1476.2305,1476.2409,26328.0,32307.0,0.601,Echolocation,20220726_060000.WAV
1476.4185,1476.4303,26328.0,32457.0,0.574,Echolocation,20220726_060000.WAV
1476.4935,1476.5113,23750.0,27235.0,0.578,Echolocation,20220726_060000.WAV
1476.6175,1476.629,26328.0,32165.0,0.652,Echolocation,20220726_060000.WAV
1476.8175,1476.8304,26328.0,32181.0,0.547,Echolocation,20220726_060000.WAV
1476.9525,1476.9684,23750.0,28340.0,0.507,Echolocation,20220726_060000.WAV
1477.0245,1477.0371,26328.0,32351.0,0.624,Echolocation,20220726_060000.WAV
1477.2365,1477.2481,26328.0,32573.0,0.608,Echolocation,20220726_060000.WAV
1477.3455,1477.3574,25468.0,33225.0,0.618,Echolocation,20220726_060000.WAV
1477.4535,1477.4641,26328.0,33308.0,0.654,Echolocation,20220726_060000.WAV
1477.5775,1477.5893,26328.0,34081.0,0.591,Echolocation,20220726_060000.WAV
1477.8075,1477.8148,26328.0,34208.0,0.552,Echolocation,20220726_060000.WAV
1478.1745,1478.1948,23750.0,27635.0,0.509,Echolocation,20220726_060000.WAV
1478.3485,1478.3619,27187.0,31758.0,0.501,Echolocation,20220726_060000.WAV
1478.4715,1478.4865,24609.0,31950.0,0.524,Echolocation,20220726_060000.WAV
1478.6305,1478.6449,24609.0,32119.0,0.563,Echolocation,20220726_060000.WAV
1479.1635,1479.1788,24609.0,31129.0,0.576,Echolocation,20220726_060000.WAV
1479.8515,1479.8671,23750.0,30580.0,0.588,Echolocation,20220726_060000.WAV
1479.9075,1479.9242,23750.0,29413.0,0.528,Echolocation,20220726_060000.WAV
1480.1325,1480.1497,22890.0,29331.0,0.5,Echolocation,20220726_060000.WAV
1480.4285,1480.444,23750.0,29659.0,0.532,Echolocation,20220726_060000.WAV
1480.6915,1480.7078,23750.0,31786.0,0.574,Echolocation,20220726_060000.WAV
1480.8365,1480.8531,23750.0,27365.0,0.622,Echolocation,20220726_060000.WAV
1480.9665,1480.9843,22890.0,29660.0,0.545,Echolocation,20220726_060000.WAV
1481.1835,1481.2002,23750.0,26765.0,0.546,Echolocation,20220726_060000.WAV
1481.2505,1481.2661,23750.0,28726.0,0.54,Echolocation,20220726_060000.WAV
1481.3755,1481.3866,25468.0,32375.0,0.599,Echolocation,20220726_060000.WAV
1481.4125,1481.4308,23750.0,28085.0,0.566,Echolocation,20220726_060000.WAV
1481.7265,1481.7428,23750.0,30059.0,0.629,Echolocation,20220726_060000.WAV
1481.8045,1481.816,25468.0,31839.0,0.516,Echolocation,20220726_060000.WAV
1481.9305,1481.9396,26328.0,33256.0,0.563,Echolocation,20220726_060000.WAV
1482.0245,1482.0417,22890.0,27339.0,0.57,Echolocation,20220726_060000.WAV
1482.0575,1482.0678,26328.0,31999.0,0.538,Echolocation,20220726_060000.WAV
1482.1845,1482.1973,25468.0,31408.0,0.606,Echolocation,20220726_060000.WAV
1482.3275,1482.3369,25468.0,34211.0,0.636,Echolocation,20220726_060000.WAV
1482.4745,1482.4842,25468.0,34058.0,0.67,Echolocation,20220726_060000.WAV
1482.5975,1482.6068,27187.0,34728.0,0.501,Echolocation,20220726_060000.WAV
1482.6555,1482.6712,23750.0,29044.0,0.689,Echolocation,20220726_060000.WAV
1482.9585,1482.9752,23750.0,28743.0,0.632,Echolocation,20220726_060000.WAV
1483.2915,1483.3082,23750.0,28803.0,0.613,Echolocation,20220726_060000.WAV
1483.4475,1483.4609,24609.0,31071.0,0.641,Echolocation,20220726_060000.WAV
1483.6055,1483.6223,23750.0,28036.0,0.604,Echolocation,20220726_060000.WAV
1483.9255,1483.9418,23750.0,27929.0,0.67,Echolocation,20220726_060000.WAV
1484.1225,1484.1387,25468.0,33066.0,0.601,Echolocation,20220726_060000.WAV
1484.3655,1484.3817,24609.0,32444.0,0.572,Echolocation,20220726_060000.WAV
1484.9285,1484.9408,26328.0,33225.0,0.643,Echolocation,20220726_060000.WAV
1484.9655,1484.9786,22890.0,28741.0,0.598,Echolocation,20220726_060000.WAV
1485.1425,1485.1587,24609.0,30127.0,0.595,Echolocation,20220726_060000.WAV
1485.3095,1485.3268,24609.0,31702.0,0.552,Echolocation,20220726_060000.WAV
1485.5235,1485.5382,25468.0,32943.0,0.608,Echolocation,20220726_060000.WAV
1485.7335,1485.7471,24609.0,33074.0,0.611,Echolocation,20220726_060000.WAV
1485.9415,1485.9572,24609.0,34235.0,0.527,Echolocation,20220726_060000.WAV
1486.0725,1486.0831,26328.0,34710.0,0.53,Echolocation,20220726_060000.WAV
1486.1825,1486.1992,23750.0,28748.0,0.539,Echolocation,20220726_060000.WAV
1486.2555,1486.2645,26328.0,33848.0,0.581,Echolocation,20220726_060000.WAV
1486.3945,1486.4042,27187.0,34874.0,0.563,Echolocation,20220726_060000.WAV
1487.0645,1487.0808,24609.0,30492.0,0.635,Echolocation,20220726_060000.WAV
1487.3345,1487.3508,24609.0,29478.0,0.67,Echolocation,20220726_060000.WAV
1487.6815,1487.6965,24609.0,28997.0,0.723,Echolocation,20220726_060000.WAV
1488.0615,1488.0781,23750.0,27638.0,0.691,Echolocation,20220726_060000.WAV
1488.3885,1488.4046,23750.0,28828.0,0.652,Echolocation,20220726_060000.WAV
1489.1165,1489.1354,23750.0,28793.0,0.567,Echolocation,20220726_060000.WAV
1489.2955,1489.3153,24609.0,33527.0,0.505,Echolocation,20220726_060000.WAV
1490.7615,1490.7767,25468.0,34099.0,0.55,Echolocation,20220726_060000.WAV
1491.0725,1491.0897,23750.0,30924.0,0.541,Echolocation,20220726_060000.WAV
1493.5355,1493.5538,24609.0,32936.0,0.524,Echolocation,20220726_060000.WAV
1494.5495,1494.5652,23750.0,30082.0,0.501,Echolocation,20220726_060000.WAV
1495.0935,1495.1109,24609.0,29986.0,0.505,Echolocation,20220726_060000.WAV
1495.5425,1495.5569,24609.0,33141.0,0.606,Echolocation,20220726_060000.WAV
1495.7315,1495.7452,25468.0,32780.0,0.658,Echolocation,20220726_060000.WAV
1495.9365,1495.9518,25468.0,32148.0,0.524,Echolocation,20220726_060000.WAV
1496.1275,1496.1408,25468.0,32785.0,0.577,Echolocation,20220726_060000.WAV
1496.3075,1496.3223,25468.0,32114.0,0.521,Echolocation,20220726_060000.WAV
1496.4555,1496.4693,25468.0,32604.0,0.517,Echolocation,20220726_060000.WAV
1497.4025,1497.4202,23750.0,29251.0,0.577,Echolocation,20220726_060000.WAV
1497.4435,1497.4603,25468.0,30740.0,0.519,Echolocation,20220726_060000.WAV
1497.6035,1497.6178,25468.0,32531.0,0.556,Echolocation,20220726_060000.WAV
1497.9765,1497.9939,24609.0,27996.0,0.525,Echolocation,20220726_060000.WAV
1498.1265,1498.1423,24609.0,31747.0,0.532,Echolocation,20220726_060000.WAV
1498.7995,1498.8141,24609.0,31634.0,0.514,Echolocation,20220726_060000.WAV
1499.2145,1499.2275,25468.0,41601.0,0.687,Echolocation,20220726_060000.WAV
1499.3525,1499.3643,26328.0,37312.0,0.586,Echolocation,20220726_060000.WAV
1499.5125,1499.5228,27187.0,36281.0,0.666,Echolocation,20220726_060000.WAV
1499.6465,1499.6564,28046.0,36069.0,0.528,Echolocation,20220726_060000.WAV
1499.8085,1499.8228,26328.0,38133.0,0.592,Echolocation,20220726_060000.WAV
1499.9825,1499.9969,22890.0,27751.0,0.664,Echolocation,20220726_060000.WAV
735.3935,735.4056,24609.0,29784.0,0.641,Echolocation,20220726_063000.WAV
747.6325,747.6468,25468.0,28905.0,0.57,Echolocation,20220726_063000.WAV
747.8845,747.8987,24609.0,29291.0,0.625,Echolocation,20220726_063000.WAV
750.3145,750.3294,24609.0,28572.0,0.541,Echolocation,20220726_063000.WAV
759.0565,759.0721,24609.0,28587.0,0.581,Echolocation,20220726_063000.WAV
761.9715,761.9872,24609.0,28472.0,0.578,Echolocation,20220726_063000.WAV
763.5325,763.5504,23750.0,28488.0,0.508,Echolocation,20220726_063000.WAV
1120.3465,1120.3626,24609.0,28114.0,0.546,Echolocation,20220726_063000.WAV
1120.6025,1120.6183,24609.0,28214.0,0.591,Echolocation,20220726_063000.WAV
1121.3565,1121.3751,23750.0,28253.0,0.51,Echolocation,20220726_063000.WAV
1121.7485,1121.7654,24609.0,27953.0,0.53,Echolocation,20220726_063000.WAV
1122.6795,1122.6954,24609.0,29013.0,0.626,Echolocation,20220726_063000.WAV
1123.0395,1123.0589,24609.0,27761.0,0.538,Echolocation,20220726_063000.WAV
1125.9585,1125.9734,23750.0,27923.0,0.517,Echolocation,20220726_063000.WAV
1489.3265,1489.3419,24609.0,28844.0,0.575,Echolocation,20220726_063000.WAV
1489.8915,1489.9067,25468.0,28654.0,0.604,Echolocation,20220726_063000.WAV
1490.7825,1490.7959,24609.0,28914.0,0.594,Echolocation,20220726_063000.WAV
1491.1285,1491.1441,24609.0,28491.0,0.526,Echolocation,20220726_063000.WAV
1491.7655,1491.7815,24609.0,27896.0,0.569,Echolocation,20220726_063000.WAV
13.4125,13.426,25468.0,29332.0,0.54,Echolocation,20220726_070000.WAV
14.9745,14.9888,22890.0,26591.0,0.566,Echolocation,20220726_070000.WAV
15.7105,15.7261,25468.0,30010.0,0.574,Echolocation,20220726_070000.WAV
16.0565,16.0712,25468.0,29623.0,0.618,Echolocation,20220726_070000.WAV
16.2885,16.305,24609.0,28519.0,0.573,Echolocation,20220726_070000.WAV
16.6375,16.6543,24609.0,28868.0,0.559,Echolocation,20220726_070000.WAV
16.8805,16.8982,24609.0,28045.0,0.514,Echolocation,20220726_070000.WAV
17.4785,17.4921,25468.0,29566.0,0.606,Echolocation,20220726_070000.WAV
18.1175,18.1329,24609.0,28033.0,0.528,Echolocation,20220726_070000.WAV
368.4865,368.5016,24609.0,28491.0,0.544,Echolocation,20220726_070000.WAV
375.3575,375.3713,25468.0,28121.0,0.596,Echolocation,20220726_070000.WAV
376.4335,376.4467,26328.0,31221.0,0.59,Echolocation,20220726_070000.WAV
376.6995,376.7116,27187.0,32960.0,0.524,Echolocation,20220726_070000.WAV
377.4735,377.4865,27187.0,33511.0,0.539,Echolocation,20220726_070000.WAV
378.5885,378.6051,25468.0,29689.0,0.591,Echolocation,20220726_070000.WAV
379.7115,379.7256,25468.0,29904.0,0.59,Echolocation,20220726_070000.WAV
380.5665,380.5806,26328.0,30729.0,0.571,Echolocation,20220726_070000.WAV
380.7835,380.797,25468.0,31314.0,0.561,Echolocation,20220726_070000.WAV
381.0435,381.0597,25468.0,29564.0,0.58,Echolocation,20220726_070000.WAV
412.89549999999997,412.9132,21171.0,24887.0,0.528,Echolocation,20220726_070000.WAV
415.1235,415.1295,41796.0,55526.0,0.517,Echolocation,20220726_070000.WAV
415.2095,415.2155,41796.0,54305.0,0.536,Echolocation,20220726_070000.WAV
415.3055,415.3119,40937.0,54513.0,0.571,Echolocation,20220726_070000.WAV
415.4965,415.5047,41796.0,53355.0,0.538,Echolocation,20220726_070000.WAV
415.6295,415.6382,41796.0,60545.0,0.63,Echolocation,20220726_070000.WAV
415.7755,415.782,41796.0,62185.0,0.653,Echolocation,20220726_070000.WAV
415.9445,415.9533,40078.0,59519.0,0.582,Echolocation,20220726_070000.WAV
416.0425,416.0511,40937.0,60475.0,0.577,Echolocation,20220726_070000.WAV
416.2615,416.2692,43515.0,54327.0,0.5,Echolocation,20220726_070000.WAV
416.3185,416.3269,40937.0,65939.0,0.517,Echolocation,20220726_070000.WAV
416.5005,416.508,40078.0,56924.0,0.607,Echolocation,20220726_070000.WAV
416.5865,416.5949,39218.0,59630.0,0.512,Echolocation,20220726_070000.WAV
416.7115,416.7215,43515.0,61511.0,0.509,Echolocation,20220726_070000.WAV
416.7745,416.7831,40078.0,62453.0,0.636,Echolocation,20220726_070000.WAV
416.8705,416.8791,39218.0,63522.0,0.581,Echolocation,20220726_070000.WAV
416.9805,416.9907,43515.0,63142.0,0.547,Echolocation,20220726_070000.WAV
417.1645,417.172,42656.0,58602.0,0.576,Echolocation,20220726_070000.WAV
417.2265,417.2361,39218.0,61503.0,0.587,Echolocation,20220726_070000.WAV
417.2545,417.2624,45234.0,61937.0,0.517,Echolocation,20220726_070000.WAV
417.4075,417.41700000000003,39218.0,64971.0,0.603,Echolocation,20220726_070000.WAV
417.5045,417.5137,40078.0,59132.0,0.583,Echolocation,20220726_070000.WAV
417.6755,417.684,40078.0,63210.0,0.574,Echolocation,20220726_070000.WAV
417.7075,417.7156,44375.0,65573.0,0.523,Echolocation,20220726_070000.WAV
417.8785,417.8859,39218.0,56592.0,0.639,Echolocation,20220726_070000.WAV
418.1505,418.1591,39218.0,66033.0,0.57,Echolocation,20220726_070000.WAV
418.5265,418.5336,40078.0,50595.0,0.541,Echolocation,20220726_070000.WAV
418.6195,418.6282,39218.0,59410.0,0.524,Echolocation,20220726_070000.WAV
418.7135,418.7223,39218.0,51985.0,0.658,Echolocation,20220726_070000.WAV
418.8935,418.9029,39218.0,57224.0,0.517,Echolocation,20220726_070000.WAV
418.9935,419.0019,40078.0,50572.0,0.505,Echolocation,20220726_070000.WAV
419.0855,419.0922,40078.0,64556.0,0.523,Echolocation,20220726_070000.WAV
419.1755,419.1826,41796.0,64513.0,0.514,Echolocation,20220726_070000.WAV
419.2635,419.2735,39218.0,54665.0,0.548,Echolocation,20220726_070000.WAV
419.72950000000003,419.7352,41796.0,58323.0,0.521,Echolocation,20220726_070000.WAV
726.6145,726.6293,24609.0,29030.0,0.506,Echolocation,20220726_070000.WAV
727.7105,727.7262,25468.0,28887.0,0.541,Echolocation,20220726_070000.WAV
728.2075,728.2229,24609.0,28272.0,0.578,Echolocation,20220726_070000.WAV
1082.8245,1082.8384,24609.0,28759.0,0.544,Echolocation,20220726_070000.WAV
1104.8135,1104.8256,24609.0,28915.0,0.683,Echolocation,20220726_070000.WAV
1456.4885,1456.5011,24609.0,29210.0,0.529,Echolocation,20220726_070000.WAV
410.8535,410.8723,22031.0,26429.0,0.517,Echolocation,20220726_073000.WAV
411.7495,411.7657,22890.0,26446.0,0.682,Echolocation,20220726_073000.WAV
412.2045,412.2219,22890.0,26219.0,0.679,Echolocation,20220726_073000.WAV
412.6435,412.6611,22890.0,25445.0,0.589,Echolocation,20220726_073000.WAV
413.0875,413.1078,22890.0,26822.0,0.503,Echolocation,20220726_073000.WAV
413.5465,413.5668,22031.0,26160.0,0.591,Echolocation,20220726_073000.WAV
414.1305,414.151,22031.0,25875.0,0.564,Echolocation,20220726_073000.WAV
415.1925,415.2158,22031.0,25588.0,0.515,Echolocation,20220726_073000.WAV
415.6335,415.6547,22031.0,25690.0,0.551,Echolocation,20220726_073000.WAV
416.0785,416.0979,22890.0,25063.0,0.576,Echolocation,20220726_073000.WAV
416.2655,416.2822,22890.0,27787.0,0.598,Echolocation,20220726_073000.WAV
416.5155,416.533,22890.0,25928.0,0.624,Echolocation,20220726_073000.WAV
416.9265,416.9474,22031.0,25469.0,0.609,Echolocation,20220726_073000.WAV
417.5395,417.5579,22031.0,25917.0,0.587,Echolocation,20220726_073000.WAV
417.9835,418.0009,22890.0,26018.0,0.613,Echolocation,20220726_073000.WAV
419.1035,419.12,24609.0,32786.0,0.521,Echolocation,20220726_073000.WAV
419.2415,419.2584,24609.0,33375.0,0.535,Echolocation,20220726_073000.WAV
419.3895,419.4049,24609.0,32475.0,0.578,Echolocation,20220726_073000.WAV
778.2205,778.2313,37500.0,43148.0,0.552,Echolocation,20220726_073000.WAV
779.1275,779.1375,37500.0,44288.0,0.528,Echolocation,20220726_073000.WAV
387.3665,387.3835,24609.0,28961.0,0.565,Echolocation,20220726_080000.WAV
388.2375,388.2574,23750.0,27295.0,0.52,Echolocation,20220726_080000.WAV
403.3785,403.3952,20312.0,22976.0,0.617,Echolocation,20220726_080000.WAV
411.2995,411.3159,23750.0,27486.0,0.603,Echolocation,20220726_080000.WAV
411.8785,411.8983,23750.0,27664.0,0.507,Echolocation,20220726_080000.WAV
412.7385,412.7577,23750.0,27583.0,0.557,Echolocation,20220726_080000.WAV
417.7715,417.7876,23750.0,27829.0,0.65,Echolocation,20220726_080000.WAV
418.3705,418.3905,23750.0,27575.0,0.526,Echolocation,20220726_080000.WAV
419.1125,419.1316,23750.0,27536.0,0.51,Echolocation,20220726_080000.WAV
364.4945,364.5031,37500.0,45689.0,0.566,Echolocation,20220726_083000.WAV
364.6065,364.6144,38359.0,45496.0,0.581,Echolocation,20220726_083000.WAV
743.8925,743.9097,22890.0,27187.0,0.611,Echolocation,20220726_083000.WAV
744.5825,744.6002,23750.0,26895.0,0.562,Echolocation,20220726_083000.WAV
744.9895,745.0065,23750.0,27464.0,0.564,Echolocation,20220726_083000.WAV
745.2615,745.2782,23750.0,26985.0,0.679,Echolocation,20220726_083000.WAV
745.5355,745.5522,23750.0,27518.0,0.663,Echolocation,20220726_083000.WAV
745.8135,745.8307,23750.0,27187.0,0.567,Echolocation,20220726_083000.WAV
746.6215,746.6372,23750.0,28289.0,0.576,Echolocation,20220726_083000.WAV
747.3185,747.3375,23750.0,26349.0,0.599,Echolocation,20220726_083000.WAV
747.5995,747.6152,23750.0,26995.0,0.615,Echolocation,20220726_083000.WAV
747.8765,747.8944,22890.0,26002.0,0.67,Echolocation,20220726_083000.WAV
748.2895,748.3077,23750.0,26460.0,0.578,Echolocation,20220726_083000.WAV
749.2565,749.2763,23750.0,26359.0,0.628,Echolocation,20220726_083000.WAV
750.6495,750.6677,23750.0,28013.0,0.511,Echolocation,20220726_083000.WAV
751.6265,751.6456,23750.0,26860.0,0.51,Echolocation,20220726_083000.WAV
746.6905,746.7067,23750.0,26850.0,0.613,Echolocation,20220726_090000.WAV
414.5775,414.5941,21171.0,27044.0,0.545,Echolocation,20220726_093000.WAV
415.6085,415.6231,22890.0,28221.0,0.504,Echolocation,20220726_093000.WAV
416.1445,416.1595,22031.0,27086.0,0.593,Echolocation,20220726_093000.WAV
416.4175,416.4309,22031.0,27298.0,0.585,Echolocation,20220726_093000.WAV
417.3755,417.389,22031.0,27335.0,0.552,Echolocation,20220726_093000.WAV
418.0595,418.0746,22031.0,28286.0,0.569,Echolocation,20220726_093000.WAV
418.3165,418.3296,22890.0,28007.0,0.577,Echolocation,20220726_093000.WAV
418.5685,418.584,22031.0,27589.0,0.62,Echolocation,20220726_093000.WAV
418.8395,418.8539,22031.0,27054.0,0.516,Echolocation,20220726_093000.WAV
419.1055,419.12239999999997,22031.0,27454.0,0.569,Echolocation,20220726_093000.WAV
419.4155,419.432,22031.0,28311.0,0.599,Echolocation,20220726_093000.WAV
419.77049999999997,419.78679999999997,22031.0,28828.0,0.595,Echolocation,20220726_093000.WAV
1109.9835,1110.0008,20312.0,23323.0,0.581,Echolocation,20220726_093000.WAV
385.4135,385.4225,37500.0,43556.0,0.603,Echolocation,20220726_100000.WAV
746.5135,746.5282,22031.0,27107.0,0.501,Echolocation,20220726_100000.WAV
748.1555,748.1745,21171.0,26551.0,0.505,Echolocation,20220726_100000.WAV
748.4655,748.4861,22031.0,26181.0,0.508,Echolocation,20220726_100000.WAV
749.5525,749.5705,22031.0,26003.0,0.505,Echolocation,20220726_100000.WAV
749.8405,749.8578,22031.0,26171.0,0.566,Echolocation,20220726_100000.WAV
750.5905,750.6084,22031.0,26327.0,0.64,Echolocation,20220726_100000.WAV
750.8925,750.9105,22890.0,26353.0,0.639,Echolocation,20220726_100000.WAV
763.9095,763.918,37500.0,46640.0,0.509,Echolocation,20220726_100000.WAV
764.6365,764.6466,39218.0,54314.0,0.57,Echolocation,20220726_100000.WAV
764.8135,764.8246,40078.0,53954.0,0.583,Echolocation,20220726_100000.WAV
764.9115,764.9219,40078.0,58220.0,0.6,Echolocation,20220726_100000.WAV
765.0905,765.1007,40078.0,56876.0,0.666,Echolocation,20220726_100000.WAV
765.4435,765.4544,40078.0,58683.0,0.594,Echolocation,20220726_100000.WAV
765.8055,765.8154,40078.0,58244.0,0.66,Echolocation,20220726_100000.WAV
765.9825,765.9941,38359.0,57627.0,0.549,Echolocation,20220726_100000.WAV
766.1615,766.172,39218.0,57246.0,0.664,Echolocation,20220726_100000.WAV
766.3425,766.3543999999999,38359.0,57508.0,0.628,Echolocation,20220726_100000.WAV
766.5245,766.5356,39218.0,62177.0,0.697,Echolocation,20220726_100000.WAV
766.8895,766.9004,39218.0,62190.0,0.712,Echolocation,20220726_100000.WAV
767.0715,767.0833,37500.0,54796.0,0.566,Echolocation,20220726_100000.WAV
767.2545,767.266,38359.0,55879.0,0.661,Echolocation,20220726_100000.WAV
767.4375,767.4493,37500.0,58606.0,0.648,Echolocation,20220726_100000.WAV
767.5335,767.5446,38359.0,59304.0,0.632,Echolocation,20220726_100000.WAV
767.7135,767.7242,38359.0,57770.0,0.618,Echolocation,20220726_100000.WAV
767.8925,767.9041,38359.0,60001.0,0.609,Echolocation,20220726_100000.WAV
768.3555,768.3661,36640.0,58990.0,0.538,Echolocation,20220726_100000.WAV
768.5425,768.5549,38359.0,58699.0,0.526,Echolocation,20220726_100000.WAV
768.6395,768.6499,38359.0,53685.0,0.658,Echolocation,20220726_100000.WAV
768.8235,768.8332,39218.0,57210.0,0.639,Echolocation,20220726_100000.WAV
768.9275,768.9389,39218.0,50690.0,0.592,Echolocation,20220726_100000.WAV
769.1125,769.1243,38359.0,58971.0,0.658,Echolocation,20220726_100000.WAV
769.2175,769.2301,39218.0,52560.0,0.506,Echolocation,20220726_100000.WAV
769.4035,769.4144,40078.0,58167.0,0.648,Echolocation,20220726_100000.WAV
769.9845,769.9954,39218.0,54474.0,0.556,Echolocation,20220726_100000.WAV
771.8845,771.8934,39218.0,46304.0,0.524,Echolocation,20220726_100000.WAV
1120.2885,1120.3022,26328.0,31993.0,0.606,Echolocation,20220726_103000.WAV
1121.3005,1121.3159,25468.0,29240.0,0.538,Echolocation,20220726_103000.WAV
1123.8535,1123.8666,25468.0,30372.0,0.516,Echolocation,20220726_103000.WAV
1123.9635,1123.9743,26328.0,31568.0,0.503,Echolocation,20220726_103000.WAV
1124.2045,1124.215,26328.0,30616.0,0.544,Echolocation,20220726_103000.WAV
1129.7965,1129.8129,25468.0,29342.0,0.61,Echolocation,20220726_103000.WAV
1131.4315,1131.4454,25468.0,29661.0,0.587,Echolocation,20220726_103000.WAV
1440.2705,1440.2867,23750.0,25897.0,0.734,Echolocation,20220726_103000.WAV
1440.4675,1440.4831,23750.0,27864.0,0.658,Echolocation,20220726_103000.WAV
1440.6395,1440.6556,23750.0,29848.0,0.608,Echolocation,20220726_103000.WAV
1440.8415,1440.8577,23750.0,28204.0,0.608,Echolocation,20220726_103000.WAV
1441.0285,1441.0461,23750.0,28017.0,0.578,Echolocation,20220726_103000.WAV
1441.2135,1441.2262,24609.0,29357.0,0.635,Echolocation,20220726_103000.WAV
1441.6475,1441.6591,25468.0,32665.0,0.611,Echolocation,20220726_103000.WAV
1441.7595,1441.7747,23750.0,29758.0,0.601,Echolocation,20220726_103000.WAV
1441.9035,1441.9157,25468.0,30265.0,0.627,Echolocation,20220726_103000.WAV
1442.6315,1442.6453,23750.0,28209.0,0.546,Echolocation,20220726_103000.WAV
1442.8775,1442.895,23750.0,27142.0,0.544,Echolocation,20220726_103000.WAV
1443.0275,1443.0438,22890.0,26751.0,0.579,Echolocation,20220726_103000.WAV
1444.0755,1444.094,22890.0,25608.0,0.769,Echolocation,20220726_103000.WAV
1444.3755,1444.3934,23750.0,26896.0,0.506,Echolocation,20220726_103000.WAV
1444.8885,1444.9068,22031.0,25868.0,0.684,Echolocation,20220726_103000.WAV
1446.2955,1446.3128,22890.0,26631.0,0.632,Echolocation,20220726_103000.WAV
1446.6955,1446.714,23750.0,27710.0,0.542,Echolocation,20220726_103000.WAV
1447.9645,1447.9836,22890.0,26788.0,0.535,Echolocation,20220726_103000.WAV
1450.6555,1450.6693,23750.0,27853.0,0.568,Echolocation,20220726_103000.WAV
1464.1725,1464.1943,22890.0,25850.0,0.567,Echolocation,20220726_103000.WAV
1490.3245,1490.3345,41796.0,54017.0,0.648,Echolocation,20220726_103000.WAV
1490.5245,1490.5335,40937.0,51059.0,0.52,Echolocation,20220726_103000.WAV
1491.4435,1491.4556,40937.0,50687.0,0.541,Echolocation,20220726_103000.WAV
1491.5355,1491.5464,41796.0,51606.0,0.624,Echolocation,20220726_103000.WAV
1491.6325,1491.6404,40937.0,54580.0,0.592,Echolocation,20220726_103000.WAV
1491.9345,1491.9438,40937.0,51758.0,0.656,Echolocation,20220726_103000.WAV
1492.0355,1492.0463,40937.0,56427.0,0.632,Echolocation,20220726_103000.WAV
1492.2405,1492.2527,39218.0,49813.0,0.658,Echolocation,20220726_103000.WAV
1493.4625,1493.4718,40078.0,46429.0,0.519,Echolocation,20220726_103000.WAV
1493.9735,1493.9831,38359.0,47239.0,0.606,Echolocation,20220726_103000.WAV
1496.6885,1496.6985,40937.0,60126.0,0.535,Echolocation,20220726_103000.WAV
1497.0905,1497.1002,40937.0,58503.0,0.52,Echolocation,20220726_103000.WAV
1498.5265,1498.5341,40078.0,50025.0,0.545,Echolocation,20220726_103000.WAV
1499.2945,1499.3013,40078.0,56193.0,0.506,Echolocation,20220726_103000.WAV
1499.6875,1499.6943,40078.0,48066.0,0.589,Echolocation,20220726_103000.WAV
6.5795,6.5948,22890.0,28626.0,0.519,Echolocation,20220726_110000.WAV
7.5175,7.5325,22031.0,27790.0,0.506,Echolocation,20220726_110000.WAV
9.2415,9.2578,22890.0,28647.0,0.511,Echolocation,20220726_110000.WAV
9.3665,9.3774,24609.0,32297.0,0.535,Echolocation,20220726_110000.WAV
9.5665,9.5799,23750.0,31955.0,0.529,Echolocation,20220726_110000.WAV
9.8085,9.823,24609.0,33173.0,0.502,Echolocation,20220726_110000.WAV
10.5395,10.5575,22031.0,27726.0,0.53,Echolocation,20220726_110000.WAV
11.5335,11.5546,22031.0,28356.0,0.527,Echolocation,20220726_110000.WAV
12.8815,12.9036,21171.0,29730.0,0.514,Echolocation,20220726_110000.WAV
14.2655,14.2823,22890.0,30272.0,0.501,Echolocation,20220726_110000.WAV
15.8055,15.8223,22890.0,26742.0,0.552,Echolocation,20220726_110000.WAV
16.2935,16.3087,22890.0,28678.0,0.568,Echolocation,20220726_110000.WAV
16.4285,16.4447,22890.0,27089.0,0.576,Echolocation,20220726_110000.WAV
17.1855,17.2024,22890.0,27718.0,0.556,Echolocation,20220726_110000.WAV
17.4415,17.4597,22031.0,27155.0,0.568,Echolocation,20220726_110000.WAV
19.6025,19.6184,22031.0,26758.0,0.598,Echolocation,20220726_110000.WAV
20.2425,20.2606,22031.0,27380.0,0.55,Echolocation,20220726_110000.WAV
21.2845,21.2996,23750.0,28943.0,0.618,Echolocation,20220726_110000.WAV
23.2975,23.3105,22890.0,27951.0,0.589,Echolocation,20220726_110000.WAV
23.5775,23.591,22890.0,29172.0,0.522,Echolocation,20220726_110000.WAV
24.0845,24.0995,23750.0,28904.0,0.533,Echolocation,20220726_110000.WAV
1455.5035,1455.5143,37500.0,47582.0,0.506,Echolocation,20220726_110000.WAV
1455.9875,1455.9974,37500.0,47730.0,0.596,Echolocation,20220726_110000.WAV
1456.5815,1456.5948,37500.0,44270.0,0.54,Echolocation,20220726_110000.WAV
1457.7645,1457.7743,38359.0,44174.0,0.569,Echolocation,20220726_110000.WAV
1458.3645,1458.3754,38359.0,48823.0,0.566,Echolocation,20220726_110000.WAV
1458.6585,1458.67,37500.0,51891.0,0.588,Echolocation,20220726_110000.WAV
1459.1435,1459.1547,37500.0,43850.0,0.557,Echolocation,20220726_110000.WAV
1459.4595,1459.4691,37500.0,46035.0,0.558,Echolocation,20220726_110000.WAV
20.9445,20.9637,22031.0,25290.0,0.562,Echolocation,20220726_113000.WAV
