start_time,end_time,low_freq,high_freq,detection_confidence,event,input_file,Collide
538.4315,538.4383,48671.0,58558.0,0.517,Echolocation,20221017_030000.WAV,
538.5245,538.532,46093.0,61749.0,0.538,Echolocation,20221017_030000.WAV,
538.6085,538.6148,45234.0,61509.0,0.617,Echolocation,20221017_030000.WAV,
538.7915,538.8006,44375.0,62864.0,0.636,Echolocation,20221017_030000.WAV,
538.9795,538.9857,43515.0,63993.0,0.537,Echolocation,20221017_030000.WAV,
539.0755,539.0818,43515.0,63971.0,0.599,Echolocation,20221017_030000.WAV,
539.1725,539.1779,43515.0,61654.0,0.614,Echolocation,20221017_030000.WAV,
539.2715,539.2779,42656.0,63305.0,0.596,Echolocation,20221017_030000.WAV,
539.3665,539.3727,43515.0,63692.0,0.64,Echolocation,20221017_030000.WAV,
539.4655,539.4728,42656.0,62062.0,0.614,Echolocation,20221017_030000.WAV,
539.6585,539.665,40937.0,72552.0,0.557,Echolocation,20221017_030000.WAV,
539.7495,539.7565,43515.0,63950.0,0.674,Echolocation,20221017_030000.WAV,
539.8795,539.8855,46093.0,65382.0,0.703,Echolocation,20221017_030000.WAV,
539.9675,539.9736,43515.0,67322.0,0.647,Echolocation,20221017_030000.WAV,
540.0675,540.0761,45234.0,66442.0,0.667,Echolocation,20221017_030000.WAV,
540.1665,540.1733,43515.0,65877.0,0.709,Echolocation,20221017_030000.WAV,
540.2625,540.2678,43515.0,70533.0,0.677,Echolocation,20221017_030000.WAV,
540.3515,540.3569,45234.0,66087.0,0.732,Echolocation,20221017_030000.WAV,
540.4515,540.4566,43515.0,69359.0,0.728,Echolocation,20221017_030000.WAV,
540.5425,540.5483,42656.0,67607.0,0.656,Echolocation,20221017_030000.WAV,
540.6385,540.6448,44375.0,70108.0,0.675,Echolocation,20221017_030000.WAV,
540.7275,540.7331,42656.0,73666.0,0.605,Echolocation,20221017_030000.WAV,
540.8305,540.836,46093.0,71188.0,0.631,Echolocation,20221017_030000.WAV,
540.9245,540.93,43515.0,68740.0,0.57,Echolocation,20221017_030000.WAV,
541.0225,541.0275,44375.0,69280.0,0.613,Echolocation,20221017_030000.WAV,
541.1135,541.1191,43515.0,68966.0,0.535,Echolocation,20221017_030000.WAV,
541.3015,541.3082,45234.0,67735.0,0.544,Echolocation,20221017_030000.WAV,
541.4955,541.5008,42656.0,64717.0,0.565,Echolocation,20221017_030000.WAV,
541.5955,541.6008,44375.0,65565.0,0.583,Echolocation,20221017_030000.WAV,
541.6905,541.6954,43515.0,65731.0,0.661,Echolocation,20221017_030000.WAV,
541.7845,541.7898,43515.0,68233.0,0.54,Echolocation,20221017_030000.WAV,
541.8815,541.8867,43515.0,64256.0,0.535,Echolocation,20221017_030000.WAV,
541.9805,541.9856,46953.0,62932.0,0.624,Echolocation,20221017_030000.WAV,
542.1745,542.1803,43515.0,60180.0,0.53,Echolocation,20221017_030000.WAV,
542.2275,542.2326,47812.0,62804.0,0.538,Echolocation,20221017_030000.WAV,
542.2935,542.2988,42656.0,60878.0,0.517,Echolocation,20221017_030000.WAV,
542.3705,542.3773,44375.0,56023.0,0.531,Echolocation,20221017_030000.WAV,
542.4585,542.4635,42656.0,57293.0,0.506,Echolocation,20221017_030000.WAV,
542.5575,542.5648,45234.0,59155.0,0.532,Echolocation,20221017_030000.WAV,
542.6485,542.6542,44375.0,60242.0,0.6,Echolocation,20221017_030000.WAV,
542.8275,542.8339,45234.0,58304.0,0.61,Echolocation,20221017_030000.WAV,
543.1895,543.197,44375.0,59656.0,0.635,Echolocation,20221017_030000.WAV,
543.3815,543.389,45234.0,60060.0,0.655,Echolocation,20221017_030000.WAV,
543.5695,543.582,43515.0,56929.0,0.526,Echolocation,20221017_030000.WAV,
543.7505,543.7599,43515.0,55220.0,0.577,Echolocation,20221017_030000.WAV,
809.3235,809.3362,23750.0,29318.0,0.576,Echolocation,20221017_030000.WAV,
809.5965,809.6077,24609.0,30330.0,0.623,Echolocation,20221017_030000.WAV,
809.9235,809.9327,25468.0,31629.0,0.649,Echolocation,20221017_030000.WAV,
810.0545,810.0643,26328.0,32119.0,0.653,Echolocation,20221017_030000.WAV,
810.3015,810.3117,25468.0,30944.0,0.678,Echolocation,20221017_030000.WAV,
810.5595,810.5702,25468.0,31681.0,0.695,Echolocation,20221017_030000.WAV,
810.8155,810.8263,25468.0,31781.0,0.575,Echolocation,20221017_030000.WAV,
811.0805,811.0906,25468.0,32100.0,0.714,Echolocation,20221017_030000.WAV,
811.2235,811.2328,26328.0,33720.0,0.691,Echolocation,20221017_030000.WAV,
811.3765,811.3858,26328.0,32865.0,0.531,Echolocation,20221017_030000.WAV,
811.6725,811.6816,26328.0,33196.0,0.688,Echolocation,20221017_030000.WAV,
811.8265,811.8371,25468.0,32402.0,0.718,Echolocation,20221017_030000.WAV,
812.1085,812.1192,25468.0,30570.0,0.606,Echolocation,20221017_030000.WAV,
812.6515,812.6643,25468.0,31626.0,0.555,Echolocation,20221017_030000.WAV,
812.8755,812.8885,24609.0,33920.0,0.581,Echolocation,20221017_030000.WAV,
813.3705,813.3852,23750.0,29206.0,0.614,Echolocation,20221017_030000.WAV,
813.6135,813.6309,23750.0,27789.0,0.527,Echolocation,20221017_030000.WAV,
813.8565,813.8724,22890.0,28234.0,0.58,Echolocation,20221017_030000.WAV,
814.1025,814.1197,22890.0,28391.0,0.553,Echolocation,20221017_030000.WAV,
814.3485,814.3643,23750.0,27717.0,0.645,Echolocation,20221017_030000.WAV,
814.6645,814.6807,22890.0,28330.0,0.588,Echolocation,20221017_030000.WAV,
815.0395,815.0562,22890.0,28307.0,0.582,Echolocation,20221017_030000.WAV,
815.2885,815.3047,23750.0,28171.0,0.536,Echolocation,20221017_030000.WAV,
815.9305,815.9471,23750.0,27647.0,0.583,Echolocation,20221017_030000.WAV,
816.2765,816.2907,22890.0,27620.0,0.681,Echolocation,20221017_030000.WAV,
816.9435,816.9565,22890.0,28800.0,0.619,Echolocation,20221017_030000.WAV,
817.2545,817.2669,22890.0,27723.0,0.662,Echolocation,20221017_030000.WAV,
817.7045,817.7184,22890.0,28244.0,0.652,Echolocation,20221017_030000.WAV,
818.3455,818.3585,23750.0,28514.0,0.599,Echolocation,20221017_030000.WAV,
818.8905,818.9052,22890.0,26954.0,0.587,Echolocation,20221017_030000.WAV,
825.1455,825.1538,26328.0,33974.0,0.536,Echolocation,20221017_030000.WAV,
825.3835,825.3922,27187.0,33657.0,0.688,Echolocation,20221017_030000.WAV,
825.8465,825.857,25468.0,31829.0,0.564,Echolocation,20221017_030000.WAV,
845.3675,845.3766,27187.0,32933.0,0.507,Echolocation,20221017_030000.WAV,
845.4915,845.5009,26328.0,33459.0,0.561,Echolocation,20221017_030000.WAV,
959.4425,959.4599,24609.0,28211.0,0.608,Echolocation,20221017_030000.WAV,
960.1715,960.1891,24609.0,28249.0,0.506,Echolocation,20221017_030000.WAV,
961.3905,961.4089,23750.0,26521.0,0.68,Echolocation,20221017_030000.WAV,
961.8775,961.8962,24609.0,30100.0,0.508,Echolocation,20221017_030000.WAV,
962.1145,962.131,24609.0,29341.0,0.607,Echolocation,20221017_030000.WAV,
962.4215,962.4409,24609.0,29669.0,0.519,Echolocation,20221017_030000.WAV,
962.8745,962.8927,23750.0,27012.0,0.563,Echolocation,20221017_030000.WAV,
963.1565,963.1719,25468.0,29008.0,0.69,Echolocation,20221017_030000.WAV,
963.5055,963.5246,24609.0,29791.0,0.506,Echolocation,20221017_030000.WAV,
963.9635,963.9805,23750.0,27213.0,0.667,Echolocation,20221017_030000.WAV,
965.0715,965.091,23750.0,27136.0,0.515,Echolocation,20221017_030000.WAV,
965.6755,965.6921,23750.0,27796.0,0.579,Echolocation,20221017_030000.WAV,
965.9835,966.0007,23750.0,28077.0,0.525,Echolocation,20221017_030000.WAV,
966.3105,966.3283,23750.0,28133.0,0.571,Echolocation,20221017_030000.WAV,
967.1055,967.1219,22890.0,27810.0,0.642,Echolocation,20221017_030000.WAV,
968.1945,968.2101,22890.0,27429.0,0.673,Echolocation,20221017_030000.WAV,
968.6755,968.6909,23750.0,28176.0,0.599,Echolocation,20221017_030000.WAV,
969.4465,969.4614,23750.0,27998.0,0.553,Echolocation,20221017_030000.WAV,
1107.9825,1107.9974,24609.0,28729.0,0.637,Echolocation,20221017_030000.WAV,
1110.0765,1110.0948,25468.0,29487.0,0.503,Echolocation,20221017_030000.WAV,
1110.3665,1110.379,25468.0,30103.0,0.545,Echolocation,20221017_030000.WAV,
1110.8085,1110.8241,24609.0,27792.0,0.66,Echolocation,20221017_030000.WAV,
1111.2395,1111.2522,25468.0,30232.0,0.675,Echolocation,20221017_030000.WAV,
1111.5165,1111.5333,25468.0,30267.0,0.53,Echolocation,20221017_030000.WAV,
1111.8345,1111.8489,24609.0,28563.0,0.65,Echolocation,20221017_030000.WAV,
1112.6005,1112.6179,24609.0,28185.0,0.613,Echolocation,20221017_030000.WAV,
1113.0445,1113.0591,25468.0,29032.0,0.625,Echolocation,20221017_030000.WAV,
1113.7745,1113.7918,25468.0,29600.0,0.524,Echolocation,20221017_030000.WAV,
1114.3985,1114.4173,25468.0,30711.0,0.518,Echolocation,20221017_030000.WAV,
1114.6945,1114.7105,24609.0,29738.0,0.648,Echolocation,20221017_030000.WAV,
1115.1335,1115.1493,25468.0,29454.0,0.532,Echolocation,20221017_030000.WAV,
1115.5715,1115.5874,24609.0,27642.0,0.737,Echolocation,20221017_030000.WAV,
1116.5945,1116.6122,24609.0,27726.0,0.6,Echolocation,20221017_030000.WAV,
1116.7685,1116.7858,26328.0,32443.0,0.505,Echolocation,20221017_030000.WAV,
1118.5065,1118.5219,24609.0,30637.0,0.594,Echolocation,20221017_030000.WAV,
1118.9635,1118.9787,24609.0,28277.0,0.676,Echolocation,20221017_030000.WAV,
1119.5545,1119.5711,25468.0,29794.0,0.542,Echolocation,20221017_030000.WAV,
1124.2965,1124.3135,23750.0,28650.0,0.673,Echolocation,20221017_030000.WAV,
1125.3045,1125.3217,23750.0,28337.0,0.597,Echolocation,20221017_030000.WAV,
1125.4605,1125.4746,26328.0,31751.0,0.612,Echolocation,20221017_030000.WAV,
1126.1225,1126.1345,25468.0,31185.0,0.666,Echolocation,20221017_030000.WAV,
1126.4605,1126.4773,23750.0,27742.0,0.645,Echolocation,20221017_030000.WAV,
1127.1805,1127.1964,23750.0,26878.0,0.693,Echolocation,20221017_030000.WAV,
1128.0445,1128.0653,22890.0,26033.0,0.694,Echolocation,20221017_030000.WAV,
1128.5125,1128.5282,24609.0,28363.0,0.657,Echolocation,20221017_030000.WAV,
1130.4375,1130.4565,22890.0,27070.0,0.547,Echolocation,20221017_030000.WAV,
1132.4125,1132.4306,23750.0,27753.0,0.503,Echolocation,20221017_030000.WAV,
1516.2675,1516.2798,27187.0,32510.0,0.552,Echolocation,20221017_030000.WAV,
1520.2495,1520.2639,27187.0,31069.0,0.505,Echolocation,20221017_030000.WAV,
1520.7395,1520.7507,27187.0,33836.0,0.633,Echolocation,20221017_030000.WAV,
1521.3335,1521.3451,27187.0,33612.0,0.687,Echolocation,20221017_030000.WAV,
1521.5785,1521.5911,27187.0,33707.0,0.692,Echolocation,20221017_030000.WAV,
1521.8155,1521.8279,27187.0,35433.0,0.674,Echolocation,20221017_030000.WAV,
1522.0535,1522.0664,27187.0,34670.0,0.678,Echolocation,20221017_030000.WAV,
1522.2005,1522.2131,27187.0,35579.0,0.687,Echolocation,20221017_030000.WAV,
1522.3325,1522.3451,27187.0,35637.0,0.65,Echolocation,20221017_030000.WAV,
1522.5555,1522.5669,27187.0,35512.0,0.709,Echolocation,20221017_030000.WAV,
1522.7805,1522.7917,27187.0,34375.0,0.675,Echolocation,20221017_030000.WAV,
1523.0305,1523.0418,27187.0,34434.0,0.577,Echolocation,20221017_030000.WAV,
1523.2755,1523.2869,27187.0,34702.0,0.704,Echolocation,20221017_030000.WAV,
1523.5115,1523.5245,27187.0,35039.0,0.717,Echolocation,20221017_030000.WAV,
1523.7425,1523.7533,27187.0,35589.0,0.675,Echolocation,20221017_030000.WAV,
1523.8685,1523.8791,27187.0,36591.0,0.674,Echolocation,20221017_030000.WAV,
1524.0825,1524.0941,27187.0,33571.0,0.733,Echolocation,20221017_030000.WAV,
1524.2965,1524.3083,27187.0,36511.0,0.69,Echolocation,20221017_030000.WAV,
1524.5285,1524.54,27187.0,33783.0,0.734,Echolocation,20221017_030000.WAV,
1524.6575,1524.667,27187.0,35009.0,0.736,Echolocation,20221017_030000.WAV,
1524.8925,1524.9051,27187.0,36402.0,0.674,Echolocation,20221017_030000.WAV,
1525.0185,1525.0292,27187.0,38871.0,0.747,Echolocation,20221017_030000.WAV,
1525.2585,1525.2701,27187.0,36825.0,0.696,Echolocation,20221017_030000.WAV,
1525.4045,1525.4163,27187.0,35886.0,0.712,Echolocation,20221017_030000.WAV,
1525.6345,1525.6486,27187.0,35246.0,0.604,Echolocation,20221017_030000.WAV,
1525.7955,1525.8085,28046.0,37633.0,0.608,Echolocation,20221017_030000.WAV,
1526.0365,1526.048,27187.0,36712.0,0.733,Echolocation,20221017_030000.WAV,
1526.2665,1526.2788,27187.0,37118.0,0.671,Echolocation,20221017_030000.WAV,
1526.5055,1526.5171,27187.0,38185.0,0.678,Echolocation,20221017_030000.WAV,
1526.7435,1526.7579,27187.0,34634.0,0.536,Echolocation,20221017_030000.WAV,
1526.8865,1526.9001,28046.0,36776.0,0.611,Echolocation,20221017_030000.WAV,
1527.1415,1527.1534,27187.0,36647.0,0.643,Echolocation,20221017_030000.WAV,
1527.3815,1527.3928,27187.0,37181.0,0.721,Echolocation,20221017_030000.WAV,
1527.6175,1527.6306,27187.0,36557.0,0.648,Echolocation,20221017_030000.WAV,
1527.8375,1527.8498,26328.0,37136.0,0.649,Echolocation,20221017_030000.WAV,
1528.0715,1528.0863,27187.0,35423.0,0.625,Echolocation,20221017_030000.WAV,
1528.3205,1528.3341,26328.0,37522.0,0.668,Echolocation,20221017_030000.WAV,
1528.5835,1528.6005,27187.0,35211.0,0.564,Echolocation,20221017_030000.WAV,
1528.7405,1528.753,27187.0,37639.0,0.666,Echolocation,20221017_030000.WAV,
1528.9835,1528.9979,27187.0,34981.0,0.664,Echolocation,20221017_030000.WAV,
1529.1355,1529.1495,27187.0,39029.0,0.707,Echolocation,20221017_030000.WAV,
1529.3755,1529.3895,26328.0,32898.0,0.637,Echolocation,20221017_030000.WAV,
1529.6245,1529.6387,26328.0,33772.0,0.574,Echolocation,20221017_030000.WAV,
1529.8575,1529.8715,26328.0,33853.0,0.643,Echolocation,20221017_030000.WAV,
1529.9735,1529.9858,27187.0,40661.0,0.667,Echolocation,20221017_030000.WAV,
1530.1935,1530.2064,26328.0,38214.0,0.658,Echolocation,20221017_030000.WAV,
1530.4465,1530.4608,26328.0,35162.0,0.594,Echolocation,20221017_030000.WAV,
1530.5885,1530.6008,27187.0,35641.0,0.588,Echolocation,20221017_030000.WAV,
1530.8035,1530.8188,26328.0,34011.0,0.579,Echolocation,20221017_030000.WAV,
1530.9285,1530.9422,27187.0,37868.0,0.669,Echolocation,20221017_030000.WAV,
1531.0575,1531.0715,27187.0,38033.0,0.643,Echolocation,20221017_030000.WAV,
1531.2775,1531.2919,26328.0,36316.0,0.598,Echolocation,20221017_030000.WAV,
1531.5285,1531.5433,26328.0,37236.0,0.636,Echolocation,20221017_030000.WAV,
1531.7685,1531.7815,26328.0,36934.0,0.661,Echolocation,20221017_030000.WAV,
1531.8945,1531.9076,27187.0,37329.0,0.678,Echolocation,20221017_030000.WAV,
1532.1235,1532.1349,27187.0,36898.0,0.693,Echolocation,20221017_030000.WAV,
1532.3525,1532.3643,27187.0,42064.0,0.767,Echolocation,20221017_030000.WAV,
1532.6065,1532.6199,25468.0,36857.0,0.648,Echolocation,20221017_030000.WAV,
1532.8665,1532.8782,27187.0,35234.0,0.597,Echolocation,20221017_030000.WAV,
1533.1455,1533.1588,27187.0,36596.0,0.684,Echolocation,20221017_030000.WAV,
1533.4035,1533.4169,26328.0,34068.0,0.666,Echolocation,20221017_030000.WAV,
1533.6245,1533.6379,26328.0,39543.0,0.661,Echolocation,20221017_030000.WAV,
1533.8685,1533.8827,26328.0,34572.0,0.61,Echolocation,20221017_030000.WAV,
1534.1255,1534.1391,27187.0,34549.0,0.557,Echolocation,20221017_030000.WAV,
1534.2805,1534.2939,27187.0,41596.0,0.692,Echolocation,20221017_030000.WAV,
1534.5115,1534.526,26328.0,33895.0,0.592,Echolocation,20221017_030000.WAV,
1534.7525,1534.7668,24609.0,33674.0,0.553,Echolocation,20221017_030000.WAV,
1535.0035,1535.0191,26328.0,32522.0,0.564,Echolocation,20221017_030000.WAV,
1535.2415,1535.2555,26328.0,34503.0,0.622,Echolocation,20221017_030000.WAV,
1535.4995,1535.514,26328.0,31963.0,0.558,Echolocation,20221017_030000.WAV,
1535.7535,1535.7691,26328.0,31666.0,0.672,Echolocation,20221017_030000.WAV,
1535.9875,1535.9998,26328.0,33030.0,0.598,Echolocation,20221017_030000.WAV,
1536.2365,1536.2517,26328.0,32215.0,0.553,Echolocation,20221017_030000.WAV,
1536.5995,1536.6138,26328.0,32147.0,0.58,Echolocation,20221017_030000.WAV,
1537.0985,1537.1154,26328.0,31761.0,0.524,Echolocation,20221017_030000.WAV,
1537.2415,1537.2572,27187.0,32073.0,0.513,Echolocation,20221017_030000.WAV,
1541.8835,1541.9019,25468.0,29423.0,0.564,Echolocation,20221017_030000.WAV,
1614.3335,1614.3496,25468.0,28053.0,0.537,Echolocation,20221017_030000.WAV,
1668.1025,1668.1203,25468.0,29905.0,0.503,Echolocation,20221017_030000.WAV,
162.5185,162.5325,27187.0,31201.0,0.54,Echolocation,20221017_033000.WAV,
162.7655,162.7791,27187.0,31606.0,0.565,Echolocation,20221017_033000.WAV,
163.1685,163.1808,27187.0,33138.0,0.56,Echolocation,20221017_033000.WAV,
163.3945,163.4094,27187.0,31214.0,0.526,Echolocation,20221017_033000.WAV,
163.6385,163.6504,27187.0,33198.0,0.632,Echolocation,20221017_033000.WAV,
164.0315,164.0424,28046.0,34958.0,0.578,Echolocation,20221017_033000.WAV,
164.2715,164.2842,27187.0,32860.0,0.552,Echolocation,20221017_033000.WAV,
164.5345,164.5465,27187.0,32862.0,0.585,Echolocation,20221017_033000.WAV,
164.6775,164.689,27187.0,35029.0,0.673,Echolocation,20221017_033000.WAV,
164.8875,164.9003,27187.0,31351.0,0.616,Echolocation,20221017_033000.WAV,
165.0195,165.0305,28906.0,33403.0,0.587,Echolocation,20221017_033000.WAV,
165.1695,165.1813,27187.0,33986.0,0.719,Echolocation,20221017_033000.WAV,
165.4005,165.4123,27187.0,33735.0,0.607,Echolocation,20221017_033000.WAV,
165.6545,165.6671,27187.0,33851.0,0.573,Echolocation,20221017_033000.WAV,
165.9025,165.916,27187.0,32444.0,0.642,Echolocation,20221017_033000.WAV,
166.1655,166.1784,27187.0,33869.0,0.643,Echolocation,20221017_033000.WAV,
166.4145,166.4297,26328.0,31344.0,0.546,Echolocation,20221017_033000.WAV,
166.5755,166.5898,27187.0,35117.0,0.636,Echolocation,20221017_033000.WAV,
166.8145,166.8279,26328.0,35006.0,0.674,Echolocation,20221017_033000.WAV,
167.05349999999999,167.0671,27187.0,34816.0,0.632,Echolocation,20221017_033000.WAV,
167.3205,167.3334,27187.0,34662.0,0.72,Echolocation,20221017_033000.WAV,
167.5675,167.57920000000001,27187.0,34907.0,0.742,Echolocation,20221017_033000.WAV,
167.5685,167.576,55546.0,61583.0,0.506,Echolocation,20221017_033000.WAV,
167.7395,167.7506,27187.0,35627.0,0.761,Echolocation,20221017_033000.WAV,
168.0195,168.0316,27187.0,33569.0,0.763,Echolocation,20221017_033000.WAV,
168.2845,168.2983,27187.0,32803.0,0.745,Echolocation,20221017_033000.WAV,
168.5225,168.5344,27187.0,32924.0,0.788,Echolocation,20221017_033000.WAV,
168.6775,168.6881,27187.0,39466.0,0.742,Echolocation,20221017_033000.WAV,
168.9105,168.9215,27187.0,37680.0,0.801,Echolocation,20221017_033000.WAV,
169.1415,169.1531,27187.0,35260.0,0.785,Echolocation,20221017_033000.WAV,
169.2995,169.3096,27187.0,39533.0,0.821,Echolocation,20221017_033000.WAV,
169.5435,169.5554,27187.0,37114.0,0.778,Echolocation,20221017_033000.WAV,
169.6925,169.7048,27187.0,33620.0,0.676,Echolocation,20221017_033000.WAV,
169.89249999999998,169.90449999999998,27187.0,37604.0,0.639,Echolocation,20221017_033000.WAV,
170.0565,170.069,27187.0,35168.0,0.646,Echolocation,20221017_033000.WAV,
170.2905,170.3029,27187.0,34332.0,0.632,Echolocation,20221017_033000.WAV,
170.44650000000001,170.4591,27187.0,33254.0,0.539,Echolocation,20221017_033000.WAV,
170.6805,170.6933,27187.0,34363.0,0.515,Echolocation,20221017_033000.WAV,
171.1335,171.1462,27187.0,33773.0,0.577,Echolocation,20221017_033000.WAV,
317.7625,317.7702,45234.0,63978.0,0.507,Echolocation,20221017_033000.WAV,
317.9385,317.9484,46093.0,63035.0,0.554,Echolocation,20221017_033000.WAV,
318.0225,318.0314,48671.0,62600.0,0.512,Echolocation,20221017_033000.WAV,
318.1095,318.1168,46093.0,62263.0,0.556,Echolocation,20221017_033000.WAV,
318.1815,318.1879,46953.0,63675.0,0.549,Echolocation,20221017_033000.WAV,
318.2455,318.2533,47812.0,64901.0,0.614,Echolocation,20221017_033000.WAV,
318.3085,318.3167,47812.0,64546.0,0.585,Echolocation,20221017_033000.WAV,
318.3865,318.3938,46953.0,66330.0,0.577,Echolocation,20221017_033000.WAV,
318.4675,318.4781,47812.0,64760.0,0.564,Echolocation,20221017_033000.WAV,
318.5475,318.5554,47812.0,66531.0,0.547,Echolocation,20221017_033000.WAV,
318.6095,318.6187,44375.0,68931.0,0.559,Echolocation,20221017_033000.WAV,
318.6705,318.6788,45234.0,68029.0,0.651,Echolocation,20221017_033000.WAV,
318.7305,318.7383,45234.0,71205.0,0.552,Echolocation,20221017_033000.WAV,
318.8155,318.8232,47812.0,62395.0,0.577,Echolocation,20221017_033000.WAV,
318.8975,318.9068,46093.0,66716.0,0.576,Echolocation,20221017_033000.WAV,
318.9815,318.9901,46093.0,64765.0,0.655,Echolocation,20221017_033000.WAV,
319.1495,319.1577,45234.0,67528.0,0.619,Echolocation,20221017_033000.WAV,
319.2305,319.2385,43515.0,66331.0,0.629,Echolocation,20221017_033000.WAV,
319.3195,319.331,46093.0,64209.0,0.616,Echolocation,20221017_033000.WAV,
319.4065,319.41610000000003,45234.0,68033.0,0.616,Echolocation,20221017_033000.WAV,
319.4895,319.4992,43515.0,63199.0,0.517,Echolocation,20221017_033000.WAV,
319.5855,319.5975,45234.0,65224.0,0.552,Echolocation,20221017_033000.WAV,
319.6705,319.6793,45234.0,67287.0,0.63,Echolocation,20221017_033000.WAV,
319.7675,319.7775,45234.0,60184.0,0.533,Echolocation,20221017_033000.WAV,
319.8625,319.8713,45234.0,63431.0,0.522,Echolocation,20221017_033000.WAV,
320.4315,320.4407,44375.0,64373.0,0.619,Echolocation,20221017_033000.WAV,
320.6185,320.6304,45234.0,62592.0,0.605,Echolocation,20221017_033000.WAV,
320.8015,320.8098,46093.0,59115.0,0.541,Echolocation,20221017_033000.WAV,
320.9825,320.9924,45234.0,58793.0,0.536,Echolocation,20221017_033000.WAV,
321.6305,321.6387,46953.0,63802.0,0.537,Echolocation,20221017_033000.WAV,
321.7145,321.7231,47812.0,58326.0,0.524,Echolocation,20221017_033000.WAV,
321.8095,321.8187,44375.0,58453.0,0.574,Echolocation,20221017_033000.WAV,
322.5415,322.5487,46953.0,57532.0,0.634,Echolocation,20221017_033000.WAV,
322.8235,322.8318,46953.0,55921.0,0.503,Echolocation,20221017_033000.WAV,
322.9185,322.9263,46093.0,55579.0,0.534,Echolocation,20221017_033000.WAV,
334.6855,334.6939,48671.0,59072.0,0.504,Echolocation,20221017_033000.WAV,
334.7625,334.7716,46093.0,62419.0,0.561,Echolocation,20221017_033000.WAV,
334.9425,334.9495,46093.0,61040.0,0.575,Echolocation,20221017_033000.WAV,
335.1245,335.1332,46093.0,59205.0,0.635,Echolocation,20221017_033000.WAV,
335.2215,335.2313,46953.0,63929.0,0.632,Echolocation,20221017_033000.WAV,
335.3105,335.3191,47812.0,63032.0,0.67,Echolocation,20221017_033000.WAV,
335.3815,335.3882,48671.0,64966.0,0.664,Echolocation,20221017_033000.WAV,
335.4805,335.4919,46093.0,67674.0,0.619,Echolocation,20221017_033000.WAV,
335.5655,335.5772,46093.0,64364.0,0.624,Echolocation,20221017_033000.WAV,
335.6575,335.6678,46953.0,68939.0,0.611,Echolocation,20221017_033000.WAV,
335.7445,335.7543,46093.0,67973.0,0.66,Echolocation,20221017_033000.WAV,
335.8325,335.8436,46093.0,65441.0,0.596,Echolocation,20221017_033000.WAV,
335.9145,335.9256,46953.0,66975.0,0.514,Echolocation,20221017_033000.WAV,
336.0065,336.0159,46953.0,63751.0,0.54,Echolocation,20221017_033000.WAV,
336.0895,336.1002,45234.0,67360.0,0.661,Echolocation,20221017_033000.WAV,
336.1765,336.185,46953.0,62048.0,0.615,Echolocation,20221017_033000.WAV,
336.2465,336.2541,46953.0,60504.0,0.602,Echolocation,20221017_033000.WAV,
336.3075,336.3169,47812.0,59874.0,0.533,Echolocation,20221017_033000.WAV,
336.4565,336.4647,44375.0,59223.0,0.617,Echolocation,20221017_033000.WAV,
336.5425,336.5504,44375.0,62765.0,0.596,Echolocation,20221017_033000.WAV,
336.6335,336.6399,45234.0,55550.0,0.549,Echolocation,20221017_033000.WAV,
336.7205,336.7316,45234.0,62459.0,0.556,Echolocation,20221017_033000.WAV,
336.9095,336.9197,45234.0,60524.0,0.606,Echolocation,20221017_033000.WAV,
336.9825,336.9926,46093.0,64264.0,0.605,Echolocation,20221017_033000.WAV,
337.1725,337.1821,46093.0,60012.0,0.557,Echolocation,20221017_033000.WAV,
337.2595,337.2674,45234.0,61219.0,0.539,Echolocation,20221017_033000.WAV,
337.4355,337.4451,46093.0,59221.0,0.583,Echolocation,20221017_033000.WAV,
365.3015,365.3104,28046.0,36109.0,0.668,Echolocation,20221017_033000.WAV,
365.4405,365.4498,27187.0,38696.0,0.665,Echolocation,20221017_033000.WAV,
365.7075,365.7169,27187.0,37740.0,0.706,Echolocation,20221017_033000.WAV,
365.9055,365.9147,27187.0,36190.0,0.661,Echolocation,20221017_033000.WAV,
366.0695,366.08,27187.0,34798.0,0.621,Echolocation,20221017_033000.WAV,
366.2095,366.2201,26328.0,38012.0,0.663,Echolocation,20221017_033000.WAV,
366.3385,366.3498,27187.0,40101.0,0.661,Echolocation,20221017_033000.WAV,
366.4965,366.5068,26328.0,37884.0,0.673,Echolocation,20221017_033000.WAV,
366.6385,366.6491,27187.0,34190.0,0.62,Echolocation,20221017_033000.WAV,
366.7695,366.7809,26328.0,34289.0,0.511,Echolocation,20221017_033000.WAV,
366.8975,366.9091,26328.0,34989.0,0.674,Echolocation,20221017_033000.WAV,
367.0345,367.0449,26328.0,35183.0,0.658,Echolocation,20221017_033000.WAV,
367.1745,367.184,26328.0,34403.0,0.688,Echolocation,20221017_033000.WAV,
367.4325,367.444,26328.0,35479.0,0.662,Echolocation,20221017_033000.WAV,
367.5705,367.5824,26328.0,37108.0,0.662,Echolocation,20221017_033000.WAV,
367.7205,367.7339,25468.0,34899.0,0.619,Echolocation,20221017_033000.WAV,
367.9895,368.0011,26328.0,38649.0,0.619,Echolocation,20221017_033000.WAV,
368.1515,368.1651,25468.0,38978.0,0.648,Echolocation,20221017_033000.WAV,
368.2925,368.3089,24609.0,36513.0,0.616,Echolocation,20221017_033000.WAV,
368.4485,368.465,23750.0,34667.0,0.59,Echolocation,20221017_033000.WAV,
368.7345,368.7497,24609.0,35974.0,0.629,Echolocation,20221017_033000.WAV,
368.8955,368.9093,25468.0,35799.0,0.543,Echolocation,20221017_033000.WAV,
369.0585,369.0733,25468.0,36895.0,0.542,Echolocation,20221017_033000.WAV,
369.3225,369.3368,24609.0,37285.0,0.621,Echolocation,20221017_033000.WAV,
369.5795,369.5952,24609.0,34849.0,0.608,Echolocation,20221017_033000.WAV,
369.8645,369.8778,23750.0,38136.0,0.648,Echolocation,20221017_033000.WAV,
370.0365,370.0516,25468.0,37084.0,0.581,Echolocation,20221017_033000.WAV,
370.3245,370.3395,24609.0,35978.0,0.645,Echolocation,20221017_033000.WAV,
370.5265,370.5419,24609.0,37326.0,0.678,Echolocation,20221017_033000.WAV,
370.7665,370.7815,24609.0,31271.0,0.674,Echolocation,20221017_033000.WAV,
371.4655,371.4793,24609.0,31449.0,0.552,Echolocation,20221017_033000.WAV,
371.7125,371.7295,23750.0,35457.0,0.51,Echolocation,20221017_033000.WAV,
372.1435,372.1593,23750.0,33826.0,0.528,Echolocation,20221017_033000.WAV,
372.5615,372.5788,24609.0,30588.0,0.557,Echolocation,20221017_033000.WAV,
372.8575,372.8722,24609.0,31988.0,0.527,Echolocation,20221017_033000.WAV,
1327.8905,1327.9034,24609.0,29210.0,0.663,Echolocation,20221017_033000.WAV,
1328.4865,1328.5024,24609.0,29016.0,0.595,Echolocation,20221017_033000.WAV,
1328.7765,1328.788,24609.0,30559.0,0.57,Echolocation,20221017_033000.WAV,
1329.0605,1329.0727,24609.0,29947.0,0.688,Echolocation,20221017_033000.WAV,
1329.4635,1329.4781,23750.0,28200.0,0.577,Echolocation,20221017_033000.WAV,
1329.7655,1329.7776,24609.0,30898.0,0.684,Echolocation,20221017_033000.WAV,
1329.8565,1329.8689,25468.0,31469.0,0.551,Echolocation,20221017_033000.WAV,
1331.4735,1331.4865,23750.0,28774.0,0.543,Echolocation,20221017_033000.WAV,
1332.7635,1332.7764,24609.0,29562.0,0.508,Echolocation,20221017_033000.WAV,
1333.3585,1333.3702,24609.0,29755.0,0.566,Echolocation,20221017_033000.WAV,
1333.7395,1333.7529,23750.0,28423.0,0.548,Echolocation,20221017_033000.WAV,
1337.2705,1337.2819,25468.0,31774.0,0.57,Echolocation,20221017_033000.WAV,
1338.9975,1339.0104,25468.0,31076.0,0.57,Echolocation,20221017_033000.WAV,
1339.2525,1339.2647,25468.0,31523.0,0.638,Echolocation,20221017_033000.WAV,
1339.5165,1339.5284,25468.0,31236.0,0.665,Echolocation,20221017_033000.WAV,
1339.7755,1339.7886,25468.0,31029.0,0.632,Echolocation,20221017_033000.WAV,
1340.0335,1340.0467,25468.0,30644.0,0.635,Echolocation,20221017_033000.WAV,
1340.2725,1340.2863,25468.0,32402.0,0.63,Echolocation,20221017_033000.WAV,
1340.4055,1340.4194,25468.0,31541.0,0.594,Echolocation,20221017_033000.WAV,
1340.6455,1340.6577,25468.0,32441.0,0.603,Echolocation,20221017_033000.WAV,
1340.8795,1340.8934,25468.0,31168.0,0.606,Echolocation,20221017_033000.WAV,
1341.3715,1341.3851,24609.0,29925.0,0.548,Echolocation,20221017_033000.WAV,
1341.6175,1341.6296,25468.0,32727.0,0.53,Echolocation,20221017_033000.WAV,
1342.1375,1342.149,25468.0,33764.0,0.589,Echolocation,20221017_033000.WAV,
1342.3995,1342.4115,25468.0,30722.0,0.65,Echolocation,20221017_033000.WAV,
1342.6575,1342.6705,25468.0,33287.0,0.628,Echolocation,20221017_033000.WAV,
1342.7955,1342.8068,27187.0,34548.0,0.547,Echolocation,20221017_033000.WAV,
1343.0415,1343.0503,27187.0,35029.0,0.631,Echolocation,20221017_033000.WAV,
1343.1615,1343.1733,26328.0,32184.0,0.512,Echolocation,20221017_033000.WAV,
1343.3925,1343.4036,26328.0,32913.0,0.666,Echolocation,20221017_033000.WAV,
1343.5315,1343.5417,26328.0,32529.0,0.607,Echolocation,20221017_033000.WAV,
1343.7935,1343.806,26328.0,36881.0,0.593,Echolocation,20221017_033000.WAV,
1343.9385,1343.9482,26328.0,34176.0,0.584,Echolocation,20221017_033000.WAV,
1344.0835,1344.0938,27187.0,36278.0,0.576,Echolocation,20221017_033000.WAV,
1344.2235,1344.2359,26328.0,33946.0,0.516,Echolocation,20221017_033000.WAV,
1344.4685,1344.4785,26328.0,33326.0,0.636,Echolocation,20221017_033000.WAV,
1344.6255,1344.6366,26328.0,34227.0,0.566,Echolocation,20221017_033000.WAV,
1344.8765,1344.8879,26328.0,34101.0,0.572,Echolocation,20221017_033000.WAV,
1345.0135,1345.0232,27187.0,37614.0,0.569,Echolocation,20221017_033000.WAV,
1345.2345,1345.2459,26328.0,35417.0,0.632,Echolocation,20221017_033000.WAV,
1345.3575,1345.3685,27187.0,37028.0,0.551,Echolocation,20221017_033000.WAV,
1345.7975,1345.8091,26328.0,41433.0,0.706,Echolocation,20221017_033000.WAV,
1346.0205,1346.0317,25468.0,38253.0,0.725,Echolocation,20221017_033000.WAV,
1346.2415,1346.2523,26328.0,41981.0,0.685,Echolocation,20221017_033000.WAV,
1346.4515,1346.4632,26328.0,43149.0,0.614,Echolocation,20221017_033000.WAV,
1346.5595,1346.5718,28046.0,39685.0,0.602,Echolocation,20221017_033000.WAV,
1346.7475,1346.7562,26328.0,36210.0,0.61,Echolocation,20221017_033000.WAV,
1346.9625,1346.9736,26328.0,37793.0,0.593,Echolocation,20221017_033000.WAV,
1347.2685,1347.2775,26328.0,36855.0,0.582,Echolocation,20221017_033000.WAV,
1541.7575,1541.7684,25468.0,33379.0,0.608,Echolocation,20221017_033000.WAV,
1542.3925,1542.4047,24609.0,31458.0,0.555,Echolocation,20221017_033000.WAV,
1542.7635,1542.775,25468.0,33337.0,0.562,Echolocation,20221017_033000.WAV,
1542.9085,1542.92,25468.0,32139.0,0.555,Echolocation,20221017_033000.WAV,
1543.1535,1543.1675,23750.0,31016.0,0.537,Echolocation,20221017_033000.WAV,
1543.2955,1543.3061,25468.0,32127.0,0.672,Echolocation,20221017_033000.WAV,
1543.5405,1543.5547,23750.0,30205.0,0.552,Echolocation,20221017_033000.WAV,
1543.6835,1543.6955,25468.0,32498.0,0.561,Echolocation,20221017_033000.WAV,
1543.9505,1543.9623,25468.0,35786.0,0.631,Echolocation,20221017_033000.WAV,
1544.0915,1544.1023,25468.0,33292.0,0.62,Echolocation,20221017_033000.WAV,
1545.0445,1545.055,24609.0,31530.0,0.528,Echolocation,20221017_033000.WAV,
1545.4555,1545.4689,24609.0,32147.0,0.569,Echolocation,20221017_033000.WAV,
1545.6895,1545.703,25468.0,35245.0,0.566,Echolocation,20221017_033000.WAV,
1682.8855,1682.8933,40937.0,51656.0,0.555,Echolocation,20221017_033000.WAV,
1682.9985,1683.0069,38359.0,47589.0,0.52,Echolocation,20221017_033000.WAV,
1683.1155,1683.1243,40937.0,51215.0,0.59,Echolocation,20221017_033000.WAV,
1683.2275,1683.237,40078.0,47590.0,0.506,Echolocation,20221017_033000.WAV,
1683.4165,1683.4244,41796.0,51424.0,0.612,Echolocation,20221017_033000.WAV,
1683.5295,1683.5385,40078.0,48876.0,0.556,Echolocation,20221017_033000.WAV,
1683.7245,1683.7326,40937.0,54160.0,0.584,Echolocation,20221017_033000.WAV,
1683.8295,1683.8368,40078.0,51504.0,0.634,Echolocation,20221017_033000.WAV,
1683.9225,1683.9313,40078.0,52106.0,0.63,Echolocation,20221017_033000.WAV,
1684.0945,1684.1039,40078.0,53573.0,0.566,Echolocation,20221017_033000.WAV,
1684.2045,1684.213,38359.0,50730.0,0.503,Echolocation,20221017_033000.WAV,
1684.4205,1684.429,39218.0,50525.0,0.616,Echolocation,20221017_033000.WAV,
1684.5375,1684.5459,40078.0,50122.0,0.576,Echolocation,20221017_033000.WAV,
1684.7575,1684.7671,37500.0,53745.0,0.579,Echolocation,20221017_033000.WAV,
1684.9105,1684.9198,38359.0,54419.0,0.631,Echolocation,20221017_033000.WAV,
1685.0985,1685.1077,36640.0,57705.0,0.562,Echolocation,20221017_033000.WAV,
1685.2225,1685.2317,38359.0,55059.0,0.685,Echolocation,20221017_033000.WAV,
1685.3475,1685.3572,38359.0,56585.0,0.654,Echolocation,20221017_033000.WAV,
1685.4685,1685.4778,38359.0,52388.0,0.662,Echolocation,20221017_033000.WAV,
1685.6775,1685.688,38359.0,58522.0,0.557,Echolocation,20221017_033000.WAV,
1685.7895,1685.7985,38359.0,49223.0,0.621,Echolocation,20221017_033000.WAV,
1685.9835,1685.9929,36640.0,53701.0,0.544,Echolocation,20221017_033000.WAV,
1686.0855,1686.0939,36640.0,50277.0,0.516,Echolocation,20221017_033000.WAV,
1686.2685,1686.278,38359.0,55200.0,0.636,Echolocation,20221017_033000.WAV,
1686.3675,1686.3761,40078.0,52370.0,0.602,Echolocation,20221017_033000.WAV,
1686.5605,1686.5689,39218.0,50601.0,0.55,Echolocation,20221017_033000.WAV,
1686.6735,1686.6822,38359.0,48006.0,0.54,Echolocation,20221017_033000.WAV,
284.8885,284.9013,25468.0,29871.0,0.642,Echolocation,20221017_040000.WAV,
285.6675,285.6805,26328.0,30188.0,0.539,Echolocation,20221017_040000.WAV,
285.9545,285.9682,25468.0,30556.0,0.649,Echolocation,20221017_040000.WAV,
286.5705,286.5864,25468.0,28575.0,0.547,Echolocation,20221017_040000.WAV,
286.9335,286.9468,25468.0,29136.0,0.628,Echolocation,20221017_040000.WAV,
287.1875,287.2007,25468.0,29480.0,0.568,Echolocation,20221017_040000.WAV,
287.6985,287.7177,25468.0,28655.0,0.521,Echolocation,20221017_040000.WAV,
288.2075,288.2221,25468.0,28541.0,0.609,Echolocation,20221017_040000.WAV,
289.4515,289.4664,25468.0,29080.0,0.651,Echolocation,20221017_040000.WAV,
289.9675,289.9814,26328.0,30311.0,0.632,Echolocation,20221017_040000.WAV,
290.2235,290.2398,25468.0,28866.0,0.516,Echolocation,20221017_040000.WAV,
290.4755,290.4902,24609.0,28660.0,0.694,Echolocation,20221017_040000.WAV,
290.8555,290.8707,24609.0,28654.0,0.517,Echolocation,20221017_040000.WAV,
291.0995,291.1158,24609.0,28410.0,0.581,Echolocation,20221017_040000.WAV,
292.4745,292.4904,25468.0,28876.0,0.573,Echolocation,20221017_040000.WAV,
293.0615,293.0764,25468.0,30420.0,0.574,Echolocation,20221017_040000.WAV,
293.4415,293.4581,24609.0,28468.0,0.557,Echolocation,20221017_040000.WAV,
294.2235,294.24,24609.0,27777.0,0.671,Echolocation,20221017_040000.WAV,
294.8355,294.8537,24609.0,28126.0,0.52,Echolocation,20221017_040000.WAV,
295.4395,295.4536,25468.0,29426.0,0.638,Echolocation,20221017_040000.WAV,
296.8745,296.8909,25468.0,28104.0,0.518,Echolocation,20221017_040000.WAV,
298.8935,298.9119,24609.0,28221.0,0.511,Echolocation,20221017_040000.WAV,
300.4885,300.5065,24609.0,28779.0,0.593,Echolocation,20221017_040000.WAV,
301.8115,301.8229,26328.0,31634.0,0.631,Echolocation,20221017_040000.WAV,
302.6255,302.641,25468.0,29531.0,0.573,Echolocation,20221017_040000.WAV,
317.4685,317.4813,25468.0,30033.0,0.502,Echolocation,20221017_040000.WAV,
318.1805,318.1915,26328.0,31014.0,0.532,Echolocation,20221017_040000.WAV,
318.5175,318.5303,25468.0,29494.0,0.598,Echolocation,20221017_040000.WAV,
319.2625,319.2739,25468.0,32320.0,0.621,Echolocation,20221017_040000.WAV,
319.4725,319.4867,25468.0,29747.0,0.52,Echolocation,20221017_040000.WAV,
319.7025,319.715,25468.0,30771.0,0.502,Echolocation,20221017_040000.WAV,
320.1385,320.1516,25468.0,29775.0,0.645,Echolocation,20221017_040000.WAV,
320.3415,320.35699999999997,25468.0,28562.0,0.575,Echolocation,20221017_040000.WAV,
320.6745,320.691,24609.0,27993.0,0.579,Echolocation,20221017_040000.WAV,
321.3915,321.4045,25468.0,30391.0,0.539,Echolocation,20221017_040000.WAV,
321.6325,321.6463,25468.0,29324.0,0.635,Echolocation,20221017_040000.WAV,
321.7685,321.7814,26328.0,32421.0,0.632,Echolocation,20221017_040000.WAV,
322.1575,322.1712,26328.0,32689.0,0.538,Echolocation,20221017_040000.WAV,
322.3785,322.392,25468.0,28562.0,0.516,Echolocation,20221017_040000.WAV,
322.8685,322.8843,25468.0,29523.0,0.531,Echolocation,20221017_040000.WAV,
323.4615,323.4762,25468.0,28481.0,0.584,Echolocation,20221017_040000.WAV,
323.6965,323.7135,24609.0,28322.0,0.603,Echolocation,20221017_040000.WAV,
324.0415,324.05740000000003,25468.0,29221.0,0.521,Echolocation,20221017_040000.WAV,
324.7345,324.7476,25468.0,30375.0,0.672,Echolocation,20221017_040000.WAV,
776.3985,776.4139,26328.0,30979.0,0.569,Echolocation,20221017_040000.WAV,
776.5985000000001,776.615,26328.0,33314.0,0.567,Echolocation,20221017_040000.WAV,
776.8525,776.8681,26328.0,31685.0,0.633,Echolocation,20221017_040000.WAV,
777.0885,777.1054,26328.0,28837.0,0.593,Echolocation,20221017_040000.WAV,
777.4405,777.4561,26328.0,29681.0,0.653,Echolocation,20221017_040000.WAV,
777.8015,777.815,25468.0,30658.0,0.659,Echolocation,20221017_040000.WAV,
778.1475,778.1662,25468.0,29388.0,0.545,Echolocation,20221017_040000.WAV,
778.5185,778.533,25468.0,30798.0,0.66,Echolocation,20221017_040000.WAV,
778.7705,778.7894,25468.0,29849.0,0.571,Echolocation,20221017_040000.WAV,
779.4855,779.5022,26328.0,28902.0,0.511,Echolocation,20221017_040000.WAV,
779.7205,779.736,25468.0,32573.0,0.552,Echolocation,20221017_040000.WAV,
780.0565,780.0738,26328.0,29627.0,0.559,Echolocation,20221017_040000.WAV,
780.2765,780.2916,26328.0,33124.0,0.592,Echolocation,20221017_040000.WAV,
780.4815,780.4969,27187.0,32754.0,0.514,Echolocation,20221017_040000.WAV,
1244.0295,1244.042,25468.0,30424.0,0.504,Echolocation,20221017_040000.WAV,
1245.7595,1245.7738,25468.0,30271.0,0.548,Echolocation,20221017_040000.WAV,
1246.3425,1246.3585,26328.0,29732.0,0.527,Echolocation,20221017_040000.WAV,
1246.5955,1246.6073,25468.0,30302.0,0.588,Echolocation,20221017_040000.WAV,
1246.8375,1246.8511,26328.0,30223.0,0.557,Echolocation,20221017_040000.WAV,
1247.1665,1247.1808,26328.0,30210.0,0.608,Echolocation,20221017_040000.WAV,
1247.3275,1247.3414,25468.0,32682.0,0.6,Echolocation,20221017_040000.WAV,
1247.5725,1247.5865,25468.0,29079.0,0.64,Echolocation,20221017_040000.WAV,
1247.8225,1247.835,25468.0,29916.0,0.616,Echolocation,20221017_040000.WAV,
1248.0745,1248.0895,25468.0,31182.0,0.541,Echolocation,20221017_040000.WAV,
1248.4825,1248.4972,25468.0,29263.0,0.597,Echolocation,20221017_040000.WAV,
1249.4605,1249.4726,26328.0,30899.0,0.502,Echolocation,20221017_040000.WAV,
1274.1995,1274.2059,43515.0,53476.0,0.567,Echolocation,20221017_040000.WAV,
1274.4015,1274.4092,43515.0,55007.0,0.618,Echolocation,20221017_040000.WAV,
1274.6075,1274.6134,44375.0,53395.0,0.545,Echolocation,20221017_040000.WAV,
1274.7035,1274.7096,43515.0,56181.0,0.722,Echolocation,20221017_040000.WAV,
1274.8055,1274.8132,43515.0,56567.0,0.682,Echolocation,20221017_040000.WAV,
1274.9115,1274.9172,43515.0,54834.0,0.645,Echolocation,20221017_040000.WAV,
1275.0055,1275.0127,44375.0,57033.0,0.682,Echolocation,20221017_040000.WAV,
1275.1095,1275.1168,44375.0,58562.0,0.615,Echolocation,20221017_040000.WAV,
1275.2865,1275.2938,42656.0,59849.0,0.699,Echolocation,20221017_040000.WAV,
1275.4895,1275.4974,41796.0,58629.0,0.688,Echolocation,20221017_040000.WAV,
1275.5975,1275.604,43515.0,53229.0,0.657,Echolocation,20221017_040000.WAV,
1275.6925,1275.6983,41796.0,54760.0,0.628,Echolocation,20221017_040000.WAV,
1275.7915,1275.7994,42656.0,53777.0,0.579,Echolocation,20221017_040000.WAV,
1275.8835,1275.8904,42656.0,60299.0,0.728,Echolocation,20221017_040000.WAV,
1276.0665,1276.075,41796.0,57348.0,0.617,Echolocation,20221017_040000.WAV,
1276.1715,1276.1779,43515.0,50770.0,0.577,Echolocation,20221017_040000.WAV,
1276.2705,1276.2772,41796.0,54875.0,0.559,Echolocation,20221017_040000.WAV,
1276.4605,1276.4701,42656.0,55444.0,0.579,Echolocation,20221017_040000.WAV,
1276.5615,1276.5685,43515.0,50356.0,0.537,Echolocation,20221017_040000.WAV,
1276.6595,1276.668,42656.0,54059.0,0.639,Echolocation,20221017_040000.WAV,
1276.7525,1276.7634,42656.0,56403.0,0.576,Echolocation,20221017_040000.WAV,
1277.1785,1277.1845,44375.0,56791.0,0.549,Echolocation,20221017_040000.WAV,
1278.7685,1278.7745,44375.0,53379.0,0.668,Echolocation,20221017_040000.WAV,
1278.8535,1278.8598,42656.0,51652.0,0.566,Echolocation,20221017_040000.WAV,
1278.9385,1278.9454,43515.0,53823.0,0.591,Echolocation,20221017_040000.WAV,
1279.0255,1279.0331,44375.0,50835.0,0.649,Echolocation,20221017_040000.WAV,
1279.1115,1279.1226,42656.0,54075.0,0.526,Echolocation,20221017_040000.WAV,
1279.2015,1279.2086,43515.0,49475.0,0.539,Echolocation,20221017_040000.WAV,
1289.7395,1289.7455,45234.0,60280.0,0.533,Echolocation,20221017_040000.WAV,
1289.8855,1289.8917,46093.0,60992.0,0.503,Echolocation,20221017_040000.WAV,
1290.0865,1290.0922,46093.0,60287.0,0.534,Echolocation,20221017_040000.WAV,
1290.1755,1290.1807,45234.0,59915.0,0.7,Echolocation,20221017_040000.WAV,
1290.2695,1290.2748,44375.0,56274.0,0.656,Echolocation,20221017_040000.WAV,
1290.3635,1290.3701,44375.0,64303.0,0.664,Echolocation,20221017_040000.WAV,
1290.4605,1290.4672,45234.0,58432.0,0.605,Echolocation,20221017_040000.WAV,
1290.5585,1290.5641,43515.0,62504.0,0.607,Echolocation,20221017_040000.WAV,
1290.6565,1290.6617,45234.0,63313.0,0.634,Echolocation,20221017_040000.WAV,
1290.8485,1290.855,46093.0,63879.0,0.593,Echolocation,20221017_040000.WAV,
1290.9415,1290.9467,42656.0,65409.0,0.532,Echolocation,20221017_040000.WAV,
1291.0365,1291.0419,44375.0,57069.0,0.659,Echolocation,20221017_040000.WAV,
1291.1365,1291.1416,44375.0,64204.0,0.55,Echolocation,20221017_040000.WAV,
1291.2335,1291.241,42656.0,59374.0,0.503,Echolocation,20221017_040000.WAV,
1291.3355,1291.34,42656.0,65574.0,0.507,Echolocation,20221017_040000.WAV,
1291.4415,1291.4463,43515.0,62732.0,0.608,Echolocation,20221017_040000.WAV,
1291.5395,1291.5461,40937.0,65691.0,0.526,Echolocation,20221017_040000.WAV,
1291.7735,1291.7792,43515.0,67958.0,0.655,Echolocation,20221017_040000.WAV,
1291.8585,1291.8634,45234.0,66768.0,0.512,Echolocation,20221017_040000.WAV,
1291.9545,1291.9604,45234.0,62035.0,0.705,Echolocation,20221017_040000.WAV,
1292.0475,1292.0539,39218.0,75009.0,0.524,Echolocation,20221017_040000.WAV,
1292.2455,1292.2519,40078.0,72686.0,0.557,Echolocation,20221017_040000.WAV,
1292.4475,1292.4535,43515.0,71486.0,0.764,Echolocation,20221017_040000.WAV,
1292.5495,1292.5552,42656.0,56702.0,0.618,Echolocation,20221017_040000.WAV,
1292.6485,1292.6545,41796.0,65303.0,0.59,Echolocation,20221017_040000.WAV,
1292.7545,1292.7634,44375.0,59930.0,0.563,Echolocation,20221017_040000.WAV,
1292.8275,1292.8351,46093.0,62928.0,0.554,Echolocation,20221017_040000.WAV,
1292.8945,1292.907,44375.0,52732.0,0.501,Echolocation,20221017_040000.WAV,
1292.9845,1292.9912,42656.0,59351.0,0.523,Echolocation,20221017_040000.WAV,
1293.0745,1293.0838,42656.0,61224.0,0.612,Echolocation,20221017_040000.WAV,
1293.3425,1293.35,41796.0,60091.0,0.532,Echolocation,20221017_040000.WAV,
1293.5425,1293.5509,42656.0,59282.0,0.6,Echolocation,20221017_040000.WAV,
1293.6555,1293.6616,43515.0,57907.0,0.53,Echolocation,20221017_040000.WAV,
1293.7925,1293.8007,42656.0,61695.0,0.631,Echolocation,20221017_040000.WAV,
1293.9895,1293.9967,41796.0,56065.0,0.561,Echolocation,20221017_040000.WAV,
1294.0935,1294.1024,41796.0,54021.0,0.511,Echolocation,20221017_040000.WAV,
1294.2865,1294.2951,42656.0,56895.0,0.57,Echolocation,20221017_040000.WAV,
1294.3835,1294.3898,43515.0,57149.0,0.588,Echolocation,20221017_040000.WAV,
1294.6755,1294.6851,43515.0,50336.0,0.525,Echolocation,20221017_040000.WAV,
179.1135,179.1292,25468.0,28805.0,0.542,Echolocation,20221017_043000.WAV,
875.2865,875.3001,26328.0,30833.0,0.604,Echolocation,20221017_043000.WAV,
875.7825,875.7974,26328.0,30616.0,0.577,Echolocation,20221017_043000.WAV,
876.0215,876.036,26328.0,29390.0,0.649,Echolocation,20221017_043000.WAV,
876.2845,876.2975,26328.0,30585.0,0.67,Echolocation,20221017_043000.WAV,
877.4535,877.4682,25468.0,29990.0,0.598,Echolocation,20221017_043000.WAV,
877.6115,877.6279,26328.0,30111.0,0.603,Echolocation,20221017_043000.WAV,
877.8345,877.8485,26328.0,30866.0,0.614,Echolocation,20221017_043000.WAV,
878.2015,878.2178,26328.0,29902.0,0.583,Echolocation,20221017_043000.WAV,
878.3595,878.3744,26328.0,31102.0,0.62,Echolocation,20221017_043000.WAV,
878.5105,878.5237,26328.0,32001.0,0.614,Echolocation,20221017_043000.WAV,
878.7485,878.7637,26328.0,28649.0,0.621,Echolocation,20221017_043000.WAV,
879.1035,879.1197,26328.0,29735.0,0.568,Echolocation,20221017_043000.WAV,
879.3465,879.3614,26328.0,30488.0,0.628,Echolocation,20221017_043000.WAV,
879.7155,879.7313,25468.0,29882.0,0.619,Echolocation,20221017_043000.WAV,
879.9455,879.9641,25468.0,29360.0,0.606,Echolocation,20221017_043000.WAV,
880.1855,880.2018,25468.0,29631.0,0.608,Echolocation,20221017_043000.WAV,
880.4255,880.4384,25468.0,31571.0,0.596,Echolocation,20221017_043000.WAV,
880.8525,880.8661,27187.0,36672.0,0.635,Echolocation,20221017_043000.WAV,
881.0955,881.1115,25468.0,29297.0,0.679,Echolocation,20221017_043000.WAV,
881.3455,881.3616,25468.0,28966.0,0.692,Echolocation,20221017_043000.WAV,
881.6005,881.6159,25468.0,28909.0,0.663,Echolocation,20221017_043000.WAV,
881.8475,881.8643,25468.0,28933.0,0.703,Echolocation,20221017_043000.WAV,
882.1045,882.1209,26328.0,28635.0,0.659,Echolocation,20221017_043000.WAV,
882.3805,882.3969,25468.0,30805.0,0.591,Echolocation,20221017_043000.WAV,
882.6145,882.6312,25468.0,30081.0,0.639,Echolocation,20221017_043000.WAV,
882.8395,882.8537,26328.0,37479.0,0.624,Echolocation,20221017_043000.WAV,
883.0725,883.0876,25468.0,33027.0,0.598,Echolocation,20221017_043000.WAV,
883.1975,883.2089,27187.0,37903.0,0.536,Echolocation,20221017_043000.WAV,
883.4055,883.4183,26328.0,34372.0,0.606,Echolocation,20221017_043000.WAV,
883.6575,883.6681,26328.0,36064.0,0.577,Echolocation,20221017_043000.WAV,
883.7805,883.7927,26328.0,40640.0,0.567,Echolocation,20221017_043000.WAV,
883.9005,883.9112,26328.0,35393.0,0.558,Echolocation,20221017_043000.WAV,
885.5145,885.5295,25468.0,32476.0,0.551,Echolocation,20221017_043000.WAV,
885.6615,885.6751,26328.0,32222.0,0.512,Echolocation,20221017_043000.WAV,
887.2805,887.2997,25468.0,29326.0,0.531,Echolocation,20221017_043000.WAV,
887.6635,887.6784,25468.0,30656.0,0.574,Echolocation,20221017_043000.WAV,
888.0095,888.0261,25468.0,29062.0,0.549,Echolocation,20221017_043000.WAV,
888.3725,888.3860999999999,24609.0,29098.0,0.524,Echolocation,20221017_043000.WAV,
1000.5675,1000.584,24609.0,28437.0,0.512,Echolocation,20221017_043000.WAV,
1001.1595,1001.173,25468.0,28533.0,0.611,Echolocation,20221017_043000.WAV,
1001.4315,1001.4443,25468.0,29586.0,0.644,Echolocation,20221017_043000.WAV,
1001.8805,1001.8932,25468.0,30081.0,0.548,Echolocation,20221017_043000.WAV,
1002.1745,1002.1872,25468.0,31330.0,0.628,Echolocation,20221017_043000.WAV,
1002.4525,1002.4651,25468.0,31514.0,0.723,Echolocation,20221017_043000.WAV,
1002.6945,1002.7078,25468.0,29267.0,0.679,Echolocation,20221017_043000.WAV,
1002.9355,1002.9503,24609.0,28736.0,0.702,Echolocation,20221017_043000.WAV,
1003.1645,1003.176,25468.0,31586.0,0.701,Echolocation,20221017_043000.WAV,
1003.3905,1003.4033,25468.0,29058.0,0.69,Echolocation,20221017_043000.WAV,
1003.6335,1003.6466,25468.0,31304.0,0.697,Echolocation,20221017_043000.WAV,
1003.8675,1003.8825,26328.0,30223.0,0.569,Echolocation,20221017_043000.WAV,
1004.0955,1004.109,25468.0,30749.0,0.612,Echolocation,20221017_043000.WAV,
1004.5305,1004.5432,25468.0,30512.0,0.643,Echolocation,20221017_043000.WAV,
1004.7605,1004.7724,25468.0,31218.0,0.751,Echolocation,20221017_043000.WAV,
1005.0995,1005.1136,24609.0,29987.0,0.675,Echolocation,20221017_043000.WAV,
1005.3285,1005.3408,24609.0,29694.0,0.756,Echolocation,20221017_043000.WAV,
1005.5565,1005.5701,25468.0,30051.0,0.673,Echolocation,20221017_043000.WAV,
1005.8765,1005.8895,25468.0,29325.0,0.734,Echolocation,20221017_043000.WAV,
1006.1075,1006.1208,25468.0,31746.0,0.667,Echolocation,20221017_043000.WAV,
1006.3215,1006.3344,25468.0,31266.0,0.707,Echolocation,20221017_043000.WAV,
1006.5425,1006.556,25468.0,32209.0,0.676,Echolocation,20221017_043000.WAV,
1006.7755,1006.7889,25468.0,31394.0,0.671,Echolocation,20221017_043000.WAV,
1006.9255,1006.9404,26328.0,35916.0,0.601,Echolocation,20221017_043000.WAV,
1007.1514999999999,1007.1648,25468.0,32347.0,0.696,Echolocation,20221017_043000.WAV,
1007.3715,1007.386,25468.0,32570.0,0.644,Echolocation,20221017_043000.WAV,
1007.5925,1007.6061,25468.0,33734.0,0.664,Echolocation,20221017_043000.WAV,
1007.8085,1007.8238,25468.0,31600.0,0.596,Echolocation,20221017_043000.WAV,
1008.0295,1008.0443,25468.0,32972.0,0.546,Echolocation,20221017_043000.WAV,
1008.4595,1008.475,25468.0,32119.0,0.503,Echolocation,20221017_043000.WAV,
1652.1505,1652.1636,26328.0,30269.0,0.504,Echolocation,20221017_043000.WAV,
1652.7245,1652.7391,26328.0,30834.0,0.586,Echolocation,20221017_043000.WAV,
1653.1305,1653.1428,26328.0,32147.0,0.661,Echolocation,20221017_043000.WAV,
1653.4835,1653.4993,27187.0,30956.0,0.558,Echolocation,20221017_043000.WAV,
1653.7285,1653.7432,26328.0,30438.0,0.617,Echolocation,20221017_043000.WAV,
1653.9525,1653.9651,27187.0,32857.0,0.689,Echolocation,20221017_043000.WAV,
1654.1865,1654.199,27187.0,34441.0,0.622,Echolocation,20221017_043000.WAV,
1654.4225,1654.4363,26328.0,31329.0,0.63,Echolocation,20221017_043000.WAV,
1654.7825,1654.7984,26328.0,30305.0,0.677,Echolocation,20221017_043000.WAV,
1655.2555,1655.2723,26328.0,29870.0,0.64,Echolocation,20221017_043000.WAV,
1655.4875,1655.5034,27187.0,33369.0,0.596,Echolocation,20221017_043000.WAV,
1655.9525,1655.9682,26328.0,30984.0,0.566,Echolocation,20221017_043000.WAV,
1656.3115,1656.3254,26328.0,30834.0,0.651,Echolocation,20221017_043000.WAV,
1656.5535,1656.5698,26328.0,30114.0,0.553,Echolocation,20221017_043000.WAV,
1657.2645,1657.2804,26328.0,29998.0,0.682,Echolocation,20221017_043000.WAV,
1658.0855,1658.1026,26328.0,29586.0,0.554,Echolocation,20221017_043000.WAV,
1658.2025,1658.2172,26328.0,31131.0,0.704,Echolocation,20221017_043000.WAV,
1658.5515,1658.5676,26328.0,29906.0,0.674,Echolocation,20221017_043000.WAV,
1658.8035,1658.8211,26328.0,29543.0,0.591,Echolocation,20221017_043000.WAV,
1659.1375,1659.1536,26328.0,30260.0,0.685,Echolocation,20221017_043000.WAV,
1659.4865,1659.5025,26328.0,28905.0,0.76,Echolocation,20221017_043000.WAV,
1659.7385,1659.7571,25468.0,29544.0,0.596,Echolocation,20221017_043000.WAV,
1660.0825,1660.098,26328.0,29592.0,0.725,Echolocation,20221017_043000.WAV,
1660.5435,1660.5604,26328.0,30175.0,0.571,Echolocation,20221017_043000.WAV,
1660.6655,1660.6789,27187.0,34174.0,0.722,Echolocation,20221017_043000.WAV,
1661.0395,1661.0567,26328.0,31345.0,0.595,Echolocation,20221017_043000.WAV,
1661.4395,1661.4512,27187.0,36843.0,0.664,Echolocation,20221017_043000.WAV,
1661.7785,1661.7947,26328.0,30400.0,0.649,Echolocation,20221017_043000.WAV,
1662.3685,1662.385,26328.0,29612.0,0.635,Echolocation,20221017_043000.WAV,
1662.7455,1662.7605,26328.0,29180.0,0.709,Echolocation,20221017_043000.WAV,
1662.8945,1662.9096,27187.0,34194.0,0.534,Echolocation,20221017_043000.WAV,
1663.1285,1663.1457,26328.0,29362.0,0.615,Echolocation,20221017_043000.WAV,
1663.7015,1663.7189,26328.0,29054.0,0.588,Echolocation,20221017_043000.WAV,
1663.9375,1663.9558,26328.0,30538.0,0.539,Echolocation,20221017_043000.WAV,
1664.5575,1664.5741,26328.0,29652.0,0.602,Echolocation,20221017_043000.WAV,
1667.1805,1667.1967,25468.0,29464.0,0.595,Echolocation,20221017_043000.WAV,
1667.4275,1667.4443,26328.0,30070.0,0.575,Echolocation,20221017_043000.WAV,
1667.8815,1667.8951,25468.0,31416.0,0.74,Echolocation,20221017_043000.WAV,
1668.1195,1668.1339,26328.0,29679.0,0.566,Echolocation,20221017_043000.WAV,
1668.7245,1668.7375,26328.0,31470.0,0.623,Echolocation,20221017_043000.WAV,
1668.9685,1668.9842,26328.0,29765.0,0.543,Echolocation,20221017_043000.WAV,
1669.3465,1669.361,26328.0,30030.0,0.511,Echolocation,20221017_043000.WAV,
244.92849999999999,244.9446,26328.0,29321.0,0.6,Echolocation,20221017_050000.WAV,
245.6365,245.6565,26328.0,28975.0,0.558,Echolocation,20221017_050000.WAV,
245.7675,245.7809,27187.0,32375.0,0.643,Echolocation,20221017_050000.WAV,
247.0025,247.0188,25468.0,29448.0,0.538,Echolocation,20221017_050000.WAV,
247.2305,247.2492,26328.0,29446.0,0.573,Echolocation,20221017_050000.WAV,
248.2095,248.2286,25468.0,29763.0,0.577,Echolocation,20221017_050000.WAV,
248.9295,248.9459,25468.0,29144.0,0.576,Echolocation,20221017_050000.WAV,
249.6385,249.6556,26328.0,28949.0,0.719,Echolocation,20221017_050000.WAV,
249.8835,249.9039,26328.0,29517.0,0.6,Echolocation,20221017_050000.WAV,
250.4855,250.5046,26328.0,29078.0,0.506,Echolocation,20221017_050000.WAV,
251.4255,251.4426,25468.0,29179.0,0.627,Echolocation,20221017_050000.WAV,
253.7895,253.8071,26328.0,29318.0,0.606,Echolocation,20221017_050000.WAV,
258.3215,258.3372,25468.0,28865.0,0.526,Echolocation,20221017_050000.WAV,
423.7505,423.7584,45234.0,58075.0,0.503,Echolocation,20221017_050000.WAV,
423.8475,423.8573,43515.0,57558.0,0.523,Echolocation,20221017_050000.WAV,
423.9515,423.9586,44375.0,61672.0,0.634,Echolocation,20221017_050000.WAV,
424.1485,424.1554,44375.0,56916.0,0.667,Echolocation,20221017_050000.WAV,
424.2425,424.2523,44375.0,57684.0,0.566,Echolocation,20221017_050000.WAV,
424.4355,424.4426,44375.0,59905.0,0.539,Echolocation,20221017_050000.WAV,
424.5305,424.5363,42656.0,61413.0,0.627,Echolocation,20221017_050000.WAV,
424.6235,424.6319,42656.0,66800.0,0.604,Echolocation,20221017_050000.WAV,
424.7205,424.7305,42656.0,59503.0,0.529,Echolocation,20221017_050000.WAV,
424.8225,424.8325,41796.0,63328.0,0.59,Echolocation,20221017_050000.WAV,
424.9285,424.9344,43515.0,64065.0,0.692,Echolocation,20221017_050000.WAV,
425.0255,425.0336,41796.0,64788.0,0.522,Echolocation,20221017_050000.WAV,
425.1195,425.1279,44375.0,63570.0,0.593,Echolocation,20221017_050000.WAV,
425.2175,425.2252,43515.0,61237.0,0.678,Echolocation,20221017_050000.WAV,
425.3205,425.3264,44375.0,65541.0,0.641,Echolocation,20221017_050000.WAV,
425.4195,425.425,42656.0,65964.0,0.648,Echolocation,20221017_050000.WAV,
425.5115,425.5188,43515.0,66724.0,0.584,Echolocation,20221017_050000.WAV,
425.6055,425.6117,42656.0,64226.0,0.62,Echolocation,20221017_050000.WAV,
425.7055,425.7124,44375.0,68417.0,0.658,Echolocation,20221017_050000.WAV,
425.8915,425.8973,41796.0,62190.0,0.525,Echolocation,20221017_050000.WAV,
425.9825,425.9885,41796.0,72888.0,0.502,Echolocation,20221017_050000.WAV,
426.3805,426.3863,43515.0,58805.0,0.651,Echolocation,20221017_050000.WAV,
427.0015,427.0072,42656.0,67780.0,0.54,Echolocation,20221017_050000.WAV,
427.5825,427.5885,35781.0,69088.0,0.515,Echolocation,20221017_050000.WAV,
428.3135,428.3203,44375.0,56508.0,0.587,Echolocation,20221017_050000.WAV,
428.3855,428.3923,42656.0,61383.0,0.559,Echolocation,20221017_050000.WAV,
428.5545,428.5611,44375.0,58760.0,0.601,Echolocation,20221017_050000.WAV,
428.6235,428.6305,43515.0,65125.0,0.556,Echolocation,20221017_050000.WAV,
428.7755,428.784,43515.0,60242.0,0.525,Echolocation,20221017_050000.WAV,
429.7095,429.7176,41796.0,58343.0,0.513,Echolocation,20221017_050000.WAV,
429.8945,429.9019,43515.0,57607.0,0.506,Echolocation,20221017_050000.WAV,
1133.1825,1133.1986,27187.0,31142.0,0.508,Echolocation,20221017_050000.WAV,
1134.6545,1134.6727,27187.0,30236.0,0.586,Echolocation,20221017_050000.WAV,
1136.0205,1136.0373,27187.0,29630.0,0.59,Echolocation,20221017_050000.WAV,
1136.8225,1136.8413,26328.0,29336.0,0.507,Echolocation,20221017_050000.WAV,
1137.5065,1137.526,26328.0,29913.0,0.649,Echolocation,20221017_050000.WAV,
1138.0975,1138.1133,27187.0,30574.0,0.551,Echolocation,20221017_050000.WAV,
1139.0145,1139.032,27187.0,29967.0,0.606,Echolocation,20221017_050000.WAV,
1139.6005,1139.6181,26328.0,29992.0,0.672,Echolocation,20221017_050000.WAV,
1141.4625,1141.481,26328.0,29196.0,0.565,Echolocation,20221017_050000.WAV,
1142.7325,1142.7494,26328.0,28724.0,0.656,Echolocation,20221017_050000.WAV,
1771.5735,1771.5879,26328.0,29870.0,0.621,Echolocation,20221017_050000.WAV,
1771.6895,1771.6944,50390.0,61984.0,0.5,Echolocation,20221017_050000.WAV,
1771.9525,1771.9585,48671.0,61201.0,0.56,Echolocation,20221017_050000.WAV,
1772.3015,1772.3087,49531.0,62280.0,0.511,Echolocation,20221017_050000.WAV,
1772.4055,1772.413,48671.0,61225.0,0.609,Echolocation,20221017_050000.WAV,
1772.4955,1772.5032,48671.0,63254.0,0.586,Echolocation,20221017_050000.WAV,
1772.5825,1772.5904,47812.0,65438.0,0.621,Echolocation,20221017_050000.WAV,
1772.8465,1772.8534,46953.0,62496.0,0.584,Echolocation,20221017_050000.WAV,
1773.0025,1773.0135,45234.0,64364.0,0.611,Echolocation,20221017_050000.WAV,
1773.0935,1773.1038,45234.0,63900.0,0.619,Echolocation,20221017_050000.WAV,
1773.1825,1773.1961,26328.0,31621.0,0.557,Echolocation,20221017_050000.WAV,
1773.1845,1773.1948,46093.0,65004.0,0.578,Echolocation,20221017_050000.WAV,
1773.2745,1773.2817,46093.0,63980.0,0.609,Echolocation,20221017_050000.WAV,
1773.4295,1773.4382,46953.0,61763.0,0.61,Echolocation,20221017_050000.WAV,
1773.5525,1773.5648,27187.0,32921.0,0.543,Echolocation,20221017_050000.WAV,
1773.6055,1773.6114,45234.0,61080.0,0.589,Echolocation,20221017_050000.WAV,
1773.7785,1773.7876,48671.0,64850.0,0.559,Echolocation,20221017_050000.WAV,
1773.9515,1773.9576,48671.0,64139.0,0.556,Echolocation,20221017_050000.WAV,
1774.0125,1774.0262,26328.0,31229.0,0.655,Echolocation,20221017_050000.WAV,
1774.2445,1774.2593,26328.0,29855.0,0.612,Echolocation,20221017_050000.WAV,
1774.4825,1774.4968,26328.0,32777.0,0.63,Echolocation,20221017_050000.WAV,
1774.7255,1774.7417,26328.0,30497.0,0.543,Echolocation,20221017_050000.WAV,
1774.8955,1774.9083,27187.0,33873.0,0.605,Echolocation,20221017_050000.WAV,
1775.4015,1775.4162,25468.0,32633.0,0.604,Echolocation,20221017_050000.WAV,
1775.6555,1775.6703,26328.0,30183.0,0.579,Echolocation,20221017_050000.WAV,
1775.9215,1775.9374,26328.0,31188.0,0.571,Echolocation,20221017_050000.WAV,
1776.1835,1776.1982,26328.0,31275.0,0.621,Echolocation,20221017_050000.WAV,
1776.4245,1776.4363,25468.0,31461.0,0.536,Echolocation,20221017_050000.WAV,
1776.7705,1776.7858,26328.0,30856.0,0.621,Echolocation,20221017_050000.WAV,
1776.9255,1776.9396,26328.0,34655.0,0.702,Echolocation,20221017_050000.WAV,
1777.1515,1777.1649,25468.0,32330.0,0.643,Echolocation,20221017_050000.WAV,
1777.2955,1777.3091,27187.0,33162.0,0.666,Echolocation,20221017_050000.WAV,
1777.4445,1777.4568,26328.0,37655.0,0.773,Echolocation,20221017_050000.WAV,
1777.6565,1777.6717,26328.0,31145.0,0.645,Echolocation,20221017_050000.WAV,
1777.9015,1777.9159,26328.0,31254.0,0.676,Echolocation,20221017_050000.WAV,
1778.1515,1778.1644000000001,25468.0,30302.0,0.761,Echolocation,20221017_050000.WAV,
1778.3725,1778.3856,26328.0,34299.0,0.797,Echolocation,20221017_050000.WAV,
1778.5085,1778.5216,27187.0,33848.0,0.713,Echolocation,20221017_050000.WAV,
1778.7285,1778.742,26328.0,34584.0,0.675,Echolocation,20221017_050000.WAV,
1778.9065,1778.9199,26328.0,31670.0,0.712,Echolocation,20221017_050000.WAV,
1779.1285,1779.1436,26328.0,30534.0,0.671,Echolocation,20221017_050000.WAV,
1779.3775,1779.393,26328.0,30496.0,0.56,Echolocation,20221017_050000.WAV,
1779.6235,1779.6388,26328.0,30748.0,0.619,Echolocation,20221017_050000.WAV,
1779.8575,1779.8713,26328.0,32018.0,0.57,Echolocation,20221017_050000.WAV,
1780.8335,1780.8485,26328.0,31670.0,0.565,Echolocation,20221017_050000.WAV,
500.2375,500.2438,44375.0,52426.0,0.529,Echolocation,20221017_053000.WAV,
500.3275,500.3342,44375.0,55558.0,0.677,Echolocation,20221017_053000.WAV,
500.4275,500.4337,45234.0,53696.0,0.531,Echolocation,20221017_053000.WAV,
500.5285,500.5355,45234.0,55281.0,0.611,Echolocation,20221017_053000.WAV,
500.6255,500.6309,44375.0,53940.0,0.641,Echolocation,20221017_053000.WAV,
500.7325,500.7384,44375.0,53236.0,0.632,Echolocation,20221017_053000.WAV,
501.1365,501.1424,44375.0,54394.0,0.593,Echolocation,20221017_053000.WAV,
501.2325,501.2386,44375.0,55152.0,0.663,Echolocation,20221017_053000.WAV,
501.3265,501.3334,43515.0,56073.0,0.601,Echolocation,20221017_053000.WAV,
501.4165,501.4246,44375.0,60556.0,0.631,Echolocation,20221017_053000.WAV,
501.5105,501.5169,45234.0,54067.0,0.684,Echolocation,20221017_053000.WAV,
501.6075,501.6141,43515.0,51252.0,0.655,Echolocation,20221017_053000.WAV,
501.6965,501.704,43515.0,54672.0,0.637,Echolocation,20221017_053000.WAV,
501.7925,501.7985,43515.0,52087.0,0.645,Echolocation,20221017_053000.WAV,
501.9765,501.9834,45234.0,52621.0,0.602,Echolocation,20221017_053000.WAV,
502.0695,502.0768,43515.0,55359.0,0.607,Echolocation,20221017_053000.WAV,
502.1685,502.175,44375.0,53358.0,0.637,Echolocation,20221017_053000.WAV,
502.2615,502.2683,43515.0,56554.0,0.678,Echolocation,20221017_053000.WAV,
502.3575,502.3642,44375.0,51075.0,0.555,Echolocation,20221017_053000.WAV,
502.4505,502.4593,43515.0,52685.0,0.561,Echolocation,20221017_053000.WAV,
502.5455,502.5532,42656.0,51773.0,0.583,Echolocation,20221017_053000.WAV,
502.6415,502.6498,44375.0,53571.0,0.587,Echolocation,20221017_053000.WAV,
502.7385,502.7469,43515.0,58033.0,0.605,Echolocation,20221017_053000.WAV,
503.0195,503.02909999999997,43515.0,53351.0,0.585,Echolocation,20221017_053000.WAV,
503.1135,503.1198,43515.0,53305.0,0.571,Echolocation,20221017_053000.WAV,
628.7485,628.7635,26328.0,30390.0,0.675,Echolocation,20221017_060000.WAV,
629.9695,629.9867,26328.0,29636.0,0.558,Echolocation,20221017_060000.WAV,
630.3415,630.3558,26328.0,29680.0,0.641,Echolocation,20221017_060000.WAV,
630.6015,630.6161,26328.0,30554.0,0.609,Echolocation,20221017_060000.WAV,
631.1105,631.1268,26328.0,30749.0,0.61,Echolocation,20221017_060000.WAV,
631.8695,631.8857,26328.0,30830.0,0.551,Echolocation,20221017_060000.WAV,
632.1175,632.1314,26328.0,32212.0,0.598,Echolocation,20221017_060000.WAV,
632.3585,632.3739,27187.0,30638.0,0.589,Echolocation,20221017_060000.WAV,
632.6005,632.6162,26328.0,30396.0,0.572,Echolocation,20221017_060000.WAV,
632.8425,632.8577,26328.0,31480.0,0.505,Echolocation,20221017_060000.WAV,
633.5545,633.5695,26328.0,31176.0,0.628,Echolocation,20221017_060000.WAV,
634.1505,634.1677,25468.0,30753.0,0.517,Echolocation,20221017_060000.WAV,
634.6665,634.6819,26328.0,30939.0,0.636,Echolocation,20221017_060000.WAV,
634.9195,634.9372,26328.0,29784.0,0.558,Echolocation,20221017_060000.WAV,
635.1955,635.2112,26328.0,31227.0,0.545,Echolocation,20221017_060000.WAV,
635.4295,635.4455,25468.0,30021.0,0.627,Echolocation,20221017_060000.WAV,
635.7865,635.8015,26328.0,30759.0,0.67,Echolocation,20221017_060000.WAV,
636.0245,636.0401,26328.0,29123.0,0.694,Echolocation,20221017_060000.WAV,
636.3195,636.3344,26328.0,29953.0,0.74,Echolocation,20221017_060000.WAV,
636.5735,636.5872,26328.0,30053.0,0.768,Echolocation,20221017_060000.WAV,
636.8685,636.8841,25468.0,30648.0,0.608,Echolocation,20221017_060000.WAV,
637.1045,637.1196,25468.0,30088.0,0.693,Echolocation,20221017_060000.WAV,
637.3615,637.3767,26328.0,30876.0,0.691,Echolocation,20221017_060000.WAV,
637.6035,637.6167,25468.0,30354.0,0.692,Echolocation,20221017_060000.WAV,
637.8615,637.8761,26328.0,32149.0,0.65,Echolocation,20221017_060000.WAV,
638.1145,638.1321,25468.0,29882.0,0.544,Echolocation,20221017_060000.WAV,
638.3645,638.3803,26328.0,30416.0,0.564,Echolocation,20221017_060000.WAV,
638.6285,638.6439,26328.0,30321.0,0.623,Echolocation,20221017_060000.WAV,
639.2495,639.2683,26328.0,29974.0,0.518,Echolocation,20221017_060000.WAV,
640.1055,640.1239,25468.0,30000.0,0.528,Echolocation,20221017_060000.WAV,
640.5725,640.5882,26328.0,30592.0,0.544,Echolocation,20221017_060000.WAV,
641.5835,641.6014,26328.0,29871.0,0.54,Echolocation,20221017_060000.WAV,
765.4785,765.4965,25468.0,30148.0,0.556,Echolocation,20221017_063000.WAV,
765.7305,765.7489,26328.0,30060.0,0.509,Echolocation,20221017_063000.WAV,
766.2955,766.3155,25468.0,29410.0,0.577,Echolocation,20221017_063000.WAV,
766.5305,766.5475,25468.0,29784.0,0.543,Echolocation,20221017_063000.WAV,
766.8915,766.9105,26328.0,29157.0,0.558,Echolocation,20221017_063000.WAV,
767.1375,767.153,25468.0,29118.0,0.626,Echolocation,20221017_063000.WAV,
767.3865,767.4016,26328.0,30041.0,0.584,Echolocation,20221017_063000.WAV,
767.6045,767.6209,25468.0,30828.0,0.505,Echolocation,20221017_063000.WAV,
768.2895,768.3062,26328.0,29287.0,0.573,Echolocation,20221017_063000.WAV,
768.6195,768.6343,25468.0,29703.0,0.703,Echolocation,20221017_063000.WAV,
768.9565,768.9726,25468.0,29646.0,0.653,Echolocation,20221017_063000.WAV,
769.2115,769.2269,26328.0,30036.0,0.628,Echolocation,20221017_063000.WAV,
769.4215,769.4375,25468.0,30098.0,0.635,Echolocation,20221017_063000.WAV,
769.6475,769.6633,25468.0,31093.0,0.666,Echolocation,20221017_063000.WAV,
769.8715,769.8879,26328.0,30678.0,0.623,Echolocation,20221017_063000.WAV,
770.0885,770.1043999999999,26328.0,31218.0,0.588,Echolocation,20221017_063000.WAV,
770.3195,770.3341,25468.0,29577.0,0.691,Echolocation,20221017_063000.WAV,
770.5485,770.5654,26328.0,29984.0,0.522,Echolocation,20221017_063000.WAV,
770.8905,770.9052,26328.0,29599.0,0.676,Echolocation,20221017_063000.WAV,
771.1255,771.1404,26328.0,30838.0,0.633,Echolocation,20221017_063000.WAV,
771.3585,771.3741,26328.0,30437.0,0.628,Echolocation,20221017_063000.WAV,
771.5915,771.6079,25468.0,31536.0,0.63,Echolocation,20221017_063000.WAV,
772.0355,772.0525,25468.0,31267.0,0.527,Echolocation,20221017_063000.WAV,
772.2885,772.3062,25468.0,30372.0,0.571,Echolocation,20221017_063000.WAV,
772.5195,772.535,25468.0,30711.0,0.64,Echolocation,20221017_063000.WAV,
772.6475,772.662,26328.0,40280.0,0.666,Echolocation,20221017_063000.WAV,
772.8245,772.84,25468.0,36180.0,0.596,Echolocation,20221017_063000.WAV,
773.0455,773.0586,25468.0,33016.0,0.627,Echolocation,20221017_063000.WAV,
773.2764999999999,773.2929,26328.0,30016.0,0.547,Echolocation,20221017_063000.WAV,
773.6155,773.6312,25468.0,31833.0,0.549,Echolocation,20221017_063000.WAV,
773.8515,773.8684,25468.0,30410.0,0.535,Echolocation,20221017_063000.WAV,
774.0895,774.1073,25468.0,30085.0,0.567,Echolocation,20221017_063000.WAV,
774.5375,774.552,25468.0,31722.0,0.607,Echolocation,20221017_063000.WAV,
774.7775,774.791,25468.0,32346.0,0.608,Echolocation,20221017_063000.WAV,
774.9995,775.0152,25468.0,31864.0,0.589,Echolocation,20221017_063000.WAV,
775.2275,775.2413,25468.0,30648.0,0.599,Echolocation,20221017_063000.WAV,
775.4555,775.4706,26328.0,31451.0,0.547,Echolocation,20221017_063000.WAV,
775.9135,775.9262,26328.0,33787.0,0.612,Echolocation,20221017_063000.WAV,
776.5355,776.5461,26328.0,31960.0,0.652,Echolocation,20221017_063000.WAV,
776.6565,776.6675,25468.0,31452.0,0.531,Echolocation,20221017_063000.WAV,
776.8485000000001,776.8614,25468.0,32521.0,0.572,Echolocation,20221017_063000.WAV,
1647.8875,1647.8953,46953.0,62523.0,0.586,Echolocation,20221017_063000.WAV,
1648.0775,1648.088,46953.0,61467.0,0.547,Echolocation,20221017_063000.WAV,
1648.2715,1648.2799,46953.0,62177.0,0.595,Echolocation,20221017_063000.WAV,
1648.3605,1648.3686,47812.0,61227.0,0.581,Echolocation,20221017_063000.WAV,
1648.4525,1648.4626,46953.0,63863.0,0.674,Echolocation,20221017_063000.WAV,
1648.5425,1648.5496,47812.0,59822.0,0.552,Echolocation,20221017_063000.WAV,
1648.6545,1648.6641,46953.0,62169.0,0.634,Echolocation,20221017_063000.WAV,
1648.7395,1648.748,46953.0,62095.0,0.593,Echolocation,20221017_063000.WAV,
1648.8255,1648.8372,46093.0,65188.0,0.62,Echolocation,20221017_063000.WAV,
1648.9115,1648.9231,46953.0,64969.0,0.604,Echolocation,20221017_063000.WAV,
1649.0185,1649.0292,46093.0,66192.0,0.642,Echolocation,20221017_063000.WAV,
1649.1145,1649.1234,46093.0,65305.0,0.619,Echolocation,20221017_063000.WAV,
1649.2165,1649.2255,44375.0,67999.0,0.601,Echolocation,20221017_063000.WAV,
1649.3135,1649.3241,46093.0,69382.0,0.601,Echolocation,20221017_063000.WAV,
1649.4105,1649.4188,45234.0,61888.0,0.58,Echolocation,20221017_063000.WAV,
1649.5185,1649.5286,46093.0,69698.0,0.6,Echolocation,20221017_063000.WAV,
1649.6095,1649.6192,46093.0,64821.0,0.558,Echolocation,20221017_063000.WAV,
1649.7025,1649.7118,44375.0,68524.0,0.53,Echolocation,20221017_063000.WAV,
1649.8045,1649.8148,45234.0,69756.0,0.62,Echolocation,20221017_063000.WAV,
1649.8705,1649.8773,45234.0,73195.0,0.671,Echolocation,20221017_063000.WAV,
1649.9315,1649.9418,45234.0,69275.0,0.64,Echolocation,20221017_063000.WAV,
1649.9895,1649.9978,47812.0,68498.0,0.654,Echolocation,20221017_063000.WAV,
1650.0495,1650.0549,46953.0,61869.0,0.696,Echolocation,20221017_063000.WAV,
1650.1095,1650.1151,46093.0,65052.0,0.702,Echolocation,20221017_063000.WAV,
1650.1825,1650.1874,46093.0,61923.0,0.652,Echolocation,20221017_063000.WAV,
1650.2745,1650.28,46093.0,70649.0,0.569,Echolocation,20221017_063000.WAV,
1650.3385,1650.3439,46093.0,69776.0,0.575,Echolocation,20221017_063000.WAV,
1650.4875,1650.4939,46953.0,65793.0,0.744,Echolocation,20221017_063000.WAV,
1650.9875,1650.9935,45234.0,78301.0,0.504,Echolocation,20221017_063000.WAV,
1651.1215,1651.1275,46093.0,70951.0,0.621,Echolocation,20221017_063000.WAV,
1651.2035,1651.2106,46093.0,65812.0,0.564,Echolocation,20221017_063000.WAV,
1651.2925,1651.3,46953.0,71815.0,0.605,Echolocation,20221017_063000.WAV,
1651.3845,1651.3907,45234.0,71620.0,0.63,Echolocation,20221017_063000.WAV,
1651.4915,1651.4977,45234.0,73068.0,0.71,Echolocation,20221017_063000.WAV,
1651.6795,1651.6879,45234.0,72361.0,0.695,Echolocation,20221017_063000.WAV,
1651.7735,1651.7798,43515.0,70347.0,0.69,Echolocation,20221017_063000.WAV,
1651.8665,1651.8736,44375.0,76259.0,0.726,Echolocation,20221017_063000.WAV,
1651.9565,1651.9651,43515.0,67769.0,0.634,Echolocation,20221017_063000.WAV,
1652.0875,1652.0969,45234.0,73545.0,0.655,Echolocation,20221017_063000.WAV,
1652.1735,1652.1803,44375.0,73764.0,0.557,Echolocation,20221017_063000.WAV,
1652.2635,1652.27,44375.0,73461.0,0.611,Echolocation,20221017_063000.WAV,
1652.3495,1652.3565,43515.0,68775.0,0.646,Echolocation,20221017_063000.WAV,
1652.4745,1652.4833,44375.0,69439.0,0.525,Echolocation,20221017_063000.WAV,
1652.5525,1652.5603,42656.0,71134.0,0.581,Echolocation,20221017_063000.WAV,
1652.6495,1652.657,42656.0,72271.0,0.596,Echolocation,20221017_063000.WAV,
1652.7345,1652.7459,45234.0,65942.0,0.613,Echolocation,20221017_063000.WAV,
1652.8265,1652.8357,44375.0,69373.0,0.585,Echolocation,20221017_063000.WAV,
1652.9125,1652.9202,44375.0,65701.0,0.602,Echolocation,20221017_063000.WAV,
1653.0105,1653.0185,43515.0,71391.0,0.554,Echolocation,20221017_063000.WAV,
1653.0915,1653.0999,45234.0,66292.0,0.661,Echolocation,20221017_063000.WAV,
1653.1895,1653.1969,44375.0,65653.0,0.653,Echolocation,20221017_063000.WAV,
1653.2645,1653.2719,44375.0,63576.0,0.604,Echolocation,20221017_063000.WAV,
1653.3505,1653.3578,44375.0,67352.0,0.54,Echolocation,20221017_063000.WAV,
1653.4155,1653.4235,45234.0,63951.0,0.546,Echolocation,20221017_063000.WAV,
1653.4955,1653.5024,44375.0,66948.0,0.584,Echolocation,20221017_063000.WAV,
1653.6275,1653.6348,44375.0,65721.0,0.531,Echolocation,20221017_063000.WAV,
1653.8555,1653.8632,46093.0,62963.0,0.69,Echolocation,20221017_063000.WAV,
1654.1095,1654.1169,45234.0,60347.0,0.552,Echolocation,20221017_063000.WAV,
1572.1395,1572.154,26328.0,29737.0,0.608,Echolocation,20221017_073000.WAV,
1572.5345,1572.5512,25468.0,29239.0,0.546,Echolocation,20221017_073000.WAV,
1573.3065,1573.3217,26328.0,29744.0,0.519,Echolocation,20221017_073000.WAV,
1573.5775,1573.5941,26328.0,29572.0,0.503,Echolocation,20221017_073000.WAV,
1573.8465,1573.8606,25468.0,31357.0,0.596,Echolocation,20221017_073000.WAV,
1574.4615,1574.4801,26328.0,29811.0,0.566,Echolocation,20221017_073000.WAV,
1574.8065,1574.8223,26328.0,31426.0,0.559,Echolocation,20221017_073000.WAV,
1575.1445,1575.1604,25468.0,31200.0,0.528,Echolocation,20221017_073000.WAV,
1575.4815,1575.4962,26328.0,31112.0,0.547,Echolocation,20221017_073000.WAV,
1575.8595,1575.8742,26328.0,32352.0,0.575,Echolocation,20221017_073000.WAV,
1576.1985,1576.2139,26328.0,31046.0,0.622,Echolocation,20221017_073000.WAV,
1576.4445,1576.4587,26328.0,30311.0,0.656,Echolocation,20221017_073000.WAV,
1576.6835,1576.699,25468.0,30042.0,0.574,Echolocation,20221017_073000.WAV,
1576.9255,1576.9399,26328.0,31811.0,0.654,Echolocation,20221017_073000.WAV,
1577.3715,1577.3852,25468.0,30595.0,0.641,Echolocation,20221017_073000.WAV,
1577.6165,1577.6305,26328.0,33117.0,0.584,Echolocation,20221017_073000.WAV,
1577.9695,1577.9832,25468.0,30679.0,0.677,Echolocation,20221017_073000.WAV,
1578.2115,1578.2277,26328.0,30146.0,0.527,Echolocation,20221017_073000.WAV,
1578.7855,1578.8008,25468.0,31545.0,0.527,Echolocation,20221017_073000.WAV,
1579.1375,1579.1539,25468.0,30508.0,0.566,Echolocation,20221017_073000.WAV,
1579.3725,1579.3863,26328.0,30604.0,0.519,Echolocation,20221017_073000.WAV,
1579.5955,1579.6077,26328.0,32787.0,0.569,Echolocation,20221017_073000.WAV,
1579.8215,1579.8362,26328.0,30535.0,0.582,Echolocation,20221017_073000.WAV,
1580.2775,1580.2904,25468.0,31290.0,0.54,Echolocation,20221017_073000.WAV,
303.8245,303.8326,47812.0,57624.0,0.535,Echolocation,20221017_080000.WAV,
304.3625,304.3693,43515.0,57591.0,0.587,Echolocation,20221017_080000.WAV,
304.4705,304.4802,46953.0,63111.0,0.635,Echolocation,20221017_080000.WAV,
304.6045,304.6132,45234.0,57475.0,0.617,Echolocation,20221017_080000.WAV,
304.7925,304.8021,47812.0,61366.0,0.597,Echolocation,20221017_080000.WAV,
304.9095,304.9181,46093.0,58103.0,0.569,Echolocation,20221017_080000.WAV,
305.0215,305.0321,45234.0,60305.0,0.56,Echolocation,20221017_080000.WAV,
305.3355,305.3455,46953.0,62331.0,0.599,Echolocation,20221017_080000.WAV,
305.5655,305.5746,47812.0,60473.0,0.581,Echolocation,20221017_080000.WAV,
305.8475,305.8574,46953.0,59639.0,0.621,Echolocation,20221017_080000.WAV,
306.1535,306.1612,47812.0,56281.0,0.582,Echolocation,20221017_080000.WAV,
720.3105,720.316,46093.0,58667.0,0.562,Echolocation,20221017_080000.WAV,
720.9345,720.9402,45234.0,60275.0,0.639,Echolocation,20221017_080000.WAV,
721.0275,721.0334,44375.0,53477.0,0.59,Echolocation,20221017_080000.WAV,
721.1155,721.123,45234.0,57528.0,0.619,Echolocation,20221017_080000.WAV,
721.2035,721.2101,45234.0,56360.0,0.641,Echolocation,20221017_080000.WAV,
721.2935,721.3009,45234.0,58820.0,0.639,Echolocation,20221017_080000.WAV,
721.3905,721.3973,46093.0,53152.0,0.533,Echolocation,20221017_080000.WAV,
721.4845,721.4909,45234.0,57554.0,0.664,Echolocation,20221017_080000.WAV,
721.5765,721.5825,44375.0,53633.0,0.63,Echolocation,20221017_080000.WAV,
721.6655,721.6727,45234.0,56024.0,0.652,Echolocation,20221017_080000.WAV,
721.8405,721.8491,46953.0,54819.0,0.508,Echolocation,20221017_080000.WAV,
721.9255,721.9313,45234.0,58017.0,0.55,Echolocation,20221017_080000.WAV,
1266.6945,1266.7032,45234.0,58623.0,0.603,Echolocation,20221017_090000.WAV,
1267.2745,1267.2843,46093.0,53519.0,0.518,Echolocation,20221017_090000.WAV,
1267.6425,1267.6543,45234.0,58301.0,0.54,Echolocation,20221017_090000.WAV,
1267.9205,1267.9292,46953.0,63676.0,0.632,Echolocation,20221017_090000.WAV,
1268.0415,1268.0503,46953.0,59431.0,0.511,Echolocation,20221017_090000.WAV,
1268.1165,1268.1271,46953.0,66075.0,0.633,Echolocation,20221017_090000.WAV,
1268.2065,1268.2163,46953.0,62009.0,0.537,Echolocation,20221017_090000.WAV,
1268.2975,1268.3041,45234.0,67420.0,0.636,Echolocation,20221017_090000.WAV,
1268.3875,1268.3944,46953.0,63658.0,0.535,Echolocation,20221017_090000.WAV,
1268.4765,1268.4859,46953.0,65992.0,0.653,Echolocation,20221017_090000.WAV,
1268.5695,1268.5764,45234.0,65717.0,0.671,Echolocation,20221017_090000.WAV,
1268.6585,1268.6687,44375.0,66154.0,0.606,Echolocation,20221017_090000.WAV,
1268.7505,1268.7594,45234.0,66083.0,0.664,Echolocation,20221017_090000.WAV,
1268.8405,1268.8499,45234.0,67272.0,0.629,Echolocation,20221017_090000.WAV,
1268.9595,1268.9656,42656.0,66295.0,0.65,Echolocation,20221017_090000.WAV,
1269.0365,1269.046,44375.0,66136.0,0.564,Echolocation,20221017_090000.WAV,
1269.1255,1269.1316,41796.0,68504.0,0.529,Echolocation,20221017_090000.WAV,
1269.2125,1269.2198,44375.0,63026.0,0.508,Echolocation,20221017_090000.WAV,
1269.3025,1269.312,44375.0,66099.0,0.531,Echolocation,20221017_090000.WAV,
1269.3895,1269.3966,44375.0,71183.0,0.701,Echolocation,20221017_090000.WAV,
1269.4805,1269.4872,41796.0,75223.0,0.518,Echolocation,20221017_090000.WAV,
1269.5715,1269.5793,43515.0,64138.0,0.647,Echolocation,20221017_090000.WAV,
1269.6545,1269.6611,42656.0,73927.0,0.657,Echolocation,20221017_090000.WAV,
1269.7705,1269.7771,42656.0,71607.0,0.651,Echolocation,20221017_090000.WAV,
1269.8495,1269.8565,44375.0,73046.0,0.704,Echolocation,20221017_090000.WAV,
1269.9465,1269.9524,43515.0,68395.0,0.66,Echolocation,20221017_090000.WAV,
1270.0355,1270.0409,44375.0,68164.0,0.642,Echolocation,20221017_090000.WAV,
1270.1235,1270.1291,45234.0,65973.0,0.58,Echolocation,20221017_090000.WAV,
1270.2075,1270.2139,45234.0,69529.0,0.699,Echolocation,20221017_090000.WAV,
1270.3005,1270.3077,43515.0,68462.0,0.713,Echolocation,20221017_090000.WAV,
1270.3905,1270.3976,44375.0,70247.0,0.675,Echolocation,20221017_090000.WAV,
1270.4855,1270.4929,44375.0,65899.0,0.723,Echolocation,20221017_090000.WAV,
1270.5845,1270.5914,45234.0,68174.0,0.742,Echolocation,20221017_090000.WAV,
1270.6755,1270.6823,44375.0,72012.0,0.747,Echolocation,20221017_090000.WAV,
1270.7855,1270.7933,44375.0,70229.0,0.673,Echolocation,20221017_090000.WAV,
1270.8425,1270.8481,44375.0,60517.0,0.538,Echolocation,20221017_090000.WAV,
1270.9615,1270.9688,43515.0,68622.0,0.738,Echolocation,20221017_090000.WAV,
1271.0495,1271.0572,45234.0,63976.0,0.659,Echolocation,20221017_090000.WAV,
1271.1415,1271.1479,45234.0,70208.0,0.745,Echolocation,20221017_090000.WAV,
1271.2345,1271.2425,45234.0,61812.0,0.62,Echolocation,20221017_090000.WAV,
1271.3295,1271.3388,45234.0,64664.0,0.669,Echolocation,20221017_090000.WAV,
1271.4265,1271.4333,45234.0,58118.0,0.53,Echolocation,20221017_090000.WAV,
1271.5205,1271.5295,45234.0,63842.0,0.617,Echolocation,20221017_090000.WAV,
1271.6145,1271.6215,45234.0,57537.0,0.586,Echolocation,20221017_090000.WAV,
1271.7835,1271.7894000000001,44375.0,61106.0,0.711,Echolocation,20221017_090000.WAV,
1271.8895,1271.8956,44375.0,54364.0,0.635,Echolocation,20221017_090000.WAV,
1272.1005,1272.1066,45234.0,53175.0,0.595,Echolocation,20221017_090000.WAV,
1272.2745,1272.2833,44375.0,59902.0,0.65,Echolocation,20221017_090000.WAV,
1272.4805,1272.4892,44375.0,58260.0,0.643,Echolocation,20221017_090000.WAV,
1272.6935,1272.7004,44375.0,54635.0,0.595,Echolocation,20221017_090000.WAV,
1272.7855,1272.792,44375.0,51123.0,0.585,Echolocation,20221017_090000.WAV,
1272.9545,1272.962,45234.0,53592.0,0.611,Echolocation,20221017_090000.WAV,
1273.3475,1273.3546,44375.0,50660.0,0.577,Echolocation,20221017_090000.WAV,
1338.9675,1338.9729,46093.0,62695.0,0.532,Echolocation,20221017_100000.WAV,
1339.0545,1339.0597,44375.0,59839.0,0.562,Echolocation,20221017_100000.WAV,
1339.1585,1339.164,46093.0,62673.0,0.569,Echolocation,20221017_100000.WAV,
1339.2545,1339.2612,45234.0,61937.0,0.556,Echolocation,20221017_100000.WAV,
1339.3485,1339.3535,46093.0,58330.0,0.523,Echolocation,20221017_100000.WAV,
1339.4595,1339.4657,44375.0,62804.0,0.528,Echolocation,20221017_100000.WAV,
1339.5605,1339.5666,48671.0,61835.0,0.529,Echolocation,20221017_100000.WAV,
1339.7695,1339.776,51250.0,59856.0,0.502,Echolocation,20221017_100000.WAV,
1339.9855,1339.992,50390.0,67895.0,0.582,Echolocation,20221017_100000.WAV,
1340.1515,1340.1598,46093.0,69329.0,0.538,Echolocation,20221017_100000.WAV,
1340.2295,1340.2368,45234.0,65662.0,0.577,Echolocation,20221017_100000.WAV,
1340.3965,1340.4046,49531.0,66411.0,0.677,Echolocation,20221017_100000.WAV,
1340.6245,1340.6317,45234.0,66730.0,0.604,Echolocation,20221017_100000.WAV,
1340.7185,1340.7253,46093.0,63379.0,0.656,Echolocation,20221017_100000.WAV,
1340.9425,1340.9503,46953.0,63630.0,0.575,Echolocation,20221017_100000.WAV,
1341.0585,1341.0649,44375.0,73322.0,0.529,Echolocation,20221017_100000.WAV,
1341.3325,1341.3401,43515.0,64806.0,0.612,Echolocation,20221017_100000.WAV,
1341.8305,1341.8408,46953.0,62214.0,0.511,Echolocation,20221017_100000.WAV,
1342.0905,1342.0991,44375.0,64562.0,0.56,Echolocation,20221017_100000.WAV,
