Time (UTC),05/30/25,05/31/25,06/01/25,06/02/25,06/03/25,06/04/25,06/05/25,06/06/25
00:00,,0.0,0.0,0.0,0.0,0.0,0.0,0.0
00:30,,0.0,0.0,0.0,0.0,0.0,0.0,0.0
01:00,,0.0,0.0,0.0,0.0,0.0,0.0,0.0
01:30,,0.0,0.0,0.0,0.0,0.0,0.0,0.0
02:00,,0.0,0.0,0.0,0.0,0.0,0.0,0.0
02:30,,0.0,0.0,0.0,0.019844444444444432,0.0,0.0,0.0
03:00,,0.0,0.0,0.0,0.0,0.0,0.0,0.0
03:30,,0.0,0.0,0.0,0.0,0.0,0.0,0.0
04:00,,0.0,0.0,0.0,0.0,0.0,0.0,0.0
04:30,,3.3089111111111102,4.175022222222222,2.4367,2.3328333333333338,10.029288888888889,1.3051444444444444,2.6443888888888893
05:00,,3.223144444444445,0.0,2.4274555555555555,2.2341444444444445,30.77727777777778,1.0385666666666666,1.2224
05:30,,1.309688888888889,26.966044444444446,8.786833333333332,2.8759444444444444,48.0508111111111,2.824088888888889,7.1462
06:00,,0.1215,21.931733111111114,21.591677666666666,0.8206333333333333,49.84375533333333,5.14601111111111,1.5647555555555552
06:30,,2.4976666666666665,13.830255555555555,37.692,10.722633333333334,61.4869888888889,1.4251666666666665,0.0
07:00,,4.311355555555555,9.48402222222222,16.075688888888887,8.190522222222222,23.31159988888889,2.9399333333333337,0.6112111111111109
07:30,,8.060533333333334,6.410044444444444,16.086844444444445,10.625655555555555,9.440600000000002,2.4172555555555553,0.11558888888888887
08:00,,8.383055555555554,19.40538888888889,10.791477777777779,10.298377666666667,6.865533333333333,5.620644444444444,0.3108555555555556
08:30,,19.323688888888885,33.01723333333333,36.67225555555556,17.858311,12.986222222222223,7.453733333333333,0.675711111111111
09:00,,28.859644444444445,35.28195555555556,50.120211111111104,46.436711111111116,9.293233333333335,16.032822222222222,0.4303444444444444
09:30,,20.23452222222222,36.17326666666667,50.42422222222222,50.59084444444445,12.480344333333333,5.2661,0.8307222222222221
10:00,,15.403944444444447,20.674900000000004,33.095455444444454,57.918733333333336,11.05759988888889,15.821833333333332,1.4757222222222222
10:30,,17.189044444444445,37.04645555555555,43.66982222222223,52.152344444444445,29.95952222222222,11.033499999999998,16.292733333333334
11:00,,11.97081111111111,22.453811,30.910211111111106,14.933144444444444,37.32747766666667,2.4556555555555555,5.25688888888889
11:30,,2.1961,0.5766777777777777,0.8221444444444445,0.06399999999999996,4.271744444444444,0.9700555555555556,0.9151000000000001
12:00,,0.0,0.0,0.0,0.0,0.0,0.0,0.0
12:30,,0.0,0.0,0.0,0.0,0.0,0.0,0.0
13:00,,0.0,0.0,0.0,0.0,0.0,0.0,0.0
13:30,,0.0,0.0,0.0,0.0,0.0,0.0,0.0
14:00,,0.0,0.0,0.0,9.197644444444444,0.0,0.0,0.0
14:30,,0.0,0.0,0.0,0.0,0.0,0.0,0.0
15:00,,0.0,0.0,0.0,0.0,0.0,0.0,0.0
15:30,,0.0,0.0,0.0,0.0,0.0,0.0,0.0
16:00,,0.0,0.0,0.0,0.0,0.0,0.0,0.0
16:30,,0.0,0.0,0.0,0.0,0.0,0.0,0.0
17:00,,0.0,0.0,0.0,0.0,0.0,0.0,0.0
17:30,,0.0,0.0,0.0,0.0,0.0,0.0,0.0
18:00,,0.0,0.0,0.0,0.0,0.0,0.0,0.0
18:30,,0.0,0.0,0.0,0.0,0.0,0.0,0.0
19:00,,0.0,0.0,0.0,0.0,0.0,0.0,0.0
19:30,,0.0,0.0,0.0,0.0,0.0,0.0,0.0
20:00,,0.0,0.0,0.0,0.0,0.0,0.0,0.0
20:30,,0.0,0.0,0.0,0.0,0.0,0.0,0.0
21:00,,0.0,0.0,0.0,0.0,0.0,0.0,0.0
21:30,0.0,0.0,0.0,0.0,0.0,0.0,0.0,0.0
22:00,1.3085111111111112,0.0,0.0,0.0,0.0,0.0,0.0,0.0
22:30,0.13185555555555556,0.0,0.0,0.0,0.0,0.0,0.0,
23:00,0.0,0.0,0.0,0.0,0.0,0.0,0.0,
23:30,0.0,0.0,0.0,0.0,0.0,0.0,0.0,
