id,det_prob,start_time,end_time,high_freq,low_freq,class,class_prob
0,0.658,0.0225,0.028,107492,33203,Myotis mystacinus,0.55
1,0.742,0.0525,0.0583,113192,28046,Myotis mystacinus,0.679
2,0.585,0.1155,0.1211,107008,33203,Myotis mystacinus,0.488
3,0.503,0.1385,0.145,59621,48671,Pipistrellus pipistrellus,0.46
4,0.704,0.1445,0.1513,113493,27187,Myotis mystacinus,0.656
5,0.63,0.2025,0.2076,108573,34062,Myotis mystacinus,0.549
6,0.528,0.2195,0.224,57361,48671,Pipistrellus pipistrellus,0.503
7,0.737,0.2315,0.2374,116415,27187,Myotis mystacinus,0.672
8,0.736,0.2995,0.3058,56624,48671,Pipistrellus pipistrellus,0.65
9,0.724,0.3245,0.3312,116522,27187,Myotis mystacinus,0.687
10,0.599,0.3705,0.3762,108530,34062,Myotis mystacinus,0.547
11,0.711,0.4125,0.4184,115775,28906,Myotis mystacinus,0.664
12,0.598,0.4365,0.4423,104197,36640,Myotis mystacinus,0.544
13,0.78,0.4745,0.4803,58290,48671,Pipistrellus pipistrellus,0.73
