id,det_prob,start_time,end_time,high_freq,low_freq,class,class_prob
0,0.77,0.0085,0.0162,65592,27187,Eptesicus serotinus,0.744
1,0.68,0.0445,0.0499,57080,46953,Pipistrellus pipistrellus,0.668
2,0.739,0.1025,0.109,62808,44375,Pipistrellus pipistrellus,0.729
3,0.602,0.1255,0.1311,56848,46953,Pipistrellus pipistrellus,0.591
4,0.735,0.1625,0.1694,67238,28046,Eptesicus serotinus,0.696
5,0.643,0.1975,0.2031,57047,46093,Pipistrellus pipistrellus,0.617
6,0.515,0.2175,0.2222,58214,47812,Pipistrellus pipistrellus,0.507
7,0.78,0.2855,0.2918,60611,45234,Pipistrellus pipistrellus,0.749
8,0.652,0.3155,0.3227,63504,27187,Eptesicus serotinus,0.621
9,0.697,0.3735,0.3776,57262,46093,Pipistrellus pipistrellus,0.69
10,0.516,0.4305,0.4359,51724,30625,Eptesicus serotinus,0.393
11,0.766,0.4755,0.4824,66101,28046,Eptesicus serotinus,0.719
