id,det_prob,start_time,end_time,high_freq,low_freq,class,class_prob
0,0.76,0.0955,0.1576,84048,68437,Rhinolophus ferrumequinum,0.759
1,0.755,0.2095,0.269,83768,68437,Rhinolophus ferrumequinum,0.754
2,0.73,0.3055,0.3631,84280,68437,Rhinolophus ferrumequinum,0.73
3,0.649,0.3215,0.3798,83030,68437,Rhinolophus ferrumequinum,0.648
4,0.678,0.4065,0.4611,84020,68437,Rhinolophus ferrumequinum,0.678
5,0.718,0.4365,0.4987,83603,68437,Rhinolophus ferrumequinum,0.717
6,0.662,0.4975,0.5503,83710,68437,Rhinolophus ferrumequinum,0.662
