start_time,end_time,low_freq,high_freq,event,detection_confidence,input_file
15.6175,15.6227,40937.0,53013.0,Echolocation,0.519,20220826_070000.WAV
15.8325,15.8387,40078.0,51058.0,Echolocation,0.545,20220826_070000.WAV
16.0445,16.0513,39218.0,52153.0,Echolocation,0.578,20220826_070000.WAV
16.2575,16.2655,40078.0,52592.0,Echolocation,0.606,20220826_070000.WAV
16.3605,16.3678,40937.0,50891.0,Echolocation,0.533,20220826_070000.WAV
16.4645,16.473,40078.0,55296.0,Echolocation,0.643,20220826_070000.WAV
16.6835,16.6906,40078.0,56652.0,Echolocation,0.675,20220826_070000.WAV
16.9015,16.9089,40078.0,56260.0,Echolocation,0.613,20220826_070000.WAV
16.9735,16.9805,40078.0,57121.0,Echolocation,0.606,20220826_070000.WAV
17.0425,17.0492,40078.0,56572.0,Echolocation,0.575,20220826_070000.WAV
18.1885,18.1944,40078.0,59353.0,Echolocation,0.505,20220826_070000.WAV
18.7565,18.7643,39218.0,65328.0,Echolocation,0.511,20220826_070000.WAV
19.0495,19.0564,38359.0,59850.0,Echolocation,0.525,20220826_070000.WAV
19.1435,19.1511,40078.0,64803.0,Echolocation,0.526,20220826_070000.WAV
19.3525,19.3612,40078.0,63747.0,Echolocation,0.503,20220826_070000.WAV
19.9555,19.964,40078.0,60974.0,Echolocation,0.547,20220826_070000.WAV
20.0305,20.0374,34921.0,50866.0,Echolocation,0.525,20220826_070000.WAV
20.3655,20.3723,40078.0,55403.0,Echolocation,0.516,20220826_070000.WAV
20.5535,20.5604,38359.0,51743.0,Echolocation,0.522,20220826_070000.WAV
20.6445,20.6518,39218.0,58053.0,Echolocation,0.561,20220826_070000.WAV
20.7465,20.7546,38359.0,60415.0,Echolocation,0.566,20220826_070000.WAV
21.0375,21.0463,39218.0,60925.0,Echolocation,0.509,20220826_070000.WAV
21.2415,21.2506,40078.0,54113.0,Echolocation,0.663,20220826_070000.WAV
21.4525,21.4598,38359.0,51742.0,Echolocation,0.525,20220826_070000.WAV
22.5225,22.5295,40078.0,66093.0,Echolocation,0.534,20220826_070000.WAV
22.7075,22.7143,41796.0,60571.0,Echolocation,0.573,20220826_070000.WAV
23.0025,23.0094,40078.0,65977.0,Echolocation,0.575,20220826_070000.WAV
23.2835,23.2912,40937.0,66077.0,Echolocation,0.556,20220826_070000.WAV
25.0145,25.022,40937.0,68098.0,Echolocation,0.597,20220826_070000.WAV
25.1915,25.1983,39218.0,63732.0,Echolocation,0.592,20220826_070000.WAV
25.2795,25.2861,37500.0,58882.0,Echolocation,0.549,20220826_070000.WAV
25.3715,25.3782,39218.0,65757.0,Echolocation,0.544,20220826_070000.WAV
25.4665,25.4734,40078.0,57722.0,Echolocation,0.604,20220826_070000.WAV
25.5675,25.5738,39218.0,63925.0,Echolocation,0.533,20220826_070000.WAV
25.7755,25.7822,38359.0,61878.0,Echolocation,0.547,20220826_070000.WAV
25.8815,25.8906,40078.0,54792.0,Echolocation,0.603,20220826_070000.WAV
25.9845,25.9924,39218.0,59739.0,Echolocation,0.645,20220826_070000.WAV
26.0855,26.0933,38359.0,52241.0,Echolocation,0.556,20220826_070000.WAV
26.1845,26.1915,38359.0,51585.0,Echolocation,0.5,20220826_070000.WAV
26.2785,26.2866,39218.0,58700.0,Echolocation,0.501,20220826_070000.WAV
26.3935,26.4023,39218.0,62839.0,Echolocation,0.55,20220826_070000.WAV
26.4855,26.4932,38359.0,53684.0,Echolocation,0.569,20220826_070000.WAV
26.6655,26.6731,38359.0,56449.0,Echolocation,0.543,20220826_070000.WAV
28.0355,28.0421,40937.0,70241.0,Echolocation,0.502,20220826_070000.WAV
28.3155,28.3226,39218.0,69493.0,Echolocation,0.53,20220826_070000.WAV
28.7885,28.7953,39218.0,67440.0,Echolocation,0.525,20220826_070000.WAV
28.8835,28.8903,40937.0,63684.0,Echolocation,0.502,20220826_070000.WAV
29.2775,29.2838,40078.0,65717.0,Echolocation,0.541,20220826_070000.WAV
29.7865,29.7941,39218.0,66925.0,Echolocation,0.546,20220826_070000.WAV
30.5995,30.6044,40078.0,60656.0,Echolocation,0.527,20220826_070000.WAV
30.7795,30.7853,40078.0,59892.0,Echolocation,0.587,20220826_070000.WAV
30.8545,30.8595,40078.0,58174.0,Echolocation,0.547,20220826_070000.WAV
135.0225,135.0286,48671.0,59133.0,Echolocation,0.505,20220826_070000.WAV
135.2985,135.3056,46953.0,56153.0,Echolocation,0.581,20220826_070000.WAV
135.3925,135.3993,47812.0,59028.0,Echolocation,0.661,20220826_070000.WAV
135.4915,135.4978,46093.0,58564.0,Echolocation,0.553,20220826_070000.WAV
135.58350000000002,135.5901,47812.0,56933.0,Echolocation,0.651,20220826_070000.WAV
135.67849999999999,135.6858,47812.0,60505.0,Echolocation,0.608,20220826_070000.WAV
135.7765,135.7839,47812.0,58805.0,Echolocation,0.667,20220826_070000.WAV
135.8805,135.8909,46093.0,58288.0,Echolocation,0.631,20220826_070000.WAV
135.9785,135.989,46953.0,60629.0,Echolocation,0.534,20220826_070000.WAV
136.0765,136.0856,46953.0,57219.0,Echolocation,0.594,20220826_070000.WAV
136.1735,136.1817,46093.0,59696.0,Echolocation,0.597,20220826_070000.WAV
136.2705,136.2794,46953.0,59002.0,Echolocation,0.582,20220826_070000.WAV
136.3735,136.3815,46093.0,57832.0,Echolocation,0.552,20220826_070000.WAV
136.4665,136.4754,46953.0,59275.0,Echolocation,0.614,20220826_070000.WAV
136.7605,136.7689,46953.0,59357.0,Echolocation,0.567,20220826_070000.WAV
136.9495,136.95929999999998,44375.0,65955.0,Echolocation,0.56,20220826_070000.WAV
137.1385,137.147,45234.0,64828.0,Echolocation,0.63,20220826_070000.WAV
137.2395,137.2483,45234.0,63642.0,Echolocation,0.613,20220826_070000.WAV
137.3565,137.36520000000002,45234.0,58893.0,Echolocation,0.654,20220826_070000.WAV
137.5205,137.5303,46093.0,65045.0,Echolocation,0.62,20220826_070000.WAV
137.6225,137.6325,45234.0,61040.0,Echolocation,0.561,20220826_070000.WAV
137.72050000000002,137.7312,45234.0,66040.0,Echolocation,0.55,20220826_070000.WAV
137.8265,137.8344,45234.0,60458.0,Echolocation,0.651,20220826_070000.WAV
137.91649999999998,137.9255,46093.0,65945.0,Echolocation,0.614,20220826_070000.WAV
138.0145,138.0202,46093.0,64635.0,Echolocation,0.624,20220826_070000.WAV
138.1025,138.1086,46093.0,67648.0,Echolocation,0.621,20220826_070000.WAV
138.19650000000001,138.2017,46953.0,61525.0,Echolocation,0.601,20220826_070000.WAV
138.3705,138.3761,46093.0,66055.0,Echolocation,0.717,20220826_070000.WAV
138.4655,138.4712,46953.0,56701.0,Echolocation,0.653,20220826_070000.WAV
138.5595,138.56380000000001,48671.0,62167.0,Echolocation,0.661,20220826_070000.WAV
138.83350000000002,138.8396,49531.0,62239.0,Echolocation,0.582,20220826_070000.WAV
139.0105,139.0152,47812.0,63386.0,Echolocation,0.681,20220826_070000.WAV
139.1765,139.1814,46953.0,62333.0,Echolocation,0.583,20220826_070000.WAV
139.2985,139.3036,46953.0,60059.0,Echolocation,0.512,20220826_070000.WAV
139.4535,139.4586,45234.0,66567.0,Echolocation,0.616,20220826_070000.WAV
139.5595,139.56459999999998,46953.0,58185.0,Echolocation,0.537,20220826_070000.WAV
291.1995,291.205,46953.0,59271.0,Echolocation,0.591,20220826_070000.WAV
291.3845,291.3916,45234.0,54441.0,Echolocation,0.534,20220826_070000.WAV
291.5765,291.5817,45234.0,61589.0,Echolocation,0.693,20220826_070000.WAV
291.64549999999997,291.6538,46953.0,55700.0,Echolocation,0.551,20220826_070000.WAV
291.7085,291.7153,46953.0,58397.0,Echolocation,0.555,20220826_070000.WAV
291.7795,291.7854,47812.0,57803.0,Echolocation,0.595,20220826_070000.WAV
291.8645,291.8709,45234.0,61585.0,Echolocation,0.598,20220826_070000.WAV
484.7385,484.7463,46953.0,55251.0,Echolocation,0.536,20220826_070000.WAV
485.5095,485.5153,48671.0,57920.0,Echolocation,0.527,20220826_070000.WAV
546.9205,546.927,43515.0,59808.0,Echolocation,0.521,20220826_070000.WAV
547.1385,547.1455,43515.0,53917.0,Echolocation,0.586,20220826_070000.WAV
547.2425,547.2515,42656.0,63551.0,Echolocation,0.594,20220826_070000.WAV
547.3485,547.355,43515.0,50600.0,Echolocation,0.519,20220826_070000.WAV
547.4515,547.4599,42656.0,58428.0,Echolocation,0.508,20220826_070000.WAV
547.5515,547.5589,43515.0,54107.0,Echolocation,0.606,20220826_070000.WAV
547.7525,547.7591,41796.0,53575.0,Echolocation,0.611,20220826_070000.WAV
547.9715,547.9785,42656.0,55521.0,Echolocation,0.564,20220826_070000.WAV
548.1675,548.1755,40078.0,49704.0,Echolocation,0.535,20220826_070000.WAV
548.4885,548.4974,41796.0,55548.0,Echolocation,0.514,20220826_070000.WAV
548.8845,548.8929,41796.0,53771.0,Echolocation,0.542,20220826_070000.WAV
549.1915,549.1992,42656.0,52470.0,Echolocation,0.542,20220826_070000.WAV
549.4315,549.4399,43515.0,56268.0,Echolocation,0.551,20220826_070000.WAV
549.5265,549.5349,42656.0,56306.0,Echolocation,0.518,20220826_070000.WAV
549.6325,549.64,41796.0,53068.0,Echolocation,0.513,20220826_070000.WAV
549.7315,549.7383,41796.0,58180.0,Echolocation,0.51,20220826_070000.WAV
549.8195,549.8297,42656.0,58152.0,Echolocation,0.556,20220826_070000.WAV
549.8955,549.9012,42656.0,58070.0,Echolocation,0.523,20220826_070000.WAV
549.9575,549.9631,41796.0,58092.0,Echolocation,0.535,20220826_070000.WAV
550.0055,550.0107,44375.0,52299.0,Echolocation,0.609,20220826_070000.WAV
550.3175,550.3266,43515.0,60248.0,Echolocation,0.578,20220826_070000.WAV
550.4025,550.41,42656.0,56116.0,Echolocation,0.588,20220826_070000.WAV
550.4945,550.5034,40937.0,59871.0,Echolocation,0.582,20220826_070000.WAV
550.5845,550.5941,40937.0,59103.0,Echolocation,0.58,20220826_070000.WAV
550.6785,550.6864,41796.0,52054.0,Echolocation,0.561,20220826_070000.WAV
550.7785,550.7877,41796.0,53771.0,Echolocation,0.583,20220826_070000.WAV
550.9885,550.9959,41796.0,48947.0,Echolocation,0.537,20220826_070000.WAV
551.3885,551.3949,42656.0,51352.0,Echolocation,0.587,20220826_070000.WAV
582.9495,582.9558,45234.0,52415.0,Echolocation,0.574,20220826_070000.WAV
584.0845,584.0905,44375.0,52037.0,Echolocation,0.553,20220826_070000.WAV
584.3625,584.3691,45234.0,52871.0,Echolocation,0.629,20220826_070000.WAV
649.5325,649.5405,39218.0,46401.0,Echolocation,0.539,20220826_070000.WAV
650.3965,650.4042,39218.0,46121.0,Echolocation,0.548,20220826_070000.WAV
650.5085,650.516,40078.0,50560.0,Echolocation,0.649,20220826_070000.WAV
650.6135,650.6208,40078.0,46674.0,Echolocation,0.55,20220826_070000.WAV
661.4085,661.4216,25468.0,30236.0,Echolocation,0.552,20220826_070000.WAV
915.7405,915.7466,40937.0,55280.0,Echolocation,0.53,20220826_070000.WAV
915.9525,915.9597,39218.0,51061.0,Echolocation,0.567,20220826_070000.WAV
916.0505,916.0575,38359.0,57963.0,Echolocation,0.508,20220826_070000.WAV
917.3415,917.3475,40937.0,57411.0,Echolocation,0.53,20220826_070000.WAV
918.6145,918.6214,43515.0,51416.0,Echolocation,0.63,20220826_070000.WAV
918.9975,919.0039,43515.0,50957.0,Echolocation,0.592,20220826_070000.WAV
928.9285,928.9334,47812.0,61585.0,Echolocation,0.646,20220826_070000.WAV
929.1025,929.1085,47812.0,58855.0,Echolocation,0.553,20220826_070000.WAV
929.1945,929.2014,46093.0,58392.0,Echolocation,0.518,20220826_070000.WAV
929.4735000000001,929.4796,46953.0,57117.0,Echolocation,0.525,20220826_070000.WAV
929.6465,929.6539,45234.0,61428.0,Echolocation,0.56,20220826_070000.WAV
929.7405,929.7472,45234.0,63001.0,Echolocation,0.679,20220826_070000.WAV
932.9255,932.9294,45234.0,60940.0,Echolocation,0.526,20220826_070000.WAV
933.0945,933.0994,45234.0,57706.0,Echolocation,0.53,20220826_070000.WAV
933.1735,933.1785,44375.0,64904.0,Echolocation,0.656,20220826_070000.WAV
938.8855,938.8908,47812.0,57020.0,Echolocation,0.626,20220826_070000.WAV
938.9635,938.9678,48671.0,61469.0,Echolocation,0.652,20220826_070000.WAV
939.0415,939.0469,47812.0,60779.0,Echolocation,0.56,20220826_070000.WAV
939.1235,939.1292,46953.0,58484.0,Echolocation,0.655,20220826_070000.WAV
939.2095,939.2153,46093.0,56512.0,Echolocation,0.654,20220826_070000.WAV
939.2935,939.2994,46953.0,54418.0,Echolocation,0.577,20220826_070000.WAV
939.3765,939.3823,46953.0,59634.0,Echolocation,0.563,20220826_070000.WAV
939.4685,939.4737,46953.0,59401.0,Echolocation,0.607,20220826_070000.WAV
939.5615,939.5666,47812.0,61869.0,Echolocation,0.657,20220826_070000.WAV
939.6545,939.6601,46953.0,55581.0,Echolocation,0.627,20220826_070000.WAV
939.7865,939.7918,46093.0,64206.0,Echolocation,0.634,20220826_070000.WAV
939.8765,939.8821,46093.0,57174.0,Echolocation,0.623,20220826_070000.WAV
939.9665,939.9721,45234.0,61679.0,Echolocation,0.659,20220826_070000.WAV
940.1625,940.1676,42656.0,57301.0,Echolocation,0.653,20220826_070000.WAV
940.3395,940.3453,42656.0,62517.0,Echolocation,0.661,20220826_070000.WAV
940.4345,940.4412,43515.0,56520.0,Echolocation,0.61,20220826_070000.WAV
940.5275,940.5331,43515.0,56909.0,Echolocation,0.608,20220826_070000.WAV
940.6195,940.6261,45234.0,55432.0,Echolocation,0.612,20220826_070000.WAV
940.7135,940.7183,44375.0,56289.0,Echolocation,0.569,20220826_070000.WAV
940.8915,940.8988,45234.0,63842.0,Echolocation,0.576,20220826_070000.WAV
941.0315,941.037,45234.0,57668.0,Echolocation,0.66,20220826_070000.WAV
944.5655,944.5703,45234.0,56053.0,Echolocation,0.599,20220826_070000.WAV
946.6945,946.6985999999999,47812.0,60771.0,Echolocation,0.547,20220826_070000.WAV
947.1745,947.1792,46093.0,55808.0,Echolocation,0.556,20220826_070000.WAV
947.2665,947.2732,47812.0,56437.0,Echolocation,0.582,20220826_070000.WAV
947.6135,947.6187,49531.0,61467.0,Echolocation,0.617,20220826_070000.WAV
948.2495,948.2546,46953.0,59014.0,Echolocation,0.656,20220826_070000.WAV
948.3225,948.3273,46093.0,60803.0,Echolocation,0.694,20220826_070000.WAV
948.4014999999999,948.4062,46093.0,60335.0,Echolocation,0.635,20220826_070000.WAV
948.4795,948.4852,46093.0,60424.0,Echolocation,0.69,20220826_070000.WAV
948.5555,948.5611,46093.0,66578.0,Echolocation,0.636,20220826_070000.WAV
948.6295,948.634,46093.0,63088.0,Echolocation,0.615,20220826_070000.WAV
948.7055,948.7101,47812.0,61818.0,Echolocation,0.6,20220826_070000.WAV
949.3605,949.3652,42656.0,61956.0,Echolocation,0.584,20220826_070000.WAV
949.4405,949.4463,44375.0,57495.0,Echolocation,0.603,20220826_070000.WAV
950.8845,950.8908,46953.0,58596.0,Echolocation,0.523,20220826_070000.WAV
950.9695,950.976,46093.0,62993.0,Echolocation,0.522,20220826_070000.WAV
951.1095,951.1145,45234.0,60289.0,Echolocation,0.655,20220826_070000.WAV
951.1945,951.202,44375.0,68600.0,Echolocation,0.664,20220826_070000.WAV
951.2835,951.2907,44375.0,68676.0,Echolocation,0.629,20220826_070000.WAV
951.3705,951.3761,45234.0,67320.0,Echolocation,0.573,20220826_070000.WAV
951.4575,951.4633,46093.0,58957.0,Echolocation,0.519,20220826_070000.WAV
951.5545,951.5598,46093.0,61315.0,Echolocation,0.613,20220826_070000.WAV
951.6505,951.6574,45234.0,64625.0,Echolocation,0.595,20220826_070000.WAV
951.7465,951.7515,46953.0,67768.0,Echolocation,0.649,20220826_070000.WAV
951.8405,951.8457,46093.0,64951.0,Echolocation,0.55,20220826_070000.WAV
952.2375,952.2424,49531.0,61725.0,Echolocation,0.647,20220826_070000.WAV
953.1395,953.1448,46953.0,61628.0,Echolocation,0.534,20220826_070000.WAV
953.4905,953.4959,45234.0,63888.0,Echolocation,0.517,20220826_070000.WAV
953.7195,953.7241,46953.0,59685.0,Echolocation,0.512,20220826_070000.WAV
953.8005,953.8057,46093.0,55415.0,Echolocation,0.536,20220826_070000.WAV
953.8855,953.8901,44375.0,57656.0,Echolocation,0.634,20220826_070000.WAV
953.9645,953.97,44375.0,53430.0,Echolocation,0.625,20220826_070000.WAV
955.6085,955.6118,46093.0,68065.0,Echolocation,0.569,20220826_070000.WAV
962.2835,962.2896,47812.0,56628.0,Echolocation,0.566,20220826_070000.WAV
963.5785,963.5831,47812.0,58749.0,Echolocation,0.532,20220826_070000.WAV
963.6615,963.6673,45234.0,65762.0,Echolocation,0.667,20220826_070000.WAV
963.7495,963.7541,46093.0,63416.0,Echolocation,0.692,20220826_070000.WAV
963.9135,963.9202,45234.0,62196.0,Echolocation,0.703,20220826_070000.WAV
964.0895,964.0964,44375.0,65028.0,Echolocation,0.594,20220826_070000.WAV
966.0255,966.0315,46953.0,58643.0,Echolocation,0.558,20220826_070000.WAV
966.1955,966.2011,46953.0,56875.0,Echolocation,0.542,20220826_070000.WAV
966.3685,966.3757,43515.0,58546.0,Echolocation,0.598,20220826_070000.WAV
967.1615,967.1693,44375.0,55117.0,Echolocation,0.54,20220826_070000.WAV
967.4495,967.4565,43515.0,55758.0,Echolocation,0.58,20220826_070000.WAV
967.6335,967.6398,44375.0,53902.0,Echolocation,0.54,20220826_070000.WAV
969.3935,969.4003,47812.0,62762.0,Echolocation,0.582,20220826_070000.WAV
969.9515,969.9575,46953.0,62239.0,Echolocation,0.561,20220826_070000.WAV
970.0515,970.0574,46093.0,59087.0,Echolocation,0.579,20220826_070000.WAV
970.3675,970.3722,48671.0,62985.0,Echolocation,0.711,20220826_070000.WAV
970.4445,970.452,46953.0,63129.0,Echolocation,0.718,20220826_070000.WAV
970.5215,970.527,45234.0,61726.0,Echolocation,0.69,20220826_070000.WAV
970.5985,970.6034,47812.0,61369.0,Echolocation,0.613,20220826_070000.WAV
971.3235,971.3291,46093.0,57344.0,Echolocation,0.512,20220826_070000.WAV
974.0895,974.0996,43515.0,61053.0,Echolocation,0.546,20220826_070000.WAV
974.3375,974.3461,43515.0,61737.0,Echolocation,0.616,20220826_070000.WAV
974.4305,974.4413,43515.0,61680.0,Echolocation,0.647,20220826_070000.WAV
974.5265,974.5348,42656.0,59525.0,Echolocation,0.641,20220826_070000.WAV
974.6355,974.6433,42656.0,58383.0,Echolocation,0.686,20220826_070000.WAV
974.8025,974.8106,42656.0,56261.0,Echolocation,0.589,20220826_070000.WAV
974.9135,974.9247,42656.0,63398.0,Echolocation,0.588,20220826_070000.WAV
975.0255,975.035,43515.0,57568.0,Echolocation,0.582,20220826_070000.WAV
975.1385,975.1491,42656.0,61574.0,Echolocation,0.655,20220826_070000.WAV
975.2375,975.2472,45234.0,53512.0,Echolocation,0.559,20220826_070000.WAV
975.3385,975.3471,43515.0,60203.0,Echolocation,0.678,20220826_070000.WAV
975.4355,975.4461,45234.0,57120.0,Echolocation,0.59,20220826_070000.WAV
975.5345,975.5426,43515.0,57674.0,Echolocation,0.717,20220826_070000.WAV
976.0045,976.0103,45234.0,55314.0,Echolocation,0.687,20220826_070000.WAV
976.0865,976.0923,45234.0,52984.0,Echolocation,0.575,20220826_070000.WAV
976.1785,976.1847,46953.0,55259.0,Echolocation,0.625,20220826_070000.WAV
976.2695,976.2743,46093.0,60928.0,Echolocation,0.758,20220826_070000.WAV
976.4455,976.4505,46093.0,59342.0,Echolocation,0.692,20220826_070000.WAV
976.6015,976.6069,46093.0,56728.0,Echolocation,0.651,20220826_070000.WAV
978.7725,978.7788,45234.0,51901.0,Echolocation,0.534,20220826_070000.WAV
979.2545,979.2612,44375.0,51895.0,Echolocation,0.633,20220826_070000.WAV
982.0425,982.0483,46093.0,55917.0,Echolocation,0.611,20220826_070000.WAV
982.3105,982.3172,46093.0,54023.0,Echolocation,0.547,20220826_070000.WAV
982.8725,982.8817,45234.0,57313.0,Echolocation,0.538,20220826_070000.WAV
982.9725,982.9819,45234.0,56332.0,Echolocation,0.664,20220826_070000.WAV
983.0715,983.0794,43515.0,55674.0,Echolocation,0.535,20220826_070000.WAV
983.1625,983.1691,45234.0,55589.0,Echolocation,0.605,20220826_070000.WAV
983.2575,983.264,45234.0,53544.0,Echolocation,0.658,20220826_070000.WAV
983.3525,983.3581,46093.0,57618.0,Echolocation,0.645,20220826_070000.WAV
997.9675,997.9749,46953.0,53803.0,Echolocation,0.627,20220826_070000.WAV
998.1505,998.1618,44375.0,56917.0,Echolocation,0.562,20220826_070000.WAV
999.6335,999.6388,44375.0,55344.0,Echolocation,0.506,20220826_070000.WAV
999.7195,999.7246,44375.0,57469.0,Echolocation,0.526,20220826_070000.WAV
999.8095,999.8142,46093.0,59795.0,Echolocation,0.615,20220826_070000.WAV
999.9025,999.9079,45234.0,57891.0,Echolocation,0.567,20220826_070000.WAV
1004.6025,1004.6097,46953.0,53256.0,Echolocation,0.624,20220826_070000.WAV
1004.6985,1004.7039,45234.0,57435.0,Echolocation,0.514,20220826_070000.WAV
1005.1955,1005.2023,45234.0,56509.0,Echolocation,0.515,20220826_070000.WAV
1005.3895,1005.3942,44375.0,53396.0,Echolocation,0.556,20220826_070000.WAV
1007.1335,1007.1395,45234.0,54331.0,Echolocation,0.533,20220826_070000.WAV
1008.4095,1008.4148,46953.0,56270.0,Echolocation,0.598,20220826_070000.WAV
1016.6935,1016.7028,42656.0,54104.0,Echolocation,0.572,20220826_070000.WAV
1152.1515,1152.1599,42656.0,54390.0,Echolocation,0.508,20220826_070000.WAV
1152.5545,1152.5623,43515.0,51310.0,Echolocation,0.649,20220826_070000.WAV
1152.8525,1152.8593,43515.0,52820.0,Echolocation,0.637,20220826_070000.WAV
1153.2175,1153.2266,40937.0,57144.0,Echolocation,0.512,20220826_070000.WAV
1158.5715,1158.5783,40937.0,49587.0,Echolocation,0.601,20220826_070000.WAV
1159.4365,1159.442,41796.0,50327.0,Echolocation,0.625,20220826_070000.WAV
1495.5475,1495.5557,39218.0,49072.0,Echolocation,0.513,20220826_070000.WAV
1495.8665,1495.8745,40078.0,47450.0,Echolocation,0.579,20220826_070000.WAV
1495.9635,1495.9736,39218.0,52249.0,Echolocation,0.53,20220826_070000.WAV
1496.0605,1496.0687,40078.0,50033.0,Echolocation,0.546,20220826_070000.WAV
1496.1455,1496.1534,40937.0,54596.0,Echolocation,0.535,20220826_070000.WAV
1496.2215,1496.2293,40937.0,54016.0,Echolocation,0.518,20220826_070000.WAV
1496.2965,1496.3027,43515.0,55182.0,Echolocation,0.569,20220826_070000.WAV
1502.7145,1502.7223,42656.0,56579.0,Echolocation,0.523,20220826_070000.WAV
1530.0635,1530.0714,41796.0,56858.0,Echolocation,0.533,20220826_070000.WAV
1530.2575,1530.2641,41796.0,55490.0,Echolocation,0.512,20220826_070000.WAV
1531.7715,1531.7767,44375.0,51537.0,Echolocation,0.545,20220826_070000.WAV
1531.8605,1531.8667,43515.0,54438.0,Echolocation,0.541,20220826_070000.WAV
1531.9525,1531.9582,42656.0,58391.0,Echolocation,0.517,20220826_070000.WAV
1532.0405,1532.0479,42656.0,60337.0,Echolocation,0.601,20220826_070000.WAV
1532.2335,1532.243,41796.0,62223.0,Echolocation,0.582,20220826_070000.WAV
1532.3355,1532.3438,41796.0,62953.0,Echolocation,0.538,20220826_070000.WAV
1532.5395,1532.549,40937.0,58293.0,Echolocation,0.543,20220826_070000.WAV
1532.6435,1532.6526,40937.0,60642.0,Echolocation,0.549,20220826_070000.WAV
1532.7505,1532.7589,40078.0,59436.0,Echolocation,0.521,20220826_070000.WAV
1532.8525,1532.8607,40937.0,55846.0,Echolocation,0.503,20220826_070000.WAV
1532.9525,1532.9616,40937.0,52183.0,Echolocation,0.56,20220826_070000.WAV
1533.0505,1533.0595,40078.0,59156.0,Echolocation,0.565,20220826_070000.WAV
1533.1465,1533.1558,40078.0,61276.0,Echolocation,0.564,20220826_070000.WAV
1533.2425,1533.2502,40937.0,50266.0,Echolocation,0.579,20220826_070000.WAV
1533.4125,1533.4203,40078.0,57992.0,Echolocation,0.58,20220826_070000.WAV
1533.6845,1533.6924,41796.0,53677.0,Echolocation,0.528,20220826_070000.WAV
1534.1025,1534.1092,43515.0,52431.0,Echolocation,0.52,20220826_070000.WAV
1534.3235,1534.3306,43515.0,54989.0,Echolocation,0.523,20220826_070000.WAV
1534.4015,1534.4076,43515.0,58059.0,Echolocation,0.558,20220826_070000.WAV
1534.4795,1534.4857,43515.0,59442.0,Echolocation,0.538,20220826_070000.WAV
1534.6185,1534.6247,45234.0,60398.0,Echolocation,0.544,20220826_070000.WAV
1534.6805,1534.6848,46093.0,58228.0,Echolocation,0.571,20220826_070000.WAV
1534.7325,1534.7375,45234.0,54863.0,Echolocation,0.569,20220826_070000.WAV
1535.0225,1535.028,45234.0,57551.0,Echolocation,0.509,20220826_070000.WAV
1535.1115,1535.118,45234.0,58458.0,Echolocation,0.518,20220826_070000.WAV
1535.1985,1535.2039,45234.0,56081.0,Echolocation,0.614,20220826_070000.WAV
1535.2845,1535.2901,42656.0,60003.0,Echolocation,0.507,20220826_070000.WAV
1535.4525,1535.459,40937.0,66262.0,Echolocation,0.523,20220826_070000.WAV
1535.8385,1535.8447,40078.0,55630.0,Echolocation,0.556,20220826_070000.WAV
1537.1355,1537.1429,42656.0,55546.0,Echolocation,0.506,20220826_070000.WAV
1537.3155,1537.323,43515.0,52998.0,Echolocation,0.547,20220826_070000.WAV
1537.4155,1537.4216,41796.0,54008.0,Echolocation,0.535,20220826_070000.WAV
1537.5245,1537.5318,40937.0,52485.0,Echolocation,0.592,20220826_070000.WAV
1537.7265,1537.7338,41796.0,51092.0,Echolocation,0.526,20220826_070000.WAV
1537.8165,1537.8243,41796.0,49692.0,Echolocation,0.503,20220826_070000.WAV
1538.0045,1538.0118,41796.0,51584.0,Echolocation,0.663,20220826_070000.WAV
1538.1035,1538.1104,41796.0,57187.0,Echolocation,0.589,20220826_070000.WAV
1538.2075,1538.2147,40937.0,49914.0,Echolocation,0.575,20220826_070000.WAV
1538.3105,1538.3171,40937.0,55079.0,Echolocation,0.536,20220826_070000.WAV
1538.4095,1538.416,40078.0,54481.0,Echolocation,0.519,20220826_070000.WAV
1538.5145,1538.522,41796.0,53114.0,Echolocation,0.586,20220826_070000.WAV
1538.6175,1538.6237,40078.0,54296.0,Echolocation,0.529,20220826_070000.WAV
1538.7245,1538.7322,40937.0,47663.0,Echolocation,0.558,20220826_070000.WAV
1540.1405,1540.1484,39218.0,49981.0,Echolocation,0.589,20220826_070000.WAV
1540.8605,1540.8674,42656.0,50623.0,Echolocation,0.535,20220826_070000.WAV
1541.2725,1541.2822,38359.0,45190.0,Echolocation,0.508,20220826_070000.WAV
1542.9755,1542.9827,41796.0,51403.0,Echolocation,0.622,20220826_070000.WAV
1565.2415,1565.2474,47812.0,58463.0,Echolocation,0.591,20220826_070000.WAV
1565.5185,1565.5229,46953.0,58846.0,Echolocation,0.51,20220826_070000.WAV
1565.5965,1565.6015,47812.0,59886.0,Echolocation,0.584,20220826_070000.WAV
1565.8905,1565.8949,48671.0,60527.0,Echolocation,0.512,20220826_070000.WAV
1567.7935,1567.7984,51250.0,68225.0,Echolocation,0.591,20220826_070000.WAV
1567.9215,1567.9269,47812.0,67280.0,Echolocation,0.61,20220826_070000.WAV
1567.9825,1567.9881,48671.0,69999.0,Echolocation,0.591,20220826_070000.WAV
1568.0495,1568.0546,47812.0,68791.0,Echolocation,0.652,20220826_070000.WAV
1568.1265,1568.1321,46953.0,71601.0,Echolocation,0.56,20220826_070000.WAV
1568.2215,1568.2276,45234.0,76971.0,Echolocation,0.522,20220826_070000.WAV
1568.4335,1568.4389,46093.0,67019.0,Echolocation,0.6,20220826_070000.WAV
1568.7625,1568.7673,46953.0,61250.0,Echolocation,0.596,20220826_070000.WAV
1568.8535,1568.8582,46953.0,61095.0,Echolocation,0.62,20220826_070000.WAV
1569.0145,1569.0197,46093.0,67009.0,Echolocation,0.616,20220826_070000.WAV
1569.0755,1569.0799,48671.0,60580.0,Echolocation,0.524,20220826_070000.WAV
1569.1595,1569.1646,47812.0,62734.0,Echolocation,0.718,20220826_070000.WAV
1569.2625,1569.2679,45234.0,67248.0,Echolocation,0.711,20220826_070000.WAV
1569.3715,1569.3765,44375.0,60902.0,Echolocation,0.595,20220826_070000.WAV
1569.4705,1569.4749,46093.0,58949.0,Echolocation,0.628,20220826_070000.WAV
1569.5715,1569.5764,46093.0,61549.0,Echolocation,0.575,20220826_070000.WAV
1569.6835,1569.6881,45234.0,59340.0,Echolocation,0.586,20220826_070000.WAV
1569.8875,1569.8927,46953.0,58967.0,Echolocation,0.663,20220826_070000.WAV
1570.0995,1570.1052,46093.0,54583.0,Echolocation,0.63,20220826_070000.WAV
1570.2125,1570.2181,45234.0,53120.0,Echolocation,0.546,20220826_070000.WAV
1570.5185,1570.5246,46093.0,54338.0,Echolocation,0.532,20220826_070000.WAV
1570.7435,1570.7481,45234.0,56443.0,Echolocation,0.557,20220826_070000.WAV
1570.9535,1570.9596,46093.0,52148.0,Echolocation,0.567,20220826_070000.WAV
1571.1625,1571.1678,45234.0,53320.0,Echolocation,0.558,20220826_070000.WAV
1571.2615,1571.2668,45234.0,53183.0,Echolocation,0.522,20220826_070000.WAV
1606.7005,1606.7075,46093.0,52586.0,Echolocation,0.518,20220826_070000.WAV
1606.8885,1606.8938,45234.0,56587.0,Echolocation,0.556,20220826_070000.WAV
1607.0655,1607.0723,46953.0,53174.0,Echolocation,0.562,20220826_070000.WAV
1607.2445,1607.25,46093.0,54372.0,Echolocation,0.522,20220826_070000.WAV
1607.3385,1607.3444,47812.0,56245.0,Echolocation,0.609,20220826_070000.WAV
1612.5615,1612.5674,46953.0,59191.0,Echolocation,0.503,20220826_070000.WAV
