Time (UTC),12/28/23,12/29/23,12/30/23,12/31/23,01/01/24,01/02/24,01/03/24,01/04/24,01/05/24,01/06/24,01/07/24,01/08/24,01/09/24,01/10/24,01/11/24,01/12/24,01/13/24,01/14/24,01/15/24,01/16/24,01/17/24,01/18/24,01/19/24,01/20/24,01/21/24,01/22/24,01/23/24,01/24/24,01/25/24,01/26/24,01/27/24,01/28/24,01/29/24,01/30/24,01/31/24,02/01/24,02/02/24,02/03/24,02/04/24,02/05/24,02/06/24,02/07/24,02/08/24,02/09/24,02/10/24,02/11/24,02/12/24,02/13/24,02/14/24,02/15/24,02/16/24,02/17/24,02/18/24,02/19/24,02/20/24,02/21/24,02/22/24,02/23/24,02/24/24,02/25/24,02/26/24,02/27/24,02/28/24,02/29/24,03/01/24,03/02/24,03/03/24,03/04/24,03/05/24,03/06/24,03/07/24,03/08/24,03/09/24,03/10/24,03/11/24,03/12/24,03/13/24,03/14/24,03/15/24,03/16/24,03/17/24,03/18/24,03/19/24,03/20/24,03/21/24,03/22/24,03/23/24,03/24/24,03/25/24,03/26/24,03/27/24,03/28/24,03/29/24,03/30/24,03/31/24,04/01/24,04/02/24,04/03/24,04/04/24,04/05/24,04/06/24,04/07/24,04/08/24,04/09/24,04/10/24,04/11/24,04/12/24,04/13/24,04/14/24,04/15/24,04/16/24,04/17/24,04/18/24,04/19/24,04/20/24,04/21/24,04/22/24,04/23/24,04/24/24,04/25/24,04/26/24,04/27/24,04/28/24,04/29/24,04/30/24,05/01/24,05/02/24,05/03/24,05/04/24,05/05/24,05/06/24,05/07/24,05/08/24,05/09/24,05/10/24,05/11/24,05/12/24,05/13/24,05/14/24,05/15/24,05/16/24,05/17/24,05/18/24,05/19/24,05/20/24,05/21/24,05/22/24,05/23/24,05/24/24,05/25/24,05/26/24,05/27/24,05/28/24,05/29/24,05/30/24,05/31/24,06/01/24,06/02/24,06/03/24,06/04/24,06/05/24,06/06/24,06/07/24,06/08/24,06/09/24,06/10/24,06/11/24,06/12/24,06/13/24,06/14/24,06/15/24,06/16/24,06/17/24,06/18/24,06/19/24,06/20/24,06/21/24,06/22/24,06/23/24,06/24/24,06/25/24,06/26/24,06/27/24,06/28/24,06/29/24,06/30/24,07/01/24,07/02/24,07/03/24,07/04/24,07/05/24,07/06/24,07/07/24,07/08/24,07/09/24,07/10/24,07/11/24,07/12/24,07/13/24,07/14/24,07/15/24,07/16/24,07/17/24,07/18/24,07/19/24,07/20/24,07/21/24,07/22/24,07/23/24,07/24/24,07/25/24,07/26/24,07/27/24,07/28/24,07/29/24,07/30/24,07/31/24,08/01/24,08/02/24,08/03/24,08/04/24,08/05/24,08/06/24,08/07/24,08/08/24,08/09/24,08/10/24,08/11/24,08/12/24,08/13/24,08/14/24,08/15/24,08/16/24,08/17/24,08/18/24,08/19/24,08/20/24,08/21/24,08/22/24,08/23/24,08/24/24,08/25/24,08/26/24,08/27/24,08/28/24,08/29/24,08/30/24,08/31/24,09/01/24,09/02/24,09/03/24,09/04/24,09/05/24,09/06/24,09/07/24,09/08/24,09/09/24,09/10/24,09/11/24,09/12/24,09/13/24,09/14/24,09/15/24,09/16/24,09/17/24,09/18/24
00:00,,1.0,2.666666666666667,1.0,1.0,1.0,1.0,1.0,8.333333333333334,1.0,1.0,1.0,1.0,1.0,2.6666666666666665,1.0,2.666666666666667,0.0,0.0,1.0,1.0,1.0,1.0,1.0,1.0,1.0,1.0,1.0,1.0,1.0,1.0,1.0,1.0,1.0,1.0,2.666666666666667,1.0,2.6666666666666665,1.0,1.0,1.0,1.0,2.6666666666666665,1.0,1.0,1.0,1.0,0.0,0.0,1.0,0.0,0.0,0.0,0.0,0.0,0.0,1.0,1.0,2.6666666666666665,1.0,1.0,1.0,1.0,1.0,1.0,6.666666666666667,2.6666666666666665,1.0,4.333333333333333,1.0,1.0,1.0,1.0,1.0,1.0,1.0,1.0,1.0,1.0,1.0,1.0,1.0,1.0,1.0,2.6666666666666665,1.0,1.0,1.0,1.0,1.0,1.0,1.0,0.0,1.0,1.0,1.0,2.6666666666666665,1.0,1.0,1.0,1.0,1.0,1.0,1.0,1.0,1.0,2.666666666666667,1.0,1.0,1.0,1.0,1.0,0.0,0.0,4.666666666666667,1.0,1.0,1.0,1.0,1.0,1.0,1.0,1.0,1.0,1.0,1.0,1.0,0.0,2.6666666666666665,1.0,1.0,1.0,2.6666666666666665,1.0,1.0,2.666666666666667,1.0,1.0,1.0,1.0,4.666666666666667,1.0,1.0,1.0,1.0,1.0,1.0,2.6666666666666665,1.0,1.0,1.0,1.0,1.0,1.0,1.0,1.0,1.0,1.0,2.6666666666666665,1.0,1.0,1.0,1.0,2.6666666666666665,1.0,1.0,1.0,2.6666666666666665,4.666666666666667,1.0,1.0,1.0,1.0,1.0,1.0,1.0,1.0,1.0,1.0,1.0,1.0,1.0,1.0,1.0,1.0,1.0,1.0,1.0,1.0,1.0,2.6666666666666665,1.0,1.0,2.6666666666666665,1.0,1.0,0.0,1.0,1.0,1.0,1.0,1.0,16.0,2.6666666666666665,2.6666666666666665,1.0,1.0,1.0,1.0,1.0,1.0,1.0,1.0,1.0,1.0,4.333333333333333,1.0,1.0,1.0,1.0,1.0,1.0,2.6666666666666665,1.0,1.0,2.6666666666666665,1.0,1.0,1.0,1.0,1.0,1.0,1.0,1.0,1.0,1.0,1.0,1.0,1.0,1.0,1.0,1.0,1.0,2.6666666666666665,2.6666666666666665,0.0,1.0,1.0,1.0,1.0,1.0,1.0,1.0,2.6666666666666665,1.0,1.0,1.0,1.0,1.0,1.0,1.0,1.0,1.0,2.666666666666667,1.0,1.0
00:30,,1.0,1.0,2.6666666666666665,2.666666666666667,1.0,2.6666666666666665,1.0,1.0,1.0,1.0,1.0,1.0,1.0,1.0,1.0,1.0,0.0,0.0,1.0,1.0,1.0,1.0,1.0,1.0,1.0,2.6666666666666665,1.0,1.0,2.6666666666666665,1.0,1.0,1.0,1.0,1.0,1.0,1.0,1.0,1.0,1.0,1.0,1.0,1.0,1.0,1.0,1.0,2.666666666666667,0.0,2.3333333333333335,2.6666666666666665,0.0,0.0,0.0,0.0,0.0,0.0,1.0,1.0,1.0,1.0,1.0,1.0,1.0,1.0,1.0,1.0,1.0,1.0,1.0,1.0,1.0,1.0,1.0,1.0,1.0,1.0,1.0,1.0,1.0,1.0,1.0,1.0,1.0,1.0,1.0,1.0,1.0,4.333333333333334,1.0,1.0,1.0,1.0,0.0,1.0,1.0,1.0,1.0,1.0,1.0,1.0,1.0,1.0,1.0,1.0,2.6666666666666665,1.0,2.6666666666666665,1.0,1.0,1.0,1.0,1.0,0.0,0.0,1.0,1.0,1.0,1.0,1.0,1.0,1.0,1.0,1.0,1.0,1.0,1.0,1.0,0.0,1.0,1.0,1.0,1.0,1.0,1.0,1.0,1.0,1.0,1.0,1.0,1.0,1.0,1.0,1.0,1.0,1.0,1.0,1.0,1.0,1.0,1.0,1.0,4.333333333333334,1.0,2.6666666666666665,1.0,1.0,1.0,1.0,1.0,1.0,1.0,4.666666666666667,1.0,1.0,2.6666666666666665,1.0,1.0,2.6666666666666665,1.0,1.0,1.0,1.0,1.0,1.0,1.0,2.6666666666666665,1.0,1.0,1.0,2.6666666666666665,1.0,1.0,1.0,1.0,1.0,1.0,1.0,1.0,2.6666666666666665,1.0,1.0,1.0,1.0,1.0,1.0,1.0,0.0,1.0,2.6666666666666665,1.0,1.0,1.0,1.0,1.0,1.0,1.0,1.0,1.0,1.0,1.0,1.0,1.0,1.0,1.0,1.0,1.0,1.0,1.0,1.0,1.0,1.0,1.0,1.0,2.666666666666667,1.0,1.0,4.666666666666667,1.0,1.0,1.0,2.6666666666666665,1.0,1.0,2.6666666666666665,2.6666666666666665,1.0,1.0,1.0,1.0,2.6666666666666665,1.0,1.0,1.0,1.0,1.0,0.0,1.0,1.0,1.0,1.0,1.0,1.0,1.0,1.0,1.0,1.0,1.0,1.0,1.0,1.0,1.0,1.0,1.0,1.0,1.0,1.0
01:00,,1.0,1.0,1.0,1.0,1.0,1.0,1.0,1.0,1.0,1.0,1.0,1.0,1.0,1.0,1.0,2.666666666666667,0.0,0.0,2.6666666666666665,1.0,2.666666666666667,1.0,1.0,1.0,1.0,2.6666666666666665,1.0,1.0,2.6666666666666665,1.0,1.0,1.0,2.6666666666666665,1.0,1.0,1.0,1.0,1.0,1.0,1.0,1.0,1.0,1.0,1.0,1.0,1.0,0.0,1.0,2.6666666666666665,0.0,0.0,0.0,0.0,0.0,0.0,1.0,1.0,1.0,1.0,1.0,1.0,1.0,1.0,1.0,2.666666666666667,1.0,1.0,1.0,2.6666666666666665,1.0,1.0,1.0,1.0,1.0,1.0,1.0,1.0,1.0,1.0,1.0,1.0,1.0,1.0,1.0,1.0,1.0,1.0,1.0,1.0,2.6666666666666665,1.0,0.0,2.666666666666667,1.0,1.0,1.0,1.0,1.0,1.0,1.0,2.6666666666666665,1.0,1.0,1.0,1.0,1.0,1.0,1.0,1.0,1.0,1.0,0.0,0.0,1.0,1.0,1.0,1.0,1.0,1.0,1.0,1.0,1.0,1.0,1.0,1.0,1.0,0.0,1.0,1.0,1.0,1.0,1.0,1.0,1.0,1.0,1.0,1.0,1.0,1.0,1.0,1.0,1.0,1.0,1.0,1.0,1.0,1.0,1.0,1.0,1.0,1.0,1.0,1.0,1.0,1.0,1.0,1.0,1.0,1.0,1.0,1.0,1.0,2.6666666666666665,1.0,1.0,1.0,1.0,2.666666666666667,1.0,1.0,1.0,1.0,1.0,1.0,1.0,1.0,1.0,1.0,1.0,2.666666666666667,1.0,1.0,2.6666666666666665,1.0,1.0,1.0,1.0,1.0,1.0,1.0,1.0,1.0,1.0,1.0,2.6666666666666665,0.0,1.0,1.0,1.0,1.0,1.0,8.333333333333334,1.0,1.0,1.0,2.666666666666667,1.0,1.0,1.0,4.666666666666667,2.666666666666667,1.0,1.0,1.0,1.0,1.0,2.6666666666666665,1.0,1.0,2.6666666666666665,1.0,4.333333333333333,1.0,2.666666666666667,1.0,1.0,1.0,2.666666666666667,1.0,1.0,1.0,1.0,1.0,1.0,1.0,1.0,1.0,1.0,1.0,1.0,1.0,1.0,1.0,1.0,0.0,1.0,1.0,1.0,1.0,1.0,1.0,1.0,1.0,1.0,1.0,1.0,2.6666666666666665,1.0,1.0,1.0,1.0,1.0,2.6666666666666665,1.0,1.0
01:30,,1.0,1.0,1.0,1.0,1.0,1.0,1.0,1.0,1.0,1.0,1.0,1.0,1.0,1.0,1.0,1.0,0.0,0.0,1.0,1.0,1.0,1.0,20.333333333333332,1.0,1.0,1.0,1.0,1.0,1.0,1.0,1.0,1.0,1.0,1.0,1.0,1.0,2.6666666666666665,1.0,1.0,1.0,1.0,1.0,1.0,1.0,1.0,1.0,0.0,4.333333333333333,1.0,0.0,0.0,0.0,0.0,0.0,0.0,1.0,1.0,1.0,1.0,1.0,1.0,1.0,1.0,2.666666666666667,1.0,1.0,1.0,2.666666666666667,2.6666666666666665,1.0,1.0,1.0,1.0,1.0,1.0,1.0,1.0,1.0,1.0,1.0,1.0,1.0,1.0,1.0,1.0,1.0,1.0,1.0,1.0,1.0,1.0,0.0,2.6666666666666665,1.0,2.6666666666666665,1.0,1.0,2.666666666666667,2.6666666666666665,1.0,2.6666666666666665,4.333333333333334,1.0,1.0,1.0,1.0,1.0,1.0,1.0,1.0,1.0,0.0,0.0,1.0,1.0,1.0,1.0,1.0,1.0,1.0,1.0,1.0,1.0,1.0,1.0,1.0,0.0,1.0,1.0,1.0,1.0,1.0,1.0,1.0,1.0,1.0,1.0,1.0,1.0,2.6666666666666665,1.0,2.6666666666666665,1.0,1.0,1.0,1.0,1.0,1.0,1.0,1.0,1.0,1.0,1.0,1.0,1.0,1.0,1.0,1.0,1.0,1.0,2.666666666666667,1.0,1.0,1.0,1.0,4.666666666666667,1.0,1.0,1.0,1.0,1.0,1.0,1.0,1.0,1.0,1.0,1.0,2.666666666666667,1.0,1.0,6.666666666666667,1.0,1.0,1.0,1.0,1.0,1.0,1.0,1.0,1.0,1.0,2.6666666666666665,1.0,1.0,1.0,0.0,1.0,1.0,1.0,1.0,1.0,2.6666666666666665,1.0,1.0,1.0,1.0,1.0,1.0,2.666666666666667,1.0,1.0,1.0,1.0,1.0,4.333333333333333,2.666666666666667,1.0,1.0,1.0,1.0,1.0,1.0,1.0,1.0,1.0,2.6666666666666665,1.0,1.0,2.6666666666666665,1.0,2.6666666666666665,1.0,2.6666666666666665,1.0,1.0,1.0,1.0,1.0,1.0,1.0,1.0,1.0,1.0,1.0,0.0,1.0,1.0,1.0,1.0,1.0,1.0,1.0,1.0,1.0,1.0,1.0,1.0,1.0,1.0,1.0,1.0,1.0,1.0,1.0,1.0
02:00,,2.6666666666666665,1.0,1.0,1.0,1.0,1.0,2.6666666666666665,1.0,1.0,1.0,2.666666666666667,1.0,1.0,1.0,1.0,1.0,0.0,0.0,1.0,1.0,1.0,2.6666666666666665,1.0,1.0,1.0,1.0,1.0,1.0,2.6666666666666665,1.0,1.0,1.0,1.0,1.0,1.0,1.0,1.0,1.0,1.0,1.0,1.0,1.0,1.0,1.0,1.0,1.0,0.0,1.0,1.0,0.0,0.0,0.0,0.0,0.0,0.0,1.0,1.0,2.666666666666667,1.0,1.0,2.666666666666667,2.666666666666667,1.0,2.6666666666666665,1.0,1.0,1.0,1.0,1.0,1.0,1.0,94.66666666666667,1.0,1.0,1.0,1.0,1.0,1.0,1.0,1.0,1.0,1.0,1.0,1.0,1.0,2.6666666666666665,1.0,1.0,1.0,1.0,1.0,0.0,1.0,2.6666666666666665,1.0,1.0,1.0,2.6666666666666665,1.0,1.0,1.0,2.6666666666666665,1.0,6.333333333333334,1.0,1.0,1.0,1.0,1.0,1.0,1.0,0.0,0.0,1.0,1.0,1.0,1.0,1.0,1.0,1.0,1.0,1.0,1.0,1.0,1.0,1.0,0.0,1.0,1.0,1.0,1.0,1.0,1.0,1.0,2.6666666666666665,1.0,26.666666666666668,1.0,1.0,1.0,2.6666666666666665,1.0,1.0,1.0,1.0,1.0,2.666666666666667,1.0,1.0,1.0,1.0,1.0,1.0,1.0,1.0,1.0,1.0,1.0,1.0,1.0,1.0,1.0,2.0,2.6666666666666665,2.666666666666667,1.0,1.0,1.0,1.0,1.0,1.0,1.0,1.0,1.0,1.0,1.0,1.0,1.0,2.666666666666667,1.0,1.0,1.0,1.0,1.0,1.0,1.0,1.0,1.0,1.0,1.0,1.0,1.0,2.666666666666667,1.0,1.0,0.0,2.6666666666666665,1.0,2.6666666666666665,1.0,1.0,1.0,1.0,1.0,1.0,1.0,2.6666666666666665,1.0,1.0,2.666666666666667,1.0,1.0,1.0,2.6666666666666665,1.0,2.6666666666666665,1.0,1.0,1.0,1.0,1.0,1.0,1.0,1.0,1.0,1.0,1.0,1.0,1.0,1.0,1.0,2.6666666666666665,1.0,1.0,1.0,1.0,1.0,1.0,1.0,2.6666666666666665,1.0,1.0,1.0,2.6666666666666665,0.0,1.0,1.0,1.0,1.0,1.0,1.0,1.0,2.666666666666667,1.0,1.0,1.0,1.0,1.0,1.0,2.6666666666666665,1.0,1.0,2.6666666666666665,1.0,1.0
02:30,,1.0,1.0,1.0,2.6666666666666665,1.0,1.0,1.0,1.0,1.0,1.0,1.0,1.0,1.0,1.0,1.0,1.0,0.0,0.0,1.0,4.333333333333334,1.0,1.0,120.66666666666667,1.0,1.0,1.0,1.0,1.0,1.0,1.0,1.0,1.0,1.0,1.0,2.6666666666666665,1.0,1.0,1.0,1.0,1.0,1.0,1.0,1.0,1.0,1.0,1.0,0.0,1.0,1.0,0.0,0.0,0.0,0.0,0.0,0.0,1.0,1.0,1.0,1.0,1.0,1.0,1.0,1.0,1.0,1.0,1.0,1.0,1.0,1.0,1.0,40.666666666666664,1.0,1.0,1.0,1.0,1.0,1.0,1.0,1.0,1.0,16.666666666666668,1.0,1.0,1.0,1.0,1.0,2.666666666666667,2.666666666666667,1.0,1.0,1.0,0.0,1.0,1.0,1.0,1.0,1.0,1.0,1.0,1.0,1.0,1.0,1.0,1.0,1.0,1.0,2.666666666666667,1.0,1.0,1.0,1.0,0.0,0.0,1.0,1.0,1.0,1.0,2.6666666666666665,1.0,1.0,1.0,1.0,1.0,1.0,1.0,1.0,0.0,1.0,1.0,1.0,1.0,1.0,1.0,1.0,1.0,1.0,1.0,1.0,2.6666666666666665,2.6666666666666665,1.0,1.0,1.0,1.0,1.0,1.0,1.0,2.6666666666666665,1.0,1.0,1.0,1.0,2.666666666666667,1.0,1.0,1.0,6.666666666666667,1.0,2.6666666666666665,1.0,1.0,1.0,2.666666666666667,1.0,1.0,2.6666666666666665,2.6666666666666665,1.0,1.0,1.0,1.0,2.6666666666666665,1.0,1.0,1.0,1.0,2.6666666666666665,2.6666666666666665,16.0,1.0,2.666666666666667,2.6666666666666665,1.0,1.0,1.0,1.0,1.0,1.0,1.0,1.0,1.0,1.0,1.0,1.0,1.0,0.0,1.0,1.0,2.666666666666667,1.0,1.0,1.0,1.0,1.0,1.0,1.0,2.6666666666666665,1.0,1.0,2.6666666666666665,1.0,6.666666666666667,1.0,4.333333333333334,1.0,1.0,1.0,2.6666666666666665,1.0,1.0,1.0,1.0,1.0,1.0,1.0,1.0,2.6666666666666665,1.0,1.0,2.666666666666667,1.0,1.0,1.0,1.0,2.6666666666666665,2.6666666666666665,1.0,1.0,1.0,1.0,1.0,1.0,2.6666666666666665,1.0,0.0,1.0,1.0,1.0,1.0,1.0,1.0,1.0,1.0,1.0,1.0,1.0,1.0,1.0,1.0,30.666666666666668,1.0,1.0,1.0,316.6666666666667,218.33333333333334
03:00,,52.66666666666667,1.0,1.0,1.0,1.0,1.0,1.0,1.0,1.0,1.0,1.0,1.0,1.0,1.0,1.0,1.0,0.0,0.0,1.0,1.0,2.666666666666667,1.0,4.666666666666667,1.0,1.0,1.0,1.0,1.0,1.0,1.0,1.0,76.66666666666666,2.666666666666667,1.0,1.0,1.0,1.0,1.0,1.0,1.0,1.0,1.0,1.0,1.0,1.0,1.0,0.0,2.666666666666667,1.0,0.0,0.0,0.0,0.0,0.0,0.0,1.0,1.0,1.0,4.666666666666667,1.0,1.0,1.0,1.0,1.0,1.0,1.0,1.0,1.0,1.0,1.0,1.0,1.0,1.0,1.0,1.0,1.0,64.66666666666667,48.333333333333336,32.666666666666664,1.0,50.666666666666664,118.33333333333333,1.0,2044.0,164.33333333333334,1.0,50.666666666666664,602.0,284.0,336.3333333333333,96.0,0.0,44.33333333333333,474.3333333333333,146.33333333333331,448.6666666666667,76.33333333333333,1.0,1.0,1.0,1.0,1.0,1.0,2.6666666666666665,1.0,1.0,1.0,1.0,1.0,1.0,1.0,0.0,0.0,1.0,2.666666666666667,1.0,1.0,1.0,1.0,1.0,1.0,1.0,1.0,1.0,1.0,2.666666666666667,0.0,1.0,1.0,1.0,1.0,1.0,1.0,1.0,1.0,8.666666666666668,2.6666666666666665,1.0,1.0,36.666666666666664,1.0,1.0,1.0,1.0,1.0,1.0,1.0,1.0,1.0,2.666666666666667,1.0,2.6666666666666665,1.0,1.0,1.0,1.0,1.0,1.0,1.0,4.666666666666667,1.0,1.0,1.0,1.0,1.0,2.6666666666666665,1.0,2.6666666666666665,1.0,1.0,1.0,1.0,1.0,1.0,1.0,1.0,1.0,2.6666666666666665,1.0,2.6666666666666665,4.666666666666667,1.0,1.0,1.0,1.0,1.0,1.0,1.0,2.666666666666667,1.0,1.0,1.0,1.0,2.666666666666667,1.0,0.0,2.6666666666666665,1.0,1.0,1.0,1.0,1.0,1.0,1.0,1.0,1.0,4.666666666666667,1.0,1.0,1.0,1.0,2.666666666666667,2.666666666666667,1.0,1.0,1.0,1.0,2.6666666666666665,1.0,2.6666666666666665,1.0,1.0,1.0,1.0,1.0,1.0,4.333333333333333,1.0,1.0,1.0,1.0,1.0,1.0,1.0,4.666666666666667,1.0,1.0,1.0,1.0,1.0,1.0,1.0,546.6666666666666,1.0,0.0,1.0,1.0,1.0,4.666666666666667,1.0,1.0,1.0,642.0,202.33333333333331,188.0,1.0,396.0,6.666666666666667,168.33333333333334,2.6666666666666665,98.0,2.666666666666667,2.6666666666666665,346.33333333333337,1.0
03:30,,1.0,1.0,1.0,1.0,2.6666666666666665,1.0,2.6666666666666665,2.6666666666666665,1.0,1.0,1.0,1.0,1.0,1.0,1.0,1.0,0.0,0.0,1.0,2.666666666666667,1.0,1.0,1.0,1.0,1.0,1.0,1.0,1.0,1.0,1.0,1.0,1.0,1.0,1.0,1.0,1.0,1.0,1.0,1.0,1.0,1.0,1.0,1.0,1.0,1.0,1.0,0.0,1.0,1.0,0.0,0.0,0.0,0.0,0.0,0.0,1.0,1.0,1.0,1.0,1.0,1.0,1.0,1.0,1.0,1.0,2.666666666666667,1.0,1.0,1.0,1.0,1.0,1.0,10.666666666666666,1.0,1.0,1.0,52.66666666666667,1.0,64.33333333333333,68.66666666666666,30.666666666666668,1.0,42.666666666666664,2984.0,208.0,186.33333333333334,1.0,1388.0,690.0,62.333333333333336,1546.0,0.0,82.66666666666667,92.66666666666666,1.0,542.0,116.0,40.0,2.6666666666666665,30.666666666666664,454.6666666666667,14.666666666666668,1.0,496.3333333333333,116.33333333333334,72.66666666666666,242.33333333333331,434.0,12.333333333333334,1.0,1.0,0.0,0.0,1.0,238.66666666666666,1.0,1.0,1.0,1.0,1.0,102.66666666666667,1.0,1.0,1.0,1.0,300.6666666666667,0.0,1.0,1.0,1.0,1.0,1.0,1.0,1.0,1.0,1.0,1.0,1.0,1.0,2.6666666666666665,1.0,1.0,1.0,1.0,1.0,1.0,1.0,1.0,1.0,1.0,1.0,1.0,1.0,1.0,1.0,1.0,2.666666666666667,1.0,1.0,1.0,2.6666666666666665,1.0,2.6666666666666665,1.0,1.0,1.0,1.0,1.0,1.0,1.0,1.0,1.0,1.0,1.0,1.0,1.0,2.6666666666666665,1.0,1.0,1.0,1.0,1.0,1.0,1.0,2.6666666666666665,1.0,1.0,1.0,1.0,1.0,1.0,1.0,1.0,1.0,1.0,0.0,1.0,1.0,2.6666666666666665,1.0,1.0,1.0,1.0,1.0,1.0,2.666666666666667,1.0,1.0,1.0,1.0,1.0,1.0,1.0,1.0,1.0,1.0,1.0,1.0,1.0,1.0,1.0,1.0,1.0,1.0,1.0,104.33333333333333,1.0,110.66666666666667,1.0,146.66666666666666,76.66666666666667,534.3333333333334,32.666666666666664,890.3333333333334,358.3333333333333,182.66666666666669,1300.3333333333333,196.33333333333334,4964.0,1.0,40.666666666666664,3820.0,698.3333333333334,384.3333333333333,0.0,40.66666666666667,1.0,2.6666666666666665,1.0,1.0,1.0,1.0,38.666666666666664,238.33333333333334,56.666666666666664,40.66666666666667,62.333333333333336,1.0,22.666666666666664,1.0,34.666666666666664,2.666666666666667,6.666666666666667,102.33333333333333,1.0
04:00,,2.666666666666667,2.6666666666666665,1.0,2.6666666666666665,1.0,1.0,1.0,2.666666666666667,1.0,1.0,1.0,1.0,1.0,1.0,1.0,1.0,0.0,0.0,1.0,1.0,1.0,1.0,1.0,2.6666666666666665,1.0,1.0,1.0,1.0,1.0,1.0,1.0,1.0,1.0,1.0,1.0,1.0,1.0,1.0,1.0,1.0,1.0,1.0,1.0,1.0,2.6666666666666665,1.0,0.0,1.0,1.0,0.0,0.0,0.0,0.0,0.0,0.0,1.0,1.0,1.0,1.0,1.0,1.0,1.0,1.0,1.0,1.0,1.0,1.0,1.0,1.0,1.0,1.0,44.666666666666664,1.0,1.0,1.0,1.0,1.0,60.666666666666664,1.0,144.33333333333334,72.33333333333333,68.33333333333333,12.666666666666666,1110.0,26.666666666666668,70.33333333333333,38.666666666666664,150.0,900.0,80.66666666666666,420.3333333333333,0.0,20.666666666666664,844.0,72.33333333333333,134.33333333333334,16.666666666666668,4.666666666666667,1.0,38.66666666666667,1.0,1.0,1.0,182.66666666666666,66.66666666666667,384.3333333333333,60.666666666666664,296.3333333333333,476.3333333333333,1.0,48.66666666666667,0.0,0.0,446.3333333333333,4.666666666666667,1.0,1.0,38.66666666666667,1.0,68.66666666666667,858.0,1.0,1.0,1.0,32.666666666666664,232.33333333333334,0.0,1.0,1.0,1.0,1.0,1.0,14.666666666666668,536.3333333333333,1020.3333333333333,518.3333333333333,4734.0,272.6666666666667,1.0,494.0,32.66666666666667,422.6666666666667,74.66666666666667,1.0,1.0,66.66666666666666,184.66666666666666,4.666666666666667,1.0,1.0,1.0,54.666666666666664,1.0,1.0,1.0,102.66666666666667,114.66666666666667,1.0,1.0,1.0,1.0,1.0,1.0,2.666666666666667,4.666666666666667,1.0,4.333333333333333,1.0,1.0,1.0,1.0,1.0,1.0,1.0,1.0,1.0,1.0,1.0,1.0,1.0,2.666666666666667,1.0,1.0,1.0,1.0,1.0,1.0,2.666666666666667,2.6666666666666665,1.0,1.0,2.6666666666666665,1.0,1.0,1.0,0.0,1.0,1.0,1.0,1.0,1.0,1.0,1.0,1.0,1.0,1.0,1.0,1.0,50.666666666666664,4.666666666666667,1.0,120.33333333333333,412.33333333333337,218.33333333333334,4.666666666666667,164.66666666666666,486.3333333333333,568.3333333333334,218.33333333333331,120.66666666666666,404.66666666666663,328.3333333333333,180.66666666666669,834.0,470.3333333333333,576.0,248.0,142.33333333333334,42.666666666666664,672.6666666666666,632.0,152.66666666666666,836.6666666666666,1.0,18.666666666666668,1.0,354.3333333333333,1006.0,434.0,2.6666666666666665,1.0,190.66666666666666,52.666666666666664,48.66666666666667,0.0,1.0,1.0,1.0,1.0,1.0,1.0,1.0,42.333333333333336,44.333333333333336,2.6666666666666665,38.66666666666667,28.666666666666668,2.666666666666667,1.0,6.333333333333334,1.0,1.0,38.666666666666664,1.0,1.0
04:30,,1.0,148.66666666666669,2.6666666666666665,1.0,1.0,1.0,1.0,1.0,1.0,1.0,1.0,1.0,1.0,1.0,1.0,1.0,0.0,0.0,1.0,1.0,1.0,1.0,1.0,1.0,1.0,1.0,1.0,1.0,1.0,1.0,1.0,1.0,1.0,1.0,1.0,1.0,1.0,1.0,2.666666666666667,1.0,1.0,1.0,1.0,1.0,1.0,1.0,0.0,1.0,1.0,0.0,0.0,0.0,0.0,0.0,0.0,1.0,1.0,1.0,1.0,1.0,1.0,1.0,2.666666666666667,1.0,1.0,1.0,2.6666666666666665,1.0,1.0,1.0,1.0,1.0,1.0,1.0,1.0,1.0,1.0,1.0,1.0,60.333333333333336,1.0,1.0,4.666666666666667,730.0,1.0,1.0,2.6666666666666665,2.666666666666667,288.0,1.0,1.0,0.0,70.66666666666666,4.666666666666667,108.66666666666666,102.33333333333333,52.333333333333336,1.0,1.0,1.0,1.0,1.0,1.0,38.666666666666664,48.666666666666664,1.0,26.666666666666664,420.0,386.3333333333333,1.0,34.66666666666667,0.0,0.0,142.0,1.0,114.33333333333333,16.666666666666668,128.0,38.666666666666664,1.0,72.66666666666667,1.0,1.0,1.0,1.0,2.6666666666666665,0.0,242.33333333333334,1.0,1.0,10.666666666666666,1.0,84.66666666666667,2094.0,4074.0,3328.0,1896.0,106.33333333333333,106.33333333333333,180.33333333333334,1.0,16.666666666666668,1.0,1.0,290.3333333333333,16.666666666666668,40.666666666666664,54.666666666666664,1.0,1.0,2.6666666666666665,148.33333333333334,80.66666666666667,1.0,18.666666666666668,588.0,260.3333333333333,220.66666666666666,284.6666666666667,1.0,106.66666666666666,8.666666666666666,82.33333333333333,226.66666666666666,218.0,144.33333333333334,484.0,4.666666666666667,1.0,130.66666666666666,1.0,1.0,1.0,1.0,1.0,98.33333333333333,126.66666666666667,198.66666666666666,106.33333333333334,134.66666666666666,100.66666666666667,28.666666666666664,40.666666666666664,46.666666666666664,56.66666666666667,148.33333333333331,72.66666666666667,158.66666666666666,266.6666666666667,172.33333333333334,30.666666666666668,1.0,206.66666666666666,1.0,1.0,0.0,190.33333333333334,110.33333333333333,72.33333333333333,262.3333333333333,232.33333333333331,150.33333333333334,352.3333333333333,150.33333333333334,194.0,250.33333333333334,102.33333333333333,2.6666666666666665,60.666666666666664,32.333333333333336,198.33333333333334,178.33333333333334,194.0,642.6666666666666,42.333333333333336,344.3333333333333,96.66666666666667,166.33333333333334,460.3333333333333,1.0,2.6666666666666665,660.0,296.3333333333333,312.3333333333333,4.666666666666667,104.33333333333333,1.0,18.666666666666668,148.33333333333334,696.0,156.33333333333334,30.666666666666668,206.0,44.666666666666664,74.33333333333334,108.33333333333333,310.0,72.33333333333333,768.0,1.0,2.6666666666666665,92.0,1.0,72.66666666666666,0.0,1.0,1.0,1.0,1.0,1.0,1.0,1.0,1.0,1.0,42.33333333333333,2.6666666666666665,4.666666666666667,2.6666666666666665,1.0,1.0,1.0,1.0,1.0,1.0,4.666666666666667
05:00,,1.0,1.0,1.0,1.0,1.0,1.0,1.0,1.0,1.0,1.0,1.0,1.0,1.0,1.0,1.0,1.0,0.0,0.0,1.0,1.0,1.0,1.0,1.0,1.0,1.0,1.0,1.0,1.0,1.0,1.0,1.0,1.0,1.0,1.0,1.0,1.0,4.666666666666667,1.0,1.0,1.0,1.0,1.0,1.0,1.0,1.0,1.0,0.0,2.6666666666666665,1.0,0.0,0.0,0.0,0.0,0.0,0.0,1.0,1.0,1.0,1.0,1.0,1.0,1.0,1.0,1.0,1.0,1.0,1.0,1.0,1.0,1.0,1.0,1.0,1.0,1.0,1.0,1.0,1.0,74.66666666666667,1.0,1.0,1.0,2.6666666666666665,1.0,1.0,1.0,1.0,1.0,1.0,18.666666666666668,1.0,1.0,0.0,1.0,1.0,36.333333333333336,286.3333333333333,2.6666666666666665,1.0,1.0,1.0,1.0,1.0,1.0,30.666666666666664,1.0,1.0,1.0,76.33333333333334,196.0,1.0,1.0,0.0,0.0,110.0,1.0,1.0,1.0,116.0,1.0,1.0,4.666666666666667,1.0,1.0,1.0,1.0,44.333333333333336,0.0,36.666666666666664,60.333333333333336,1.0,1.0,1.0,2.666666666666667,152.0,472.0,2466.0,204.33333333333334,28.666666666666668,44.666666666666664,130.33333333333334,48.333333333333336,1.0,1.0,106.33333333333333,246.33333333333334,1.0,222.0,172.33333333333334,1.0,1.0,2.666666666666667,456.0,1.0,24.666666666666664,1.0,642.0,10.0,1.0,1.0,2.6666666666666665,162.0,122.0,248.33333333333331,638.0,212.0,126.0,156.0,1.0,24.666666666666668,14.666666666666668,12.666666666666666,26.333333333333332,58.666666666666664,148.33333333333334,76.66666666666667,356.0,192.66666666666666,168.33333333333334,398.0,906.3333333333334,524.0,60.33333333333333,64.33333333333333,202.66666666666666,1.0,208.0,216.33333333333334,150.33333333333334,228.0,434.3333333333333,828.0,372.0,170.33333333333334,204.66666666666666,222.33333333333334,0.0,80.33333333333333,354.6666666666667,42.333333333333336,266.6666666666667,2.666666666666667,72.0,1.0,20.666666666666664,32.333333333333336,70.33333333333333,24.666666666666668,12.666666666666668,118.0,148.33333333333334,1.0,94.33333333333333,1.0,508.0,86.33333333333334,64.33333333333333,172.0,222.66666666666666,132.33333333333334,312.0,142.0,96.33333333333333,170.0,336.0,250.0,166.33333333333334,110.66666666666667,32.666666666666664,214.0,240.33333333333334,268.3333333333333,74.33333333333333,318.0,1.0,104.33333333333333,52.666666666666664,24.333333333333332,158.0,172.0,2.666666666666667,1.0,86.0,2.666666666666667,1.0,0.0,1.0,1.0,1.0,1.0,1.0,1.0,1.0,1.0,2.666666666666667,80.33333333333334,6.666666666666667,1.0,1.0,4.666666666666667,1.0,1.0,1.0,2.6666666666666665,1.0,1.0
05:30,,1.0,1.0,1.0,1.0,2.6666666666666665,2.6666666666666665,1.0,1.0,1.0,1.0,1.0,1.0,1.0,2.6666666666666665,1.0,1.0,0.0,0.0,1.0,1.0,1.0,1.0,1.0,1.0,2.666666666666667,1.0,1.0,1.0,2.666666666666667,1.0,1.0,1.0,1.0,1.0,1.0,1.0,1.0,1.0,1.0,1.0,1.0,1.0,1.0,1.0,1.0,1.0,0.0,1.0,1.0,0.0,0.0,0.0,0.0,0.0,0.0,1.0,1.0,1.0,1.0,1.0,1.0,1.0,1.0,2.6666666666666665,2.6666666666666665,2.666666666666667,1.0,1.0,1.0,1.0,1.0,1.0,1.0,1.0,1.0,1.0,1.0,22.666666666666668,1.0,38.666666666666664,1.0,1.0,1.0,1.0,1.0,1.0,1.0,1.0,1.0,1.0,1.0,0.0,1.0,1.0,94.66666666666667,212.33333333333334,1.0,2.6666666666666665,1.0,1.0,1.0,122.33333333333333,1.0,54.666666666666664,2.6666666666666665,1.0,1.0,6.666666666666667,106.66666666666667,1.0,1.0,0.0,0.0,104.33333333333333,1.0,2.6666666666666665,1.0,36.66666666666667,1.0,1.0,94.33333333333333,1.0,1.0,2.6666666666666665,1.0,2.666666666666667,0.0,82.33333333333334,1.0,1.0,1.0,1.0,1.0,68.33333333333333,138.33333333333334,354.0,6.666666666666667,1.0,38.333333333333336,28.666666666666668,10.666666666666668,58.0,1.0,1.0,154.0,1.0,148.0,38.666666666666664,1.0,1.0,2.6666666666666665,36.666666666666664,8.666666666666666,1.0,1.0,1.0,222.33333333333334,12.666666666666668,1.0,382.3333333333333,166.33333333333334,564.0,1028.0,444.0,134.33333333333331,172.0,20.0,88.0,136.33333333333334,42.666666666666664,152.33333333333331,50.666666666666664,1.0,334.0,120.33333333333334,266.3333333333333,86.33333333333334,824.0,68.33333333333333,156.33333333333331,92.66666666666667,160.66666666666666,304.0,66.66666666666667,168.33333333333331,1.0,62.666666666666664,10.666666666666668,212.33333333333334,50.66666666666667,182.0,200.33333333333334,178.0,34.333333333333336,130.33333333333334,0.0,1.0,58.666666666666664,2.666666666666667,10.666666666666666,14.666666666666666,254.0,1.0,200.33333333333334,184.33333333333334,60.333333333333336,2.6666666666666665,60.333333333333336,234.33333333333334,350.0,8.666666666666666,276.0,310.6666666666667,570.0,1438.0,230.66666666666669,200.66666666666666,192.0,212.33333333333334,162.33333333333334,204.33333333333334,182.0,326.0,256.0,82.33333333333333,294.0,144.66666666666666,16.333333333333336,114.0,522.0,66.0,1.0,102.33333333333334,1.0,122.33333333333333,288.3333333333333,1.0,1.0,276.6666666666667,1.0,2.666666666666667,12.666666666666666,1.0,1.0,0.0,1.0,1.0,1.0,1.0,1.0,1.0,1.0,62.0,1.0,20.666666666666668,1.0,10.666666666666666,1.0,1.0,122.33333333333333,1.0,1.0,1.0,2.6666666666666665,70.66666666666667
06:00,,1.0,1.0,1.0,1.0,1.0,1.0,1.0,1.0,1.0,1.0,1.0,1.0,1.0,1.0,1.0,1.0,0.0,0.0,1.0,1.0,1.0,1.0,1.0,2.6666666666666665,1.0,1.0,1.0,1.0,1.0,1.0,1.0,1.0,1.0,1.0,1.0,1.0,1.0,1.0,1.0,1.0,1.0,1.0,1.0,1.0,1.0,1.0,0.0,1.0,2.6666666666666665,0.0,0.0,0.0,0.0,0.0,0.0,1.0,1.0,1.0,1.0,1.0,1.0,1.0,1.0,1.0,1.0,1.0,1.0,1.0,1.0,1.0,1.0,1.0,1.0,1.0,1.0,1.0,1.0,1.0,1.0,1.0,1.0,1.0,1.0,1.0,1.0,2.6666666666666665,1.0,144.66666666666666,1.0,1.0,1.0,0.0,1.0,1.0,16.666666666666668,68.0,1.0,1.0,1.0,34.66666666666667,1.0,1.0,1.0,2.666666666666667,1.0,72.33333333333333,1.0,6.666666666666667,1.0,1.0,1.0,0.0,0.0,104.33333333333333,1.0,1.0,1.0,10.666666666666668,1.0,1.0,120.66666666666666,1.0,1.0,1.0,1.0,18.666666666666668,0.0,1.0,76.66666666666667,1.0,1.0,20.666666666666668,1.0,2.6666666666666665,450.0,234.66666666666666,182.33333333333334,1.0,32.666666666666664,1.0,16.666666666666668,12.666666666666668,2.6666666666666665,1.0,56.0,1.0,1.0,1.0,1.0,1.0,1.0,4.666666666666667,1.0,1.0,1.0,8.333333333333334,1.0,230.66666666666666,1.0,8.666666666666666,100.66666666666667,298.0,2.6666666666666665,200.33333333333334,1.0,146.0,6.666666666666667,234.0,10.666666666666666,46.333333333333336,1.0,28.666666666666664,1.0,12.666666666666666,164.33333333333334,892.0,1290.0,1598.0,82.33333333333333,174.33333333333334,362.0,638.3333333333334,100.66666666666666,388.3333333333333,228.33333333333334,444.0,64.33333333333333,168.0,22.666666666666668,268.0,218.0,200.33333333333334,94.33333333333333,28.333333333333332,460.3333333333333,0.0,26.333333333333332,94.33333333333333,26.666666666666664,1.0,74.0,514.0,140.0,62.666666666666664,44.66666666666667,12.666666666666668,8.333333333333334,1.0,322.33333333333337,226.0,42.333333333333336,70.33333333333333,34.666666666666664,78.33333333333334,236.0,44.66666666666667,40.666666666666664,148.33333333333334,174.33333333333334,134.33333333333334,184.0,34.333333333333336,42.666666666666664,244.0,112.0,50.333333333333336,1.0,1.0,2.666666666666667,80.0,8.666666666666666,120.33333333333334,102.33333333333334,1.0,1.0,30.666666666666664,4.333333333333334,64.33333333333334,1.0,1.0,1.0,20.333333333333336,98.66666666666667,8.666666666666668,0.0,1.0,1.0,1.0,1.0,1.0,1.0,1.0,1.0,4.666666666666667,1.0,1.0,2.666666666666667,6.666666666666666,1.0,1.0,1.0,1.0,10.666666666666666,1.0,1.0
06:30,,62.66666666666667,2.666666666666667,1.0,1.0,1.0,1.0,1.0,1.0,1.0,1.0,1.0,1.0,1.0,1.0,1.0,1.0,0.0,0.0,2.6666666666666665,1.0,1.0,1.0,2.6666666666666665,1.0,1.0,1.0,1.0,1.0,1.0,1.0,1.0,1.0,1.0,1.0,1.0,1.0,1.0,1.0,1.0,1.0,1.0,1.0,1.0,1.0,1.0,1.0,0.0,1.0,1.0,0.0,0.0,0.0,0.0,0.0,0.0,1.0,1.0,1.0,1.0,1.0,1.0,1.0,1.0,1.0,1.0,1.0,1.0,1.0,1.0,1.0,1.0,1.0,1.0,1.0,1.0,1.0,1.0,30.666666666666668,1.0,14.666666666666666,1.0,1.0,1.0,1.0,1.0,1.0,1.0,1.0,2.666666666666667,80.33333333333333,1.0,0.0,1.0,2.666666666666667,70.66666666666666,174.33333333333334,1.0,1.0,0.0,1.0,1.0,1.0,1.0,206.66666666666669,1.0,1.0,1.0,2.666666666666667,26.666666666666668,1.0,1.0,0.0,0.0,10.666666666666666,1.0,1.0,1.0,16.666666666666668,1.0,1.0,20.666666666666668,1.0,1.0,1.0,2.6666666666666665,2.666666666666667,0.0,1.0,1.0,1.0,1.0,1.0,16.333333333333332,86.0,328.0,112.66666666666667,42.666666666666664,22.666666666666668,70.33333333333333,4.666666666666667,452.3333333333333,1.0,14.666666666666666,1.0,1.0,1.0,1.0,4.666666666666667,1.0,1.0,2.6666666666666665,4.666666666666667,1.0,14.666666666666668,1.0,128.33333333333334,1.0,1.0,48.333333333333336,1.0,28.666666666666664,24.666666666666668,38.0,2.6666666666666665,28.333333333333332,66.0,102.33333333333333,62.333333333333336,1.0,1.0,48.666666666666664,1.0,1.0,2.6666666666666665,90.66666666666667,72.33333333333333,1828.3333333333333,216.0,118.33333333333333,92.66666666666667,468.3333333333333,74.66666666666666,2.6666666666666665,20.666666666666668,52.666666666666664,150.66666666666669,18.666666666666668,94.66666666666667,10.666666666666666,26.666666666666668,94.33333333333333,42.333333333333336,184.33333333333334,1.0,96.33333333333334,0.0,2.666666666666667,40.333333333333336,118.33333333333334,124.33333333333333,28.333333333333332,4.666666666666667,1.0,72.66666666666667,1.0,68.66666666666667,6.666666666666667,20.333333333333332,66.66666666666666,1.0,6.666666666666667,58.666666666666664,334.3333333333333,1.0,1.0,252.33333333333334,196.33333333333334,260.3333333333333,70.66666666666667,126.33333333333334,66.0,12.333333333333334,1.0,150.0,344.0,264.3333333333333,154.66666666666666,2.6666666666666665,1.0,1.0,1.0,1.0,1.0,1.0,20.333333333333332,1.0,1.0,2.666666666666667,80.66666666666666,2.6666666666666665,1.0,1.0,1.0,1.0,0.0,1.0,1.0,1.0,1.0,1.0,1.0,1.0,80.33333333333334,1.0,2.666666666666667,2.666666666666667,2.6666666666666665,1.0,1.0,1.0,1.0,1.0,2.6666666666666665,1.0,1.0
07:00,,1.0,1.0,1.0,1.0,1.0,1.0,1.0,1.0,1.0,1.0,1.0,1.0,1.0,1.0,1.0,1.0,0.0,0.0,1.0,2.6666666666666665,1.0,1.0,1.0,1.0,1.0,1.0,1.0,1.0,1.0,1.0,1.0,1.0,1.0,1.0,1.0,1.0,1.0,1.0,1.0,1.0,1.0,1.0,1.0,1.0,1.0,1.0,0.0,1.0,1.0,0.0,0.0,0.0,0.0,0.0,0.0,1.0,1.0,1.0,1.0,1.0,1.0,1.0,1.0,2.666666666666667,1.0,1.0,1.0,1.0,1.0,1.0,1.0,124.66666666666667,1.0,1.0,1.0,1.0,1.0,1.0,1.0,1.0,1.0,1.0,1.0,1.0,1.0,1.0,1.0,1.0,1.0,48.66666666666667,1.0,0.0,2.666666666666667,1.0,38.333333333333336,126.0,1.0,1.0,0.0,1.0,1.0,1.0,1.0,1.0,1.0,1.0,1.0,1.0,1.0,1.0,1.0,0.0,0.0,1.0,1.0,1.0,1.0,1.0,1.0,1.0,62.66666666666667,1.0,1.0,1.0,1.0,1.0,0.0,48.333333333333336,1.0,1.0,1.0,1.0,1.0,1.0,254.33333333333334,16.666666666666668,4.666666666666667,64.33333333333333,1.0,50.333333333333336,134.33333333333334,1.0,12.666666666666666,34.333333333333336,1.0,2.666666666666667,16.666666666666668,1.0,1.0,1.0,90.66666666666667,1.0,62.666666666666664,1.0,10.666666666666666,18.666666666666668,1.0,1.0,2.666666666666667,1.0,2.666666666666667,80.66666666666667,2.6666666666666665,4.666666666666667,76.33333333333333,12.666666666666666,8.333333333333334,2.6666666666666665,4.666666666666667,1.0,1.0,1.0,1.0,52.66666666666667,1.0,1.0,122.33333333333334,70.66666666666666,1.0,1.0,1.0,82.33333333333334,1.0,1.0,10.666666666666666,1.0,30.666666666666664,112.33333333333333,52.666666666666664,4.666666666666667,20.666666666666668,402.6666666666667,474.0,572.0,158.33333333333334,0.0,260.6666666666667,114.0,14.666666666666666,54.333333333333336,208.33333333333331,70.66666666666667,4.666666666666667,1.0,48.33333333333333,108.66666666666667,1.0,1.0,2.666666666666667,2.6666666666666665,1.0,14.666666666666666,210.0,26.333333333333332,1.0,204.33333333333331,172.66666666666669,144.33333333333334,1.0,46.333333333333336,52.666666666666664,1.0,12.666666666666668,1.0,272.66666666666663,54.333333333333336,2.666666666666667,1.0,14.666666666666666,1.0,12.666666666666666,2.6666666666666665,2.6666666666666665,2.6666666666666665,1.0,1.0,1.0,1.0,1.0,1.0,1.0,38.66666666666667,1.0,1.0,0.0,1.0,1.0,1.0,1.0,1.0,1.0,1.0,2.6666666666666665,64.33333333333333,2.6666666666666665,1.0,2.6666666666666665,1.0,1.0,1.0,1.0,2.6666666666666665,24.666666666666668,2.6666666666666665,2.6666666666666665
07:30,,1.0,1.0,1.0,1.0,2.6666666666666665,2.6666666666666665,1.0,1.0,1.0,1.0,1.0,1.0,1.0,1.0,1.0,1.0,0.0,0.0,1.0,1.0,1.0,1.0,2.6666666666666665,1.0,1.0,1.0,1.0,1.0,1.0,1.0,1.0,1.0,2.6666666666666665,1.0,1.0,1.0,1.0,1.0,1.0,1.0,1.0,1.0,1.0,1.0,1.0,1.0,0.0,1.0,1.0,0.0,0.0,0.0,0.0,0.0,0.0,1.0,1.0,1.0,1.0,1.0,1.0,1.0,1.0,1.0,1.0,2.6666666666666665,1.0,0.6666666666666666,1.0,1.0,1.0,1.0,1.0,1.0,1.0,1.0,1.0,1.0,1.0,1.0,1.0,1.0,1.0,1.0,1.0,1.0,1.0,1.0,1.0,1.0,1.0,0.0,2.666666666666667,1.0,1.0,146.33333333333334,1.0,2.6666666666666665,0.0,1.0,1.0,1.0,1.0,1.0,2.666666666666667,2.6666666666666665,1.0,1.0,1.0,1.0,2.666666666666667,0.0,0.0,1.0,1.0,1.0,1.0,1.0,1.0,1.0,1.0,1.0,1.0,2.6666666666666665,1.0,82.33333333333333,0.0,34.66666666666667,1.0,1.0,1.0,1.0,6.666666666666666,1.0,106.66666666666667,18.666666666666664,2.6666666666666665,1.0,1.0,88.33333333333333,1.0,1.0,10.666666666666668,1.0,116.0,96.66666666666667,20.666666666666664,26.666666666666668,1.0,1.0,1.0,1.0,1.0,22.666666666666668,1.0,110.66666666666667,20.666666666666668,1.0,1.0,1.0,1.0,1.0,60.0,304.0,1.0,2.666666666666667,76.66666666666667,2.666666666666667,1.0,34.666666666666664,1.0,1.0,24.666666666666668,1.0,1.0,4.666666666666667,136.33333333333334,298.6666666666667,12.333333333333334,2.666666666666667,48.333333333333336,2.666666666666667,1.0,30.666666666666668,1.0,36.66666666666667,1.0,1.0,6.333333333333334,20.333333333333336,1.0,100.66666666666667,1.0,110.66666666666667,120.0,0.0,72.33333333333333,158.33333333333334,158.66666666666669,24.666666666666664,922.6666666666667,282.6666666666667,1.0,2.666666666666667,4.333333333333333,1.0,1.0,1.0,22.333333333333332,2.6666666666666665,1.0,36.666666666666664,186.33333333333334,1.0,18.666666666666664,1.0,34.33333333333333,296.3333333333333,426.0,1.0,56.666666666666664,14.666666666666666,1.0,140.33333333333334,108.33333333333334,1.0,90.66666666666667,1.0,144.33333333333334,216.33333333333334,52.66666666666667,6.666666666666667,1.0,126.66666666666667,2.6666666666666665,1.0,1.0,8.666666666666666,1.0,1.0,1.0,1.0,1.0,1.0,0.0,1.0,1.0,4.666666666666667,1.0,1.0,1.0,1.0,2.666666666666667,14.666666666666666,1.0,1.0,2.6666666666666665,1.0,1.0,1.0,10.0,1.0,1.0,1.0,1.0
08:00,,1.0,1.0,4.666666666666667,2.6666666666666665,1.0,1.0,2.666666666666667,2.6666666666666665,1.0,1.0,1.0,1.0,1.0,1.0,1.0,1.0,0.0,0.0,1.0,1.0,1.0,1.0,1.0,1.0,1.0,1.0,1.0,1.0,1.0,1.0,1.0,1.0,1.0,1.0,1.0,1.0,1.0,2.6666666666666665,1.0,1.0,1.0,1.0,1.0,1.0,1.0,1.0,0.0,1.0,1.0,0.0,0.0,0.0,0.0,0.0,0.0,1.0,1.0,1.0,1.0,1.0,1.0,1.0,1.0,1.0,1.0,1.0,1.0,1.0,1.0,1.0,1.0,1.0,1.0,1.0,1.0,1.0,1.0,1.0,1.0,1.0,1.0,8.666666666666666,1.0,1.0,112.66666666666667,1.0,1.0,1.0,1.0,1.0,1.0,0.0,1.0,1.0,88.66666666666666,1.0,1.0,1.0,0.0,1.0,1.0,1.0,1.0,1.0,1.0,1.0,1.0,1.0,1.0,1.0,1.0,0.0,0.0,1.0,1.0,1.0,1.0,1.0,1.0,1.0,1.0,1.0,1.0,1.0,1.0,1.0,0.0,1.0,1.0,1.0,1.0,1.0,1.0,14.333333333333334,80.0,4.666666666666667,114.66666666666666,1.0,106.33333333333334,1.0,2074.3333333333335,42.0,1.0,1.0,42.66666666666667,1.0,90.66666666666666,1.0,78.66666666666667,1.0,1.0,1.0,60.666666666666664,52.666666666666664,1.0,60.666666666666664,1.0,1.0,1.0,1.0,1.0,12.666666666666668,14.666666666666668,30.333333333333336,2.6666666666666665,2.666666666666667,1.0,6.333333333333334,16.333333333333336,1.0,1.0,1.0,1.0,1.0,8.666666666666668,202.33333333333334,182.33333333333334,104.33333333333334,106.66666666666667,1.0,102.66666666666667,1.0,1.0,1.0,52.666666666666664,22.666666666666668,1.0,1.0,16.666666666666668,44.66666666666667,1.0,184.33333333333334,1.0,8.333333333333334,3210.3333333333335,0.0,2608.3333333333335,106.33333333333333,42.333333333333336,4830.0,24.666666666666668,1.0,1.0,1.0,20.666666666666664,8.666666666666666,1.0,1.0,1.0,1.0,1.0,82.33333333333333,1.0,1.0,1.0,4.666666666666667,4.666666666666667,72.0,1.0,32.66666666666667,46.666666666666664,2.666666666666667,4.333333333333334,62.666666666666664,84.33333333333333,96.33333333333333,2.6666666666666665,2.6666666666666665,22.666666666666664,1.0,64.33333333333333,1.0,1.0,1.0,54.66666666666667,1.0,1.0,1.0,1.0,2.666666666666667,1.0,1.0,1.0,1.0,0.0,1.0,1.0,1.0,1.0,1.0,1.0,1.0,198.0,1.0,92.66666666666667,1.0,2.6666666666666665,6.333333333333333,2.6666666666666665,1.0,1.0,1.0,1.0,1.0,1.0
08:30,,2.6666666666666665,1.0,1.0,1.0,1.0,1.0,1.0,1.0,1.0,1.0,1.0,1.0,1.0,1.0,1.0,1.0,0.0,0.0,2.6666666666666665,2.6666666666666665,2.6666666666666665,1.0,1.0,1.0,1.0,1.0,1.0,1.0,1.0,1.0,1.0,1.0,1.0,1.0,1.0,1.0,1.0,1.0,1.0,1.0,1.0,1.0,1.0,1.0,1.0,1.0,0.0,1.0,1.0,0.0,0.0,0.0,0.0,0.0,0.0,1.0,1.0,1.0,1.0,1.0,1.0,1.0,2.6666666666666665,1.0,1.0,1.0,1.0,1.0,1.0,1.0,1.0,1.0,1.0,1.0,1.0,1.0,1.0,1.0,1.0,1.0,1.0,1.0,1.0,1.0,1.0,2.6666666666666665,1.0,1.0,2.6666666666666665,1.0,1.0,0.0,1.0,60.0,1.0,56.66666666666667,1.0,1.0,0.0,1.0,1.0,1.0,1.0,1.0,1.0,1.0,1.0,1.0,1.0,1.0,1.0,0.0,0.0,1.0,1.0,1.0,1.0,1.0,1.0,1.0,1.0,1.0,1.0,1.0,1.0,1.0,0.0,1.0,1.0,1.0,1.0,1.0,1.0,98.0,38.333333333333336,276.3333333333333,132.33333333333331,14.666666666666668,22.666666666666668,794.6666666666667,1.0,100.66666666666666,14.666666666666666,24.666666666666668,6.666666666666667,1.0,80.66666666666666,2.666666666666667,1.0,1.0,1.0,1.0,1.0,1.0,1.0,1.0,40.333333333333336,1.0,1.0,1.0,1.0,1.0,28.333333333333336,214.0,2.666666666666667,74.33333333333333,2.6666666666666665,2.6666666666666665,10.666666666666666,10.666666666666668,1.0,1.0,1.0,1.0,28.666666666666668,290.3333333333333,40.666666666666664,198.33333333333334,110.66666666666666,12.666666666666666,324.3333333333333,1.0,1.0,36.666666666666664,122.33333333333333,6.666666666666667,94.66666666666666,8.666666666666666,4574.0,62.333333333333336,48.666666666666664,406.0,4316.0,2.6666666666666665,1.0,0.0,44.66666666666667,112.66666666666667,6.666666666666667,4382.333333333333,2.6666666666666665,1.0,100.66666666666667,1.0,1.0,1.0,2.666666666666667,1.0,1710.6666666666667,1.0,2.6666666666666665,1.0,52.66666666666667,1.0,1.0,2.6666666666666665,1.0,48.666666666666664,232.0,60.666666666666664,52.666666666666664,2.666666666666667,1.0,38.0,4.666666666666667,68.33333333333333,2.6666666666666665,48.66666666666667,1.0,4028.333333333333,316.66666666666663,2.6666666666666665,1.0,1.0,1.0,2.6666666666666665,1.0,1.0,1.0,2.6666666666666665,2.666666666666667,1.0,2.6666666666666665,2.666666666666667,0.0,1.0,1.0,1.0,1.0,1.0,1.0,1.0,108.33333333333333,36.666666666666664,1.0,2.6666666666666665,1.0,1.0,1.0,1.0,10.333333333333334,1.0,1.0,1.0,1.0
09:00,,1.0,1.0,1.0,1.0,2.6666666666666665,2.6666666666666665,1.0,1.0,1.0,1.0,1.0,1.0,1.0,1.0,1.0,1.0,0.0,0.0,1.0,1.0,1.0,1.0,1.0,1.0,2.6666666666666665,1.0,1.0,1.0,1.0,1.0,1.0,1.0,1.0,1.0,1.0,1.0,1.0,1.0,1.0,1.0,1.0,1.0,1.0,1.0,1.0,1.0,0.0,1.0,0.0,0.0,0.0,0.0,0.0,0.0,0.0,1.0,1.0,1.0,1.0,1.0,1.0,1.0,1.0,2.6666666666666665,1.0,1.0,1.0,2.6666666666666665,1.0,1.0,1.0,1.0,1.0,1.0,1.0,1.0,1.0,1.0,1.0,1.0,1.0,1.0,1.0,1.0,1.0,1.0,1.0,1.0,1.0,1.0,1.0,0.0,1.0,1.0,1.0,96.66666666666666,1.0,1.0,0.0,1.0,1.0,1.0,1.0,1.0,1.0,1.0,1.0,1.0,1.0,1.0,1.0,0.0,0.0,1.0,1.0,1.0,1.0,1.0,1.0,1.0,1.0,1.0,1.0,1.0,1.0,1.0,0.0,1.0,1.0,1.0,1.0,1.0,54.66666666666667,1.0,112.33333333333333,120.33333333333334,1.0,26.666666666666668,24.666666666666668,72.66666666666667,1.0,24.0,1.0,1.0,10.666666666666666,16.666666666666668,1.0,1.0,1.0,1.0,1.0,32.66666666666667,1.0,1.0,1.0,2.6666666666666665,1.0,1.0,1.0,6.666666666666667,1.0,1.0,132.33333333333334,34.33333333333333,2.6666666666666665,24.0,52.666666666666664,54.666666666666664,1.0,1.0,1.0,1.0,1.0,1.0,1.0,212.0,1.0,50.66666666666667,2.6666666666666665,1.0,6.333333333333334,1.0,1.0,1.0,132.33333333333334,158.66666666666666,90.66666666666667,220.33333333333331,2440.3333333333335,226.33333333333331,64.33333333333334,66.66666666666667,4138.0,1.0,1.0,0.0,1890.6666666666667,182.33333333333334,1.0,48.333333333333336,56.666666666666664,190.33333333333331,5912.0,1816.6666666666667,2258.6666666666665,18.666666666666668,1.0,1.0,1.0,1.0,1.0,1.0,70.33333333333333,4.666666666666667,1.0,120.66666666666667,1.0,10.666666666666666,48.666666666666664,1.0,40.666666666666664,1.0,1.0,20.666666666666668,40.333333333333336,176.33333333333331,1.0,1.0,1.0,1046.6666666666667,1.0,1.0,1.0,1.0,1.0,1.0,1.0,1.0,4.666666666666667,1.0,1.0,1.0,1.0,1.0,0.0,1.0,1.0,12.666666666666666,4.666666666666667,1.0,1.0,1.0,30.666666666666664,2.6666666666666665,1.0,1.0,1.0,1.0,1.0,1.0,1.0,1.0,2.6666666666666665,1.0,1.0
09:30,,1.0,1.0,1.0,1.0,1.0,1.0,1.0,2.6666666666666665,1.0,1.0,1.0,1.0,1.0,1.0,1.0,1.0,0.0,0.0,1.0,1.0,1.0,1.0,1.0,1.0,1.0,1.0,1.0,1.0,1.0,1.0,1.0,1.0,2.666666666666667,1.0,2.6666666666666665,1.0,1.0,1.0,1.0,1.0,1.0,1.0,1.0,1.0,1.0,1.0,0.0,1.0,0.0,0.0,0.0,0.0,0.0,0.0,0.0,1.0,1.0,1.0,1.0,1.0,1.0,1.0,1.0,1.0,1.0,2.666666666666667,1.0,1.0,2.6666666666666665,1.0,1.0,1.0,1.0,1.0,1.0,1.0,1.0,1.0,1.0,1.0,28.666666666666668,1.0,1.0,2.6666666666666665,2.6666666666666665,1.0,1.0,1.0,1.0,2.6666666666666665,1.0,0.0,2.666666666666667,1.0,1.0,1.0,1.0,1.0,0.0,1.0,1.0,1.0,1.0,1.0,2.6666666666666665,1.0,1.0,1.0,1.0,1.0,1.0,0.0,0.0,1.0,1.0,1.0,1.0,1.0,1.0,1.0,2.6666666666666665,1.0,1.0,1.0,1.0,1.0,0.0,1.0,1.0,1.0,1.0,1.0,1.0,1.0,84.66666666666667,374.3333333333333,14.666666666666668,46.666666666666664,26.666666666666668,2.6666666666666665,2.666666666666667,46.0,1.0,1.0,1.0,1.0,1.0,36.666666666666664,1.0,1.0,1.0,1.0,1.0,1.0,24.666666666666668,6.666666666666666,176.33333333333334,1.0,1.0,1.0,1.0,1.0,2.6666666666666665,178.0,2.6666666666666665,6.333333333333334,4.333333333333333,4.333333333333333,56.666666666666664,1.0,1.0,8.666666666666666,1.0,1.0,1.0,432.0,274.3333333333333,1.0,1.0,1.0,1.0,1.0,1.0,12.666666666666666,828.0,1.0,1.0,166.66666666666669,30.666666666666668,90.66666666666667,18.333333333333332,14.333333333333334,1.0,4484.0,1.0,0.0,262.3333333333333,74.66666666666667,1.0,1.0,2528.6666666666665,402.3333333333333,1.0,6022.0,1.0,130.33333333333334,2328.3333333333335,1.0,1.0,1.0,1.0,1.0,72.66666666666667,1.0,1.0,78.66666666666667,1.0,10.666666666666668,5550.0,6.666666666666666,1.0,2.6666666666666665,46.66666666666667,2.666666666666667,206.0,64.66666666666667,1.0,1.0,1.0,1.0,2.6666666666666665,28.666666666666664,1.0,2.6666666666666665,1.0,1.0,1.0,2.666666666666667,2.666666666666667,1.0,1.0,1.0,1.0,1.0,0.0,1.0,1.0,1.0,1.0,1.0,1.0,1.0,1.0,1.0,1.0,1.0,62.666666666666664,1.0,1.0,1.0,1.0,1.0,1.0,1.0,1.0
10:00,,34.666666666666664,1.0,1.0,2.6666666666666665,1.0,1.0,1.0,1.0,1.0,1.0,1.0,1.0,1.0,1.0,1.0,1.0,0.0,0.0,1.0,1.0,1.0,1.0,1.0,1.0,1.0,1.0,1.0,1.0,1.0,1.0,1.0,1.0,1.0,1.0,1.0,1.0,1.0,1.0,1.0,1.0,1.0,1.0,1.0,1.0,1.0,1.0,0.0,1.0,0.0,0.0,0.0,0.0,0.0,0.0,0.0,1.0,1.0,1.0,1.0,1.0,1.0,1.0,1.0,1.0,1.0,1.0,1.0,1.0,1.0,1.0,1.0,1.0,1.0,1.0,1.0,1.0,1.0,1.0,1.0,1.0,2.6666666666666665,1.0,1.0,1.0,1.0,1.0,1.0,1.0,1.0,2.666666666666667,1.0,0.0,1.0,1.0,1.0,1.0,1.0,1.0,0.0,1.0,1.0,1.0,1.0,1.0,1.0,1.0,1.0,1.0,1.0,1.0,1.0,0.0,0.0,1.0,1.0,1.0,1.0,1.0,1.0,1.0,1.0,1.0,1.0,1.0,1.0,2.6666666666666665,0.0,1.0,1.0,1.0,1.0,1.0,1.0,8.666666666666668,38.333333333333336,30.333333333333332,50.333333333333336,1.0,110.33333333333333,62.33333333333333,1.0,62.0,1.0,1.0,22.333333333333332,1.0,2.666666666666667,1.0,1.0,1.0,1.0,1.0,1.0,1.0,1.0,1.0,344.3333333333333,1.0,2.6666666666666665,1.0,2.6666666666666665,20.666666666666668,4.666666666666667,2.6666666666666665,1.0,46.333333333333336,2.6666666666666665,4.333333333333333,96.66666666666667,1.0,2.6666666666666665,1.0,1.0,1.0,1.0,2.6666666666666665,68.33333333333333,1.0,1.0,1.0,52.666666666666664,1.0,1.0,68.66666666666667,54.33333333333333,110.33333333333333,36.666666666666664,1.0,12.666666666666666,154.33333333333334,8.666666666666668,416.3333333333333,68.33333333333333,112.33333333333333,2554.3333333333335,0.0,134.33333333333334,62.66666666666667,8.666666666666666,10.666666666666666,1462.6666666666667,1.0,58.666666666666664,550.6666666666666,1.0,50.333333333333336,2.6666666666666665,1.0,116.33333333333333,38.666666666666664,1.0,1.0,2.6666666666666665,1.0,2.6666666666666665,1.0,96.33333333333333,82.66666666666667,6824.0,34.66666666666667,52.666666666666664,2.6666666666666665,2.666666666666667,1.0,78.66666666666666,10.666666666666668,2.6666666666666665,2.6666666666666665,1.0,2.6666666666666665,1.0,2.6666666666666665,1.0,8.333333333333332,12.666666666666668,2.666666666666667,1.0,2.6666666666666665,1.0,1.0,1.0,1.0,4.666666666666667,1.0,0.0,1.0,1.0,1.0,1.0,1.0,1.0,1.0,1.0,6.666666666666667,1.0,1.0,4.666666666666667,1.0,1.0,1.0,1.0,1.0,1.0,1.0,1.0
10:30,,1.0,1.0,1.0,1.0,1.0,1.0,1.0,1.0,1.0,1.0,1.0,1.0,1.0,1.0,1.0,0.0,0.0,0.0,2.6666666666666665,1.0,2.666666666666667,1.0,1.0,1.0,1.0,1.0,1.0,1.0,1.0,1.0,1.0,1.0,1.0,1.0,1.0,2.6666666666666665,1.0,1.0,1.0,1.0,1.0,1.0,1.0,1.0,1.0,1.0,0.0,1.0,0.0,0.0,0.0,0.0,0.0,0.0,0.0,1.0,1.0,1.0,1.0,1.0,1.0,1.0,2.6666666666666665,1.0,1.0,1.0,1.0,1.0,1.0,1.0,1.0,1.0,1.0,1.0,1.0,1.0,0.0,1.0,1.0,1.0,1.0,1.0,1.0,1.0,1.0,2.6666666666666665,1.0,1.0,2.6666666666666665,1.0,1.0,0.0,1.0,2.6666666666666665,2.6666666666666665,1.0,1.0,1.0,0.0,1.0,1.0,1.0,1.0,1.0,1.0,1.0,1.0,1.0,1.0,1.0,0.0,0.0,0.0,1.0,1.0,1.0,1.0,1.0,1.0,1.0,1.0,1.0,1.0,1.0,1.0,2.6666666666666665,0.0,1.0,1.0,1.0,1.0,1.0,52.333333333333336,16.666666666666668,50.33333333333333,26.666666666666668,44.666666666666664,1.0,42.666666666666664,1.0,4.666666666666667,10.666666666666666,40.666666666666664,32.666666666666664,34.666666666666664,1.0,1.0,8.666666666666668,1.0,1.0,6.666666666666667,1.0,1.0,1.0,1.0,1.0,48.666666666666664,1.0,1.0,1.0,2.666666666666667,1.0,86.0,78.33333333333333,1.0,44.333333333333336,40.333333333333336,1.0,1.0,1.0,1.0,1.0,1.0,1.0,10.666666666666668,48.66666666666667,1.0,1.0,1.0,1.0,166.66666666666666,1.0,1.0,1.0,1.0,1978.6666666666667,104.66666666666667,2.666666666666667,1.0,1.0,98.33333333333333,30.333333333333332,226.66666666666666,62.333333333333336,264.3333333333333,0.0,122.66666666666666,68.33333333333333,1.0,1.0,1.0,144.66666666666666,340.6666666666667,202.66666666666666,1.0,2.666666666666667,1.0,74.66666666666667,1.0,1.0,14.666666666666666,1.0,1.0,1.0,1.0,18.666666666666664,1.0,1.0,3356.3333333333335,2.6666666666666665,1.0,2.6666666666666665,1.0,1.0,384.33333333333337,1.0,2.666666666666667,2.666666666666667,1.0,2.6666666666666665,1.0,1.0,1.0,1.0,18.666666666666668,1.0,1.0,1.0,1.0,1.0,1.0,1.0,2.6666666666666665,0.3333333333333333,0.0,1.0,1.0,1.0,1.0,1.0,1.0,1.0,16.666666666666668,28.333333333333332,6.666666666666666,1.0,1.0,1.0,1.0,1.0,1.0,2.6666666666666665,1.0,1.0,1.0
11:00,,1.0,1.0,1.0,1.0,2.6666666666666665,2.666666666666667,1.0,1.0,1.0,1.0,1.0,1.0,1.0,1.0,1.0,0.0,0.0,0.0,1.0,1.0,1.0,1.0,2.6666666666666665,1.0,1.0,1.0,1.0,1.0,1.0,1.0,1.0,1.0,1.0,1.0,1.0,1.0,1.0,1.0,1.0,1.0,1.0,1.0,1.0,1.0,1.0,1.0,0.0,1.0,0.0,0.0,0.0,0.0,0.0,0.0,0.0,1.0,1.0,1.0,1.0,1.0,1.0,1.0,1.0,2.6666666666666665,1.0,1.0,1.0,1.0,1.0,1.0,1.0,1.0,1.0,1.0,1.0,1.0,0.0,1.0,1.0,1.0,1.0,1.0,1.0,1.0,4.666666666666667,1.0,1.0,1.0,1.0,1.0,1.0,0.0,1.0,1.0,1.0,2.6666666666666665,1.0,1.0,0.0,1.0,2.666666666666667,1.0,1.0,1.0,1.0,1.0,1.0,1.0,1.0,1.0,0.0,0.0,0.0,1.0,1.0,1.0,1.0,1.0,1.0,1.0,1.0,1.0,1.0,1.0,1.0,1.0,0.0,1.0,1.0,1.0,1.0,1.0,58.66666666666667,1.0,1.0,50.666666666666664,2.666666666666667,1.0,1.0,36.333333333333336,4.666666666666667,1.0,1.0,24.666666666666668,1.0,1.0,1.0,1.0,1.0,1.0,1.0,1.0,1.0,1.0,1.0,1.0,30.666666666666668,1.0,1.0,1.0,26.666666666666664,2.6666666666666665,56.666666666666664,222.0,1.0,6.0,46.666666666666664,1.0,12.666666666666668,1.0,1.0,1.0,1.0,1.0,1.0,1.0,46.66666666666667,16.666666666666668,1.0,1.0,1.0,1.0,1.0,1.0,1.0,88.66666666666667,1.0,1.0,2.6666666666666665,1.0,44.66666666666667,1.0,72.33333333333333,1.0,1.0,0.0,104.66666666666667,1.0,118.66666666666667,1.0,1.0,1.0,1.0,1.0,1.0,1.0,1.0,1.0,2.666666666666667,1.0,1.0,1.0,2.666666666666667,1.0,1.0,1.0,106.33333333333333,1.0,1.0,1.0,1.0,1.0,1.0,2.666666666666667,36.33333333333333,2.6666666666666665,2.6666666666666665,12.666666666666668,1.0,28.666666666666664,1.0,1.0,1.0,1.0,2.6666666666666665,1.0,1.0,1.0,1.0,1.0,1.0,1.0,1.0,0.0,0.0,1.0,1.0,1.0,1.0,1.0,1.0,1.0,1.0,2.6666666666666665,1.0,2.666666666666667,1.0,1.0,1.0,1.0,1.0,1.0,1.0,4.333333333333333,1.0
11:30,,44.66666666666667,1.0,1.0,1.0,1.0,1.0,1.0,1.0,1.0,1.0,1.0,1.0,1.0,1.0,1.0,0.0,0.0,0.0,1.0,1.0,1.0,1.0,1.0,2.666666666666667,1.0,1.0,1.0,1.0,1.0,1.0,1.0,1.0,1.0,1.0,1.0,1.0,1.0,1.0,1.0,1.0,1.0,1.0,1.0,1.0,1.0,1.0,0.0,1.0,0.0,0.0,0.0,0.0,0.0,0.0,0.0,1.0,2.6666666666666665,1.0,1.0,1.0,1.0,1.0,1.0,1.0,2.6666666666666665,1.0,1.0,1.0,1.0,1.0,1.0,1.0,1.0,1.0,1.0,1.0,0.0,1.0,1.0,1.0,1.0,1.0,1.0,1.0,1.0,1.0,2.6666666666666665,1.0,1.0,1.0,1.0,0.0,1.0,1.0,1.0,1.0,1.0,1.0,0.0,1.0,1.0,1.0,1.0,1.0,1.0,1.0,1.0,1.0,1.0,1.0,0.0,0.0,0.0,1.0,1.0,1.0,1.0,1.0,1.0,1.0,1.0,1.0,1.0,1.0,1.0,1.0,0.0,1.0,1.0,1.0,1.0,1.0,1.0,14.333333333333334,308.3333333333333,608.3333333333334,70.66666666666666,64.66666666666667,1.0,76.33333333333333,156.33333333333334,64.66666666666667,1.0,36.66666666666667,4.666666666666667,1.0,1.0,2.6666666666666665,1.0,1.0,1.0,46.66666666666667,1.0,1.0,1.0,80.66666666666666,1.0,1.0,2.6666666666666665,1.0,1.0,1.0,2.6666666666666665,16.333333333333332,1.0,2.6666666666666665,1.0,10.666666666666666,1.0,1.0,1.0,1.0,1.0,1.0,1.0,1.0,1.0,2.6666666666666665,2.666666666666667,1.0,1.0,1.0,1.0,1.0,1.0,1.0,1.0,2.6666666666666665,1.0,1.0,1.0,2.6666666666666665,1.0,1.0,36.66666666666667,0.0,1.0,1.0,2.666666666666667,106.66666666666666,1.0,1.0,1.0,1.0,1.0,1.0,1.0,1.0,1.0,1.0,1.0,1.0,1.0,1.0,1.0,1.0,1.0,4.666666666666667,1.0,1.0,1.0,1.0,1.0,6.666666666666667,144.33333333333334,40.333333333333336,2.6666666666666665,1.0,1.0,1.0,2.666666666666667,1.0,2.666666666666667,1.0,1.0,1.0,1.0,16.666666666666668,1.0,1.0,1.0,1.0,2.6666666666666665,0.0,0.0,1.0,1.0,1.0,1.0,1.0,1.0,1.0,22.333333333333332,2.6666666666666665,1.0,1.0,1.0,1.0,1.0,1.0,8.333333333333334,1.0,1.0,1.0,1.0
12:00,,1.0,1.0,1.0,2.6666666666666665,1.0,1.0,2.6666666666666665,0.6666666666666666,1.0,1.0,2.6666666666666665,1.0,1.0,1.0,1.0,0.0,0.0,0.0,1.0,1.0,1.0,2.666666666666667,1.0,1.0,1.0,1.0,1.0,1.0,1.0,1.0,1.0,1.0,1.0,1.0,1.0,2.6666666666666665,1.0,1.0,1.0,1.0,1.0,1.0,1.0,1.0,1.0,1.0,0.0,1.0,0.0,0.0,0.0,0.0,0.0,0.0,0.0,1.0,1.0,1.0,1.0,1.0,1.0,1.0,1.0,1.0,1.0,1.0,1.0,1.0,1.0,1.0,1.0,1.0,1.0,1.0,1.0,1.0,0.0,1.0,1.0,1.0,1.0,1.0,1.0,1.0,1.0,1.0,1.0,1.0,1.0,1.0,0.0,0.0,1.0,6.666666666666667,1.0,1.0,1.0,1.0,0.0,1.0,1.0,1.0,1.0,1.0,1.0,1.0,1.0,1.0,1.0,1.0,0.0,0.0,0.0,1.0,1.0,1.0,1.0,1.0,1.0,1.0,1.0,1.0,1.0,1.0,1.0,1.0,0.0,1.0,1.0,1.0,1.0,1.0,1.0,1.0,1.0,1.0,1.0,4.666666666666667,1.0,1.0,1.0,1.0,1.0,1.0,1.0,1.0,1.0,1.0,2.666666666666667,1.0,1.0,1.0,1.0,1.0,1.0,1.0,2.6666666666666665,1.0,1.0,1.0,1.0,1.0,2.666666666666667,8.333333333333332,4.333333333333333,1.0,2.666666666666667,2.6666666666666665,1.0,1.0,1.0,1.0,1.0,1.0,1.0,2.6666666666666665,1.0,4.333333333333333,2.666666666666667,1.0,1.0,1.0,1.0,1.0,1.0,1.0,1.0,1.0,1.0,1.0,2.6666666666666665,1.0,1.0,1.0,1.0,0.0,1.0,1.0,1.0,1.0,1.0,1.0,1.0,1.0,1.0,1.0,1.0,1.0,1.0,1.0,1.0,1.0,2.6666666666666665,1.0,1.0,1.0,1.0,114.66666666666666,1.0,1.0,1.0,2.6666666666666665,2.666666666666667,78.33333333333333,60.666666666666664,1.0,1.0,6.666666666666667,2.666666666666667,2.6666666666666665,1.0,1.0,1.0,1.0,1.0,1.0,1.0,1.0,1.0,1.0,1.0,1.0,1.0,0.0,0.0,1.0,1.0,1.0,1.0,1.0,1.0,1.0,10.666666666666666,2.666666666666667,1.0,1.0,1.0,1.0,1.0,8.666666666666666,1.0,1.0,1.0,1.0,0.3333333333333333
12:30,,1.0,1.0,1.0,1.0,1.0,1.0,1.0,0.0,1.0,1.0,1.0,1.0,1.0,1.0,1.0,0.0,0.0,0.0,1.0,2.666666666666667,2.6666666666666665,1.0,1.0,1.0,1.0,1.0,1.0,1.0,1.0,1.0,1.0,1.0,1.0,1.0,1.0,1.0,1.0,1.0,1.0,1.0,1.0,1.0,1.0,1.0,1.0,1.0,0.0,1.0,0.0,0.0,0.0,0.0,0.0,0.0,0.0,1.0,1.0,1.0,1.0,1.0,1.0,1.0,1.0,1.0,1.0,1.0,1.0,1.0,1.0,1.0,1.0,1.0,1.0,1.0,1.0,1.0,0.0,1.0,1.0,1.0,1.0,1.0,1.0,1.0,2.6666666666666665,2.666666666666667,1.0,1.0,1.0,1.0,0.0,0.0,2.6666666666666665,1.0,1.0,1.0,2.6666666666666665,2.6666666666666665,0.0,1.0,1.0,1.0,1.0,2.6666666666666665,1.0,1.0,1.0,1.0,1.0,1.0,0.0,0.0,0.0,1.0,1.0,1.0,1.0,1.0,1.0,1.0,1.0,1.0,1.0,1.0,1.0,0.0,0.0,1.0,1.0,1.0,2.666666666666667,1.0,1.0,1.0,1.0,1.0,1.0,6.666666666666667,1.0,10.333333333333334,1.0,1.0,1.0,1.0,1.0,1.0,1.0,1.0,1.0,1.0,1.0,1.0,1.0,1.0,1.0,1.0,4.666666666666667,1.0,1.0,1.0,1.0,1.0,1.0,4.333333333333333,4.666666666666667,2.6666666666666665,2.666666666666667,2.6666666666666665,1.0,1.0,1.0,1.0,1.0,1.0,1.0,1.0,1.0,1.0,1.0,2.666666666666667,1.0,1.0,1.0,1.0,1.0,1.0,1.0,2.6666666666666665,1.0,1.0,1.0,1.0,1.0,2.666666666666667,1.0,0.0,1.0,1.0,1.0,1.0,1.0,1.0,1.0,1.0,1.0,1.0,1.0,1.0,1.0,1.0,2.666666666666667,1.0,1.0,1.0,1.0,1.0,1.0,1.0,1.0,1.0,1.0,1.0,1.0,1.0,1.0,1.0,1.0,1.0,1.0,1.0,1.0,72.33333333333333,1.0,262.66666666666663,2.6666666666666665,1.0,1.0,1.0,1.0,1.0,1.0,1.0,1.0,0.0,0.0,1.0,1.0,1.0,1.0,1.0,1.0,1.0,28.333333333333332,1.0,6.666666666666667,2.666666666666667,1.0,1.0,32.666666666666664,1.0,1.0,2.6666666666666665,1.0,1.0,
13:00,,2.6666666666666665,1.0,1.0,1.0,2.666666666666667,2.666666666666667,1.0,0.0,1.0,1.0,1.0,1.0,1.0,1.0,1.0,0.0,0.0,0.0,1.0,1.0,1.0,1.0,2.666666666666667,1.0,1.0,1.0,1.0,1.0,1.0,1.0,1.0,1.0,1.0,1.0,1.0,1.0,1.0,1.0,1.0,1.0,1.0,1.0,1.0,1.0,1.0,1.0,0.0,1.0,0.0,0.0,0.0,0.0,0.0,0.0,0.0,1.0,1.0,1.0,1.0,1.0,1.0,1.0,1.0,1.0,1.0,1.0,1.0,1.0,2.6666666666666665,1.0,1.0,1.0,1.0,1.0,1.0,1.0,0.0,1.0,1.0,1.0,1.0,1.0,1.0,1.0,1.0,1.0,1.0,1.0,1.0,1.0,0.0,0.0,6.666666666666667,1.0,1.0,2.666666666666667,1.0,1.0,0.0,1.0,2.6666666666666665,1.0,1.0,1.0,1.0,1.0,1.0,1.0,1.0,1.0,0.0,0.0,0.0,1.0,1.0,1.0,1.0,1.0,1.0,1.0,2.666666666666667,1.0,1.0,1.0,1.0,0.0,0.0,1.0,1.0,1.0,1.0,2.6666666666666665,1.0,1.0,4.666666666666667,1.0,2.6666666666666665,4.333333333333333,1.0,2.666666666666667,1.0,1.0,1.0,1.0,1.0,1.0,1.0,1.0,1.0,1.0,1.0,1.0,1.0,1.0,1.0,2.6666666666666665,1.0,1.0,2.6666666666666665,2.6666666666666665,1.0,2.6666666666666665,4.333333333333333,4.666666666666667,2.6666666666666665,2.6666666666666665,2.666666666666667,1.0,1.0,1.0,1.0,1.0,1.0,1.0,1.0,1.0,1.0,1.0,1.0,1.0,1.0,2.6666666666666665,1.0,1.0,1.0,1.0,1.0,1.0,1.0,1.0,1.0,2.6666666666666665,1.0,1.0,1.0,0.0,1.0,1.0,2.666666666666667,1.0,1.0,2.6666666666666665,1.0,1.0,1.0,1.0,1.0,1.0,1.0,2.6666666666666665,1.0,1.0,1.0,1.0,2.6666666666666665,1.0,1.0,1.0,1.0,1.0,1.0,1.0,1.0,2.666666666666667,1.0,1.0,1.0,1.0,1.0,1.0,1.0,1.0,2.6666666666666665,1.0,1.0,1.0,1.0,1.0,1.0,1.0,1.0,1.0,1.0,0.0,0.0,1.0,1.0,1.0,1.0,1.0,1.0,1.0,1.0,1.0,1.0,1.0,2.666666666666667,1.0,2.666666666666667,1.0,1.0,1.0,1.0,2.6666666666666665,
13:30,,1.0,1.0,1.0,2.6666666666666665,1.0,1.0,2.6666666666666665,0.0,1.0,1.0,1.0,1.0,1.0,1.0,1.0,0.0,0.0,0.0,1.0,1.0,1.0,2.6666666666666665,1.0,1.0,1.0,1.0,1.0,1.0,1.0,1.0,1.0,1.0,1.0,1.0,1.0,1.0,1.0,1.0,1.0,1.0,1.0,1.0,1.0,1.0,1.0,1.0,0.0,1.0,0.0,0.0,0.0,0.0,0.0,0.0,0.0,1.0,1.0,1.0,1.0,1.0,1.0,1.0,1.0,1.0,1.0,1.0,1.0,1.0,8.666666666666666,1.0,1.0,1.0,1.0,1.0,1.0,1.0,0.0,1.0,1.0,1.0,1.0,1.0,1.0,2.666666666666667,1.0,1.0,1.0,1.0,4.666666666666667,2.666666666666667,0.0,0.0,1.0,1.0,1.0,8.666666666666666,1.0,1.0,0.0,1.0,1.0,1.0,1.0,1.0,2.6666666666666665,1.0,1.0,1.0,1.0,1.0,0.0,0.0,0.0,1.0,1.0,1.0,1.0,1.0,1.0,1.0,1.0,1.0,1.0,1.0,1.0,0.0,0.0,1.0,1.0,1.0,1.0,2.666666666666667,1.0,1.0,1.0,1.0,2.6666666666666665,1.0,1.0,6.333333333333334,1.0,1.0,1.0,1.0,1.0,1.0,1.0,1.0,1.0,1.0,1.0,1.0,2.6666666666666665,1.0,1.0,1.0,1.0,1.0,1.0,1.0,1.0,16.666666666666668,1.0,2.6666666666666665,2.666666666666667,1.0,2.6666666666666665,1.0,1.0,1.0,1.0,1.0,1.0,1.0,1.0,2.666666666666667,2.666666666666667,1.0,2.6666666666666665,1.0,2.6666666666666665,1.0,1.0,1.0,1.0,1.0,1.0,1.0,1.0,2.666666666666667,1.0,1.0,1.0,1.0,0.0,0.0,1.0,1.0,1.0,1.0,1.0,2.6666666666666665,1.0,1.0,1.0,4.666666666666667,1.0,4.666666666666667,1.0,1.0,1.0,1.0,1.0,1.0,1.0,1.0,1.0,1.0,1.0,1.0,1.0,1.0,1.0,1.0,2.6666666666666665,1.0,2.6666666666666665,6.333333333333334,1.0,1.0,2.6666666666666665,1.0,1.0,1.0,1.0,0.3333333333333333,1.0,1.0,1.0,1.0,1.0,1.0,1.0,0.0,0.0,1.0,1.0,1.0,1.0,1.0,1.0,1.0,1.0,1.0,1.0,1.0,1.0,2.6666666666666665,1.0,1.0,1.0,1.0,1.0,1.0,
14:00,,1.0,1.0,1.0,1.0,1.0,1.0,1.0,0.0,1.0,1.0,1.0,1.0,1.0,1.0,1.0,0.0,0.0,0.0,1.0,1.0,1.0,1.0,1.0,1.0,1.0,1.0,2.666666666666667,1.0,1.0,1.0,1.0,1.0,1.0,1.0,1.0,1.0,1.0,1.0,1.0,1.0,1.0,1.0,1.0,1.0,1.0,1.0,0.0,1.0,0.0,0.0,0.0,0.0,0.0,0.0,0.0,1.0,1.0,1.0,1.0,1.0,1.0,1.0,1.0,1.0,6.666666666666667,1.0,2.6666666666666665,1.0,2.666666666666667,1.0,1.0,1.0,1.0,1.0,1.0,1.0,0.0,1.0,1.0,1.0,1.0,4.666666666666667,1.0,1.0,6.666666666666667,1.0,4.666666666666667,2.6666666666666665,1.0,1.0,0.0,0.0,2.6666666666666665,1.0,2.666666666666667,1.0,1.0,1.0,0.0,2.6666666666666665,2.6666666666666665,2.666666666666667,1.0,2.6666666666666665,1.0,2.666666666666667,1.0,1.0,1.0,1.0,0.0,0.0,0.0,1.0,1.0,1.0,1.0,1.0,1.0,1.0,1.0,1.0,1.0,1.0,1.0,0.0,0.0,1.0,1.0,1.0,1.0,1.0,1.0,1.0,2.666666666666667,4.666666666666667,1.0,1.0,2.6666666666666665,1.0,1.0,1.0,1.0,1.0,1.0,1.0,1.0,1.0,1.0,1.0,2.666666666666667,1.0,1.0,1.0,0.3333333333333333,1.0,1.0,1.0,2.6666666666666665,1.0,1.0,1.0,1.0,1.0,2.6666666666666665,1.0,4.666666666666667,1.0,1.0,1.0,1.0,1.0,1.0,1.0,1.0,1.0,1.0,2.6666666666666665,2.6666666666666665,1.0,1.0,1.0,1.0,1.0,1.0,1.0,1.0,2.6666666666666665,1.0,1.0,2.6666666666666665,1.0,1.0,2.666666666666667,0.0,0.0,1.0,1.0,1.0,1.0,1.0,2.6666666666666665,1.0,1.0,1.0,1.0,1.0,1.0,1.0,1.0,1.0,2.6666666666666665,1.0,1.0,1.0,1.0,1.0,2.6666666666666665,1.0,1.0,1.0,2.6666666666666665,2.666666666666667,1.0,1.0,1.0,1.0,2.6666666666666665,2.666666666666667,2.6666666666666665,1.0,1.0,1.0,1.0,1.0,0.0,1.0,1.0,1.0,1.0,1.0,2.666666666666667,1.0,0.0,0.0,1.0,1.0,1.0,1.0,1.0,1.0,1.0,1.0,1.0,1.0,1.0,1.0,1.0,1.0,2.6666666666666665,1.0,1.0,1.0,1.0,
14:30,,1.0,1.0,1.0,1.0,1.0,2.666666666666667,1.0,0.0,1.0,1.0,1.0,1.0,1.0,1.0,1.0,0.0,0.0,0.0,2.666666666666667,2.666666666666667,1.0,1.0,1.0,1.0,1.0,1.0,1.0,1.0,2.666666666666667,1.0,1.0,1.0,1.0,1.0,1.0,1.0,1.0,1.0,1.0,1.0,1.0,1.0,1.0,1.0,1.0,1.0,0.0,1.0,0.0,0.0,0.0,0.0,0.0,0.0,0.0,1.0,1.0,1.0,1.0,1.0,1.0,1.0,1.0,1.0,1.0,1.0,1.0,2.666666666666667,1.0,1.0,1.0,1.0,1.0,1.0,1.0,2.6666666666666665,0.0,1.0,1.0,1.0,1.0,1.0,1.0,1.0,2.6666666666666665,1.0,1.0,2.6666666666666665,1.0,1.0,0.0,0.0,1.0,2.6666666666666665,1.0,4.333333333333334,1.0,2.666666666666667,0.0,1.0,4.666666666666667,1.0,1.0,1.0,1.0,1.0,1.0,1.0,1.0,1.0,0.0,0.0,0.0,1.0,1.0,1.0,1.0,1.0,1.0,1.0,1.0,1.0,1.0,1.0,1.0,0.0,0.0,1.0,1.0,4.666666666666667,1.0,1.0,1.0,2.6666666666666665,10.666666666666666,1.0,1.0,1.0,1.0,2.6666666666666665,1.0,2.6666666666666665,1.0,1.0,1.0,1.0,1.0,1.0,1.0,1.0,1.0,1.0,1.0,1.0,0.0,1.0,1.0,1.0,1.0,1.0,1.0,1.0,2.3333333333333335,4.333333333333333,2.6666666666666665,2.6666666666666665,1.0,1.0,1.0,1.0,1.0,1.0,1.0,1.0,1.0,1.0,1.0,1.0,1.0,1.0,1.0,2.6666666666666665,1.0,1.0,1.0,1.0,1.0,1.0,1.0,2.6666666666666665,1.0,1.0,1.0,1.0,0.0,0.0,1.0,1.0,1.0,1.0,1.0,1.0,1.0,1.0,1.0,1.0,1.0,1.0,1.0,1.0,1.0,1.0,1.0,1.0,1.0,1.0,1.0,1.0,1.0,1.0,1.0,1.0,1.0,1.0,1.0,1.0,1.0,1.0,1.0,1.0,4.666666666666667,1.0,1.0,1.0,4.666666666666667,0.0,1.0,1.0,4.666666666666667,1.0,1.0,1.0,1.0,0.0,0.0,1.0,1.0,1.0,1.0,1.0,1.0,1.0,1.0,2.666666666666667,2.6666666666666665,1.0,1.0,1.0,1.0,1.0,1.0,1.0,2.6666666666666665,1.0,
15:00,,1.0,1.0,1.0,1.0,2.666666666666667,1.0,1.0,0.0,1.0,1.0,1.0,1.0,2.6666666666666665,1.0,1.0,0.0,0.0,0.0,1.0,1.0,1.0,2.6666666666666665,2.666666666666667,2.6666666666666665,1.0,1.0,1.0,2.6666666666666665,1.0,1.0,1.0,1.0,4.333333333333334,1.0,1.0,1.0,1.0,1.0,1.0,1.0,1.0,1.0,1.0,1.0,1.0,1.0,0.0,1.0,0.0,0.0,0.0,0.0,0.0,0.0,0.0,1.0,1.0,1.0,1.0,2.666666666666667,1.0,1.0,1.0,2.666666666666667,1.0,1.0,1.0,1.0,1.0,1.0,1.0,1.0,1.0,1.0,1.0,1.0,0.0,1.0,1.0,1.0,1.0,2.666666666666667,1.0,1.0,1.0,1.0,2.6666666666666665,1.0,1.0,1.0,0.0,0.0,8.666666666666668,8.666666666666668,1.0,1.0,1.0,2.666666666666667,0.0,1.0,1.0,1.0,1.0,2.6666666666666665,1.0,1.0,1.0,1.0,1.0,1.0,0.0,0.0,0.0,1.0,1.0,1.0,1.0,1.0,1.0,1.0,1.0,1.0,1.0,1.0,1.0,0.0,0.0,1.0,1.0,1.0,2.6666666666666665,1.0,1.0,1.0,2.6666666666666665,1.0,1.0,1.0,1.0,2.6666666666666665,2.6666666666666665,1.0,1.0,1.0,1.0,1.0,1.0,1.0,1.0,1.0,1.0,4.666666666666667,1.0,1.0,0.0,1.0,1.0,1.0,2.6666666666666665,1.0,1.0,1.0,0.0,1.0,1.0,1.0,1.0,0.0,1.0,1.0,1.0,1.0,1.0,1.0,1.0,1.0,1.0,1.0,1.0,1.0,1.0,1.0,1.0,1.0,1.0,1.0,1.0,1.0,1.0,1.0,1.0,1.0,1.0,1.0,0.0,0.0,1.0,1.0,1.0,1.0,1.0,1.0,1.0,1.0,1.0,2.6666666666666665,1.0,1.0,2.666666666666667,1.0,1.0,1.0,1.0,1.0,2.666666666666667,1.0,1.0,1.0,1.0,1.0,1.0,1.0,4.666666666666667,1.0,2.6666666666666665,1.0,1.0,1.0,1.0,1.0,1.0,1.0,2.6666666666666665,1.0,1.0,0.0,1.0,2.6666666666666665,1.0,1.0,1.0,1.0,1.0,0.0,0.0,1.0,1.0,1.0,1.0,1.0,1.0,1.0,2.6666666666666665,1.0,6.666666666666666,1.0,1.0,1.0,2.6666666666666665,1.0,1.0,1.0,1.0,2.6666666666666665,
15:30,,2.6666666666666665,2.6666666666666665,1.0,1.0,1.0,1.0,2.666666666666667,0.0,10.666666666666668,1.0,1.0,1.0,1.0,1.0,1.0,0.0,0.0,0.0,1.0,1.0,1.0,1.0,1.0,1.0,1.0,1.0,1.0,1.0,1.0,1.0,1.0,1.0,1.0,1.0,1.0,1.0,2.6666666666666665,1.0,1.0,1.0,1.0,1.0,1.0,1.0,1.0,1.0,0.0,1.0,0.0,0.0,0.0,0.0,0.0,0.0,0.0,2.6666666666666665,2.6666666666666665,1.0,1.0,1.0,1.0,1.0,1.0,2.666666666666667,1.0,2.6666666666666665,1.0,1.0,1.0,1.0,1.0,1.0,1.0,1.0,1.0,1.0,0.0,1.0,1.0,2.666666666666667,1.0,4.666666666666667,1.0,2.6666666666666665,1.0,1.0,1.0,1.0,2.6666666666666665,1.0,0.0,0.0,8.333333333333334,1.0,6.666666666666667,1.0,1.0,2.666666666666667,0.0,1.0,1.0,1.0,1.0,2.666666666666667,1.0,1.0,1.0,1.0,4.666666666666667,1.0,0.0,0.0,0.0,1.0,1.0,1.0,1.0,1.0,1.0,1.0,1.0,1.0,1.0,2.6666666666666665,1.0,0.0,0.0,1.0,1.0,1.0,1.0,1.0,1.0,2.6666666666666665,1.0,2.6666666666666665,6.333333333333334,1.0,2.6666666666666665,1.0,1.0,1.0,1.0,1.0,1.0,1.0,1.0,1.0,1.0,1.0,1.0,2.666666666666667,1.0,1.0,0.0,1.0,2.666666666666667,4.666666666666667,4.666666666666667,1.0,2.666666666666667,1.0,0.0,2.6666666666666665,2.6666666666666665,4.666666666666667,1.0,0.0,4.666666666666667,1.0,1.0,1.0,1.0,1.0,1.0,1.0,1.0,1.0,1.0,1.0,2.6666666666666665,1.0,1.0,1.0,1.0,1.0,1.0,1.0,1.0,1.0,1.0,4.666666666666667,1.0,2.6666666666666665,0.0,0.0,1.0,1.0,1.0,1.0,1.0,1.0,1.0,1.0,1.0,1.0,1.0,1.0,1.0,1.0,1.0,1.0,2.666666666666667,1.0,1.0,1.0,1.0,8.666666666666668,1.0,1.0,1.0,1.0,1.0,2.666666666666667,1.0,1.0,2.6666666666666665,2.6666666666666665,1.0,2.6666666666666665,1.0,1.0,1.0,1.0,1.0,0.0,1.0,2.6666666666666665,1.0,1.0,1.0,1.0,1.0,0.0,0.0,1.0,1.0,1.0,1.0,1.0,1.0,1.0,2.666666666666667,1.0,1.0,6.666666666666667,1.0,2.6666666666666665,1.0,1.0,1.0,1.0,2.666666666666667,1.0,
16:00,,1.0,1.0,1.0,1.0,1.0,1.0,6.666666666666667,0.0,1.0,1.0,1.0,1.0,1.0,1.0,1.0,0.0,0.0,0.0,1.0,1.0,1.0,1.0,2.6666666666666665,1.0,1.0,4.666666666666667,1.0,1.0,1.0,1.0,2.6666666666666665,2.666666666666667,1.0,1.0,1.0,1.0,1.0,1.0,1.0,1.0,1.0,1.0,1.0,1.0,1.0,1.0,0.0,1.0,0.0,0.0,0.0,0.0,0.0,0.0,0.0,1.0,6.333333333333334,1.0,1.0,1.0,2.666666666666667,1.0,2.6666666666666665,1.0,1.0,1.0,1.0,1.0,1.0,1.0,1.0,1.0,1.0,1.0,1.0,1.0,0.0,1.0,1.0,1.0,1.0,1.0,1.0,1.0,2.6666666666666665,1.0,2.6666666666666665,2.6666666666666665,4.333333333333333,1.0,0.0,0.0,1.0,2.6666666666666665,1.0,1.0,1.0,1.0,0.0,1.0,1.0,2.6666666666666665,1.0,2.6666666666666665,1.0,1.0,1.0,1.0,1.0,1.0,0.0,0.0,0.0,1.0,2.6666666666666665,1.0,1.0,1.0,1.0,2.6666666666666665,1.0,1.0,2.6666666666666665,2.6666666666666665,1.0,0.0,0.0,1.0,1.0,1.0,1.0,14.666666666666668,1.0,8.666666666666666,1.0,4.333333333333333,1.0,1.0,1.0,1.0,1.0,1.0,2.666666666666667,1.0,1.0,1.0,1.0,1.0,1.0,2.6666666666666665,2.6666666666666665,1.0,1.0,1.0,2.6666666666666665,1.0,1.0,1.0,2.666666666666667,4.333333333333334,6.333333333333334,1.0,2.3333333333333335,1.0,2.6666666666666665,1.0,1.0,0.0,1.0,1.0,1.0,1.0,1.0,1.0,1.0,1.0,1.0,1.0,2.666666666666667,1.0,4.333333333333333,2.6666666666666665,2.6666666666666665,1.0,1.0,1.0,1.0,2.6666666666666665,1.0,1.0,1.0,1.0,1.0,2.666666666666667,0.0,0.0,1.0,1.0,6.333333333333333,1.0,1.0,1.0,2.666666666666667,1.0,1.0,1.0,1.0,1.0,1.0,1.0,1.0,1.0,1.0,1.0,1.0,1.0,1.0,1.0,1.0,1.0,1.0,2.666666666666667,1.0,1.0,1.0,2.6666666666666665,4.666666666666667,1.0,1.0,2.6666666666666665,1.0,1.0,1.0,2.666666666666667,1.0,0.0,1.0,1.0,1.0,1.0,1.0,1.0,1.0,0.0,0.0,1.0,1.0,1.0,1.0,1.0,1.0,1.0,1.0,2.6666666666666665,1.0,2.6666666666666665,1.0,1.0,1.0,1.0,2.6666666666666665,1.0,1.0,1.0,
16:30,,1.0,2.6666666666666665,2.666666666666667,1.0,2.6666666666666665,4.666666666666667,1.0,0.0,1.0,1.0,1.0,1.0,1.0,8.666666666666666,8.666666666666666,0.0,0.0,0.0,4.666666666666667,1.0,1.0,1.0,2.6666666666666665,2.666666666666667,1.0,1.0,1.0,1.0,6.666666666666666,1.0,1.0,6.666666666666667,4.666666666666667,2.6666666666666665,12.666666666666666,1.0,1.0,1.0,1.0,1.0,1.0,1.0,1.0,1.0,1.0,1.0,0.0,1.0,0.0,0.0,0.0,0.0,0.0,0.0,0.0,1.0,2.6666666666666665,1.0,1.0,1.0,1.0,1.0,1.0,1.0,1.0,1.0,1.0,1.0,1.0,1.0,1.0,1.0,1.0,1.0,1.0,1.0,0.0,1.0,1.0,1.0,1.0,1.0,2.6666666666666665,1.0,2.666666666666667,2.666666666666667,1.0,6.666666666666666,1.0,1.0,0.0,0.0,1.0,2.666666666666667,1.0,4.333333333333334,2.6666666666666665,2.666666666666667,0.0,1.0,1.0,1.0,2.6666666666666665,1.0,1.0,1.0,1.0,1.0,1.0,1.0,0.0,0.0,0.0,1.0,1.0,1.0,1.0,1.0,1.0,1.0,1.0,1.0,1.0,1.0,1.0,0.0,0.0,1.0,1.0,1.0,1.0,1.0,12.666666666666666,1.0,1.0,1.0,1.0,1.0,1.0,2.6666666666666665,4.333333333333333,2.6666666666666665,1.0,1.0,1.0,1.0,1.0,1.0,1.0,1.0,1.0,1.0,1.0,1.0,1.0,1.0,1.0,1.0,1.0,1.0,1.0,1.0,2.666666666666667,1.0,1.0,1.0,1.0,1.0,1.0,1.0,1.0,1.0,1.0,1.0,1.0,1.0,1.0,1.0,1.0,1.0,1.0,2.666666666666667,1.0,1.0,1.0,1.0,1.0,1.0,1.0,1.0,1.0,2.6666666666666665,2.666666666666667,1.0,0.0,0.0,1.0,1.0,1.0,1.0,1.0,1.0,2.666666666666667,0.0,1.0,1.0,1.0,2.6666666666666665,1.0,1.0,1.0,2.6666666666666665,1.0,1.0,1.0,1.0,1.0,1.0,1.0,1.0,1.0,1.0,1.0,1.0,2.6666666666666665,1.0,2.6666666666666665,4.666666666666667,1.0,1.0,1.0,1.0,1.0,1.0,1.0,0.0,1.0,1.0,2.6666666666666665,1.0,2.666666666666667,1.0,1.0,0.0,0.3333333333333333,1.0,1.0,1.0,1.0,2.6666666666666665,1.0,1.3333333333333333,1.0,4.666666666666667,2.6666666666666665,1.0,1.0,1.0,1.0,1.0,1.0,1.0,1.0,1.0,
17:00,,1.0,1.0,1.0,4.666666666666667,2.666666666666667,1.0,1.0,0.0,1.0,1.0,1.0,1.0,1.0,1.0,1.0,0.0,0.0,0.0,1.0,1.0,1.0,1.0,1.0,1.0,1.0,1.0,1.0,1.0,1.0,1.0,1.0,1.0,1.0,1.0,1.0,2.666666666666667,2.666666666666667,1.0,1.0,1.0,1.0,1.0,1.0,1.0,1.0,1.0,0.0,1.0,0.0,0.0,0.0,0.0,0.0,0.0,0.0,1.0,1.0,1.0,1.0,4.666666666666667,1.0,1.0,1.0,1.0,1.0,1.0,1.0,1.0,2.6666666666666665,2.6666666666666665,1.0,1.0,1.0,1.0,1.0,1.0,0.0,4.666666666666667,1.0,2.6666666666666665,1.0,1.0,1.0,1.0,1.0,1.0,2.6666666666666665,2.6666666666666665,1.0,1.0,0.0,0.0,1.0,1.0,1.0,1.0,1.0,1.0,0.0,1.0,1.0,1.0,1.0,2.6666666666666665,2.6666666666666665,1.0,1.0,1.0,1.0,1.0,0.0,0.0,0.0,1.0,1.0,1.0,1.0,1.0,1.0,2.666666666666667,1.0,1.0,1.0,1.0,1.0,0.0,0.0,1.0,1.0,1.0,1.0,1.0,1.0,1.0,1.0,1.0,1.0,1.0,1.0,1.0,2.6666666666666665,1.0,1.0,1.0,1.0,1.0,1.0,1.0,2.666666666666667,1.0,2.6666666666666665,1.0,2.666666666666667,2.6666666666666665,1.0,1.0,1.0,1.0,1.0,1.0,2.6666666666666665,1.0,1.0,1.0,1.0,1.0,1.0,1.0,1.0,1.0,1.0,1.0,1.0,1.0,1.0,2.666666666666667,1.0,1.0,1.0,2.6666666666666665,2.6666666666666665,1.0,2.6666666666666665,1.0,1.0,1.0,1.0,1.0,1.0,2.6666666666666665,1.0,1.0,1.0,1.0,0.0,0.0,1.0,1.0,1.0,1.0,1.0,1.0,1.0,0.0,1.0,2.6666666666666665,2.6666666666666665,1.0,1.0,1.0,1.0,1.0,1.0,1.0,2.666666666666667,1.0,1.0,1.0,1.0,1.0,2.666666666666667,1.0,1.0,1.0,2.6666666666666665,1.0,1.0,1.0,1.0,1.0,1.0,4.666666666666667,4.666666666666667,1.0,1.0,0.0,1.0,1.0,1.0,1.0,1.0,1.0,1.0,0.0,1.0,1.0,1.0,1.0,1.0,1.0,1.0,1.6666666666666665,2.6666666666666665,1.0,1.0,1.0,1.0,1.0,1.0,1.0,1.0,2.6666666666666665,1.0,2.6666666666666665,
17:30,,2.6666666666666665,1.0,1.0,1.0,1.0,1.0,4.666666666666667,0.6666666666666666,1.0,1.0,1.0,1.0,1.0,1.0,1.0,0.0,0.0,0.0,1.0,1.0,1.0,1.0,1.0,1.0,1.6666666666666665,1.0,1.0,1.0,1.0,1.0,1.0,5.333333333333333,1.0,2.6666666666666665,1.0,1.0,1.0,1.0,3.666666666666667,1.0,1.0,1.0,1.0,1.0,1.0,1.6666666666666665,0.0,2.6666666666666665,0.0,0.0,0.0,0.0,0.0,0.0,0.0,1.0,1.0,2.666666666666667,1.0,1.0,1.0,3.6666666666666665,1.0,1.0,1.0,1.0,1.0,1.0,1.6666666666666665,1.0,1.0,1.0,1.0,1.0,1.0,1.0,0.0,1.0,2.666666666666667,1.0,1.0,1.0,1.0,1.0,1.0,1.0,2.666666666666667,1.0,2.6666666666666665,1.0,0.0,0.0,1.0,1.0,1.0,4.666666666666667,1.0,1.0,0.0,1.0,1.0,1.0,1.0,1.0,1.0,2.6666666666666665,1.0,1.0,1.0,1.0,0.0,0.0,0.0,1.0,1.0,1.0,1.0,1.0,1.0,1.0,1.0,1.0,4.333333333333333,1.0,2.6666666666666665,0.0,0.0,1.0,1.0,1.0,1.0,1.0,1.0,1.0,1.0,1.0,1.0,1.0,8.666666666666666,1.0,1.0,1.0,1.0,2.6666666666666665,1.0,1.0,1.0,1.0,2.666666666666667,1.0,2.6666666666666665,1.0,1.0,1.0,1.0,1.0,1.0,1.0,1.0,1.0,1.0,1.0,2.666666666666667,1.0,2.6666666666666665,1.0,2.6666666666666665,1.0,1.0,1.0,1.0,1.0,1.0,1.0,1.0,1.0,2.6666666666666665,2.666666666666667,1.0,1.0,1.0,1.0,1.0,2.6666666666666665,2.6666666666666665,1.0,1.0,1.0,1.0,1.0,1.0,1.0,1.0,2.666666666666667,0.0,0.0,1.0,1.0,2.6666666666666665,1.0,2.6666666666666665,1.0,1.0,1.0,1.0,1.0,1.0,1.0,1.0,2.6666666666666665,1.0,1.0,2.666666666666667,1.0,1.0,2.666666666666667,1.0,1.0,1.0,1.0,1.0,1.0,2.6666666666666665,1.0,2.6666666666666665,1.0,2.6666666666666665,1.0,1.0,1.0,1.0,1.0,1.0,1.0,2.6666666666666665,0.3333333333333333,1.0,1.0,1.0,1.0,1.0,2.666666666666667,1.0,0.0,1.0,1.0,1.0,1.0,1.0,1.0,1.0,1.0,1.0,1.0,1.0,1.0,1.0,2.6666666666666665,1.0,2.6666666666666665,1.0,1.0,1.0,1.0,
18:00,,1.0,1.0,1.0,1.0,1.0,1.0,1.0,1.0,1.0,1.0,1.0,1.0,1.0,1.0,1.0,0.0,0.0,0.0,1.0,1.0,2.666666666666667,1.0,1.0,1.0,1.0,1.0,1.0,1.0,1.0,1.0,1.0,1.0,1.0,1.0,1.0,1.0,2.666666666666667,1.0,1.0,1.0,1.0,1.0,1.0,1.0,1.0,1.0,0.0,1.0,0.0,0.0,0.0,0.0,0.0,0.0,1.0,1.0,1.0,1.0,1.0,1.0,1.0,1.3333333333333333,2.6666666666666665,1.0,1.0,1.0,2.6666666666666665,2.6666666666666665,1.3333333333333333,1.0,1.0,1.0,1.0,1.0,1.0,1.0,0.0,1.0,1.0,1.0,1.0,1.0,1.0,2.666666666666667,1.0,1.0,1.0,1.0,1.0,1.0,0.0,0.0,1.0,1.0,2.666666666666667,1.0,1.0,1.0,0.0,1.0,1.0,2.666666666666667,1.0,1.0,2.6666666666666665,1.0,1.0,1.0,1.0,1.0,0.0,0.0,0.0,1.0,1.0,1.0,1.0,1.0,1.0,1.0,1.0,1.0,1.0,1.0,1.0,0.0,0.0,2.6666666666666665,1.0,1.0,1.0,1.0,1.0,1.0,1.0,2.6666666666666665,1.0,1.0,1.0,1.0,1.0,1.0,2.6666666666666665,1.0,1.0,2.6666666666666665,1.0,1.0,1.0,1.0,1.0,1.0,1.0,1.0,2.6666666666666665,1.0,1.0,1.0,2.6666666666666665,1.0,1.0,1.0,4.333333333333333,2.6666666666666665,1.0,1.0,1.0,3.333333333333333,1.0,1.0,1.0,1.0,1.0,1.0,1.0,1.0,1.0,1.0,1.0,1.0,1.0,1.0,1.0,1.0,1.0,1.0,1.0,1.0,1.0,1.0,1.0,1.0,1.0,1.0,0.0,0.0,2.6666666666666665,2.6666666666666665,1.0,1.0,1.0,1.0,1.0,1.0,1.0,1.0,1.0,1.0,1.0,1.0,8.333333333333334,2.6666666666666665,2.6666666666666665,1.0,1.0,1.0,1.0,1.0,6.333333333333334,1.0,1.0,2.666666666666667,1.0,2.6666666666666665,1.0,2.666666666666667,1.0,1.0,1.0,1.0,1.0,4.666666666666667,1.0,1.0,4.666666666666667,1.0,1.0,2.666666666666667,1.0,1.0,2.6666666666666665,1.0,1.0,0.0,1.0,1.0,1.0,1.0,1.0,1.0,1.0,1.0,1.0,1.0,1.0,4.666666666666667,1.0,2.6666666666666665,1.0,1.0,2.666666666666667,1.0,1.0,1.0,
18:30,,2.6666666666666665,2.6666666666666665,1.0,1.0,1.0,2.6666666666666665,1.0,1.0,1.0,1.0,1.0,1.0,1.0,1.0,4.666666666666667,0.0,0.0,0.0,1.0,1.0,1.0,1.0,1.0,1.0,1.0,1.0,1.0,1.0,4.666666666666667,1.0,1.0,1.0,1.0,2.6666666666666665,2.666666666666667,1.0,1.0,1.0,1.0,1.0,1.0,1.0,1.0,4.333333333333334,1.0,2.6666666666666665,0.0,1.0,0.0,0.0,0.0,0.0,0.0,0.0,1.0,1.0,1.0,1.0,1.0,2.6666666666666665,1.0,1.0,1.0,1.0,1.0,1.0,1.0,1.0,1.0,1.0,2.666666666666667,2.6666666666666665,1.0,1.0,1.0,1.0,1.0,1.0,1.0,1.0,1.0,1.0,1.0,2.6666666666666665,1.0,2.666666666666667,2.666666666666667,1.0,1.0,1.0,0.0,0.0,1.0,1.0,2.666666666666667,1.0,1.0,1.0,0.0,1.0,1.0,1.0,1.0,2.6666666666666665,1.0,1.0,2.6666666666666665,1.0,1.0,2.6666666666666665,0.0,0.0,0.0,1.0,1.0,2.6666666666666665,1.0,1.0,1.0,1.0,1.0,1.0,1.0,1.0,1.0,0.0,0.0,1.0,1.0,2.6666666666666665,2.6666666666666665,1.0,1.0,1.0,1.0,2.6666666666666665,1.0,1.0,1.0,1.0,1.0,1.0,1.0,1.0,1.0,1.0,1.0,1.0,1.0,16.333333333333332,2.666666666666667,1.0,1.0,1.0,1.0,1.0,1.0,1.0,2.6666666666666665,1.0,1.0,1.0,1.0,4.333333333333334,4.333333333333333,4.333333333333334,2.6666666666666665,1.6666666666666665,1.0,2.666666666666667,1.0,1.0,1.0,1.0,2.0,1.0,1.0,1.0,8.666666666666666,1.0,1.0,1.0,1.0,1.0,1.0,1.0,1.0,2.666666666666667,1.0,1.0,1.0,2.6666666666666665,1.0,1.0,0.0,0.0,2.666666666666667,1.0,1.0,1.0,2.666666666666667,1.0,1.0,4.666666666666667,1.0,1.0,1.0,1.0,1.0,1.0,1.0,1.0,4.666666666666667,1.0,1.0,1.0,1.0,2.6666666666666665,1.0,1.0,2.6666666666666665,1.0,1.0,1.0,1.0,1.0,2.6666666666666665,1.0,2.6666666666666665,1.0,1.0,2.6666666666666665,2.6666666666666665,1.0,1.0,1.0,1.0,1.0,1.0,1.0,1.0,1.0,1.0,0.0,1.0,1.0,1.0,1.0,1.0,1.0,1.0,1.0,1.0,1.0,1.0,1.0,1.0,1.0,1.0,1.0,1.0,1.0,1.0,1.0,
19:00,,1.0,1.0,1.0,1.0,1.0,1.0,2.6666666666666665,1.0,1.0,1.0,1.0,2.666666666666667,1.0,1.0,1.0,0.0,0.0,0.0,1.0,2.6666666666666665,1.0,1.0,1.0,1.0,1.0,1.0,1.0,1.0,2.6666666666666665,1.0,1.0,1.0,1.0,1.0,1.0,1.0,1.0,1.0,1.0,1.0,1.0,1.0,1.0,1.0,1.0,1.0,0.0,1.0,0.0,0.0,0.0,0.0,0.0,0.0,1.0,1.0,4.666666666666667,1.0,1.0,1.0,1.0,1.0,1.0,1.0,1.0,2.666666666666667,1.0,1.0,1.0,1.0,1.0,1.0,1.0,1.0,1.0,1.0,1.0,1.0,1.0,1.0,1.0,1.0,1.6666666666666665,1.0,2.6666666666666665,1.0,1.0,1.0,1.0,1.0,0.0,0.0,1.0,1.0,2.6666666666666665,1.0,1.0,1.0,0.0,1.0,1.0,1.0,10.666666666666666,1.0,1.0,1.0,1.0,1.0,1.0,1.0,0.0,0.0,0.0,1.0,1.0,1.0,4.666666666666667,1.0,2.6666666666666665,1.0,1.0,1.0,1.0,1.0,1.0,0.0,0.0,1.0,1.0,1.0,1.0,1.0,1.0,1.0,1.0,1.0,1.0,1.0,1.0,1.0,1.0,1.0,1.0,1.0,1.0,1.0,1.0,1.0,1.0,1.0,1.0,2.666666666666667,2.6666666666666665,1.0,1.0,1.0,1.0,1.0,1.0,1.0,2.6666666666666665,1.0,4.333333333333333,2.6666666666666665,4.333333333333334,1.0,1.0,1.0,1.0,1.0,1.0,1.0,1.0,1.0,0.6666666666666666,1.0,1.0,1.0,1.0,2.6666666666666665,1.0,1.0,1.0,1.0,1.0,2.6666666666666665,2.6666666666666665,1.0,1.0,1.0,1.0,1.0,1.0,1.0,0.0,0.0,1.0,1.0,2.6666666666666665,1.0,1.0,1.0,1.0,1.0,1.0,1.0,1.0,1.0,1.0,2.6666666666666665,1.0,1.0,6.0,1.0,1.0,2.6666666666666665,1.0,1.0,1.0,1.0,1.0,1.0,1.0,1.0,2.6666666666666665,1.0,1.0,1.0,1.0,1.0,1.0,1.0,2.6666666666666665,1.0,1.0,1.0,1.0,1.0,1.0,1.0,1.0,2.6666666666666665,1.0,0.0,1.0,1.0,1.0,1.0,1.0,1.0,1.0,1.0,2.666666666666667,4.666666666666667,2.6666666666666665,1.0,1.3333333333333333,1.0,1.0,1.0,1.0,1.0,2.666666666666667,1.0,
19:30,0.6666666666666666,2.6666666666666665,1.0,1.0,2.6666666666666665,1.0,2.6666666666666665,1.0,1.0,1.0,1.0,1.0,1.0,1.0,1.0,1.0,0.0,0.0,0.0,1.0,1.0,1.0,1.0,1.0,1.0,1.0,1.0,1.0,2.666666666666667,4.666666666666667,1.0,1.0,1.0,1.0,1.0,2.666666666666667,2.666666666666667,1.0,1.0,1.0,1.0,1.0,1.0,1.0,1.0,1.0,0.6666666666666666,0.0,1.0,0.0,0.0,0.0,0.0,0.0,0.0,2.6666666666666665,1.0,2.6666666666666665,1.0,1.0,1.0,1.0,1.0,1.0,1.0,1.0,1.0,1.0,1.0,2.6666666666666665,1.0,1.0,1.0,2.6666666666666665,1.0,1.0,1.0,1.0,1.0,1.0,1.0,1.0,1.0,1.3333333333333333,1.0,1.0,1.0,1.0,1.0,1.0,1.0,0.0,0.0,1.0,1.0,1.0,1.0,1.0,1.0,0.0,1.0,1.0,1.0,1.0,1.0,1.0,1.0,1.0,1.0,1.0,1.0,0.0,0.0,0.0,1.0,1.0,1.0,1.0,1.0,1.0,1.0,1.0,1.0,1.0,1.0,2.6666666666666665,0.0,0.0,1.0,1.0,2.6666666666666665,1.0,1.0,1.0,4.666666666666667,1.0,1.0,1.0,1.0,1.0,1.0,1.0,1.0,1.0,1.0,2.6666666666666665,1.0,1.0,1.0,1.0,1.0,4.666666666666667,1.0,1.0,1.0,1.0,2.6666666666666665,1.0,1.0,1.0,1.0,1.0,1.0,1.0,1.0,1.0,1.0,2.666666666666667,1.0,1.0,1.0,1.0,1.0,1.0,1.0,1.0,1.0,2.666666666666667,1.0,1.0,1.0,1.0,1.0,1.0,1.0,1.0,1.0,1.0,1.0,1.0,1.0,1.0,1.0,1.0,2.666666666666667,0.0,0.0,1.0,2.666666666666667,1.0,1.0,1.0,1.0,1.0,1.0,6.333333333333334,1.0,1.0,2.6666666666666665,1.0,1.0,1.0,1.0,1.0,1.0,1.0,1.0,1.0,1.0,1.0,1.0,1.0,1.0,2.666666666666667,1.0,1.0,1.0,2.6666666666666665,1.0,1.0,1.0,2.6666666666666665,1.0,1.0,1.0,2.666666666666667,1.0,1.0,2.6666666666666665,1.0,1.0,1.0,2.666666666666667,1.0,0.0,1.0,1.0,1.0,1.0,1.0,1.0,1.0,1.0,1.0,1.0,1.0,2.666666666666667,2.0,1.0,1.0,2.6666666666666665,1.0,4.333333333333333,1.0,1.0,
20:00,1.0,1.0,1.0,1.0,1.0,1.0,1.0,1.0,1.0,1.0,1.0,1.0,1.0,1.0,1.0,1.0,0.0,0.0,0.0,2.6666666666666665,1.0,1.0,1.0,1.0,1.0,1.0,1.0,1.0,1.0,1.0,1.0,1.0,2.6666666666666665,1.0,1.0,1.0,1.0,1.0,1.0,1.0,1.0,1.0,1.0,1.0,1.0,1.0,0.0,0.0,1.0,0.0,0.0,0.0,0.0,0.0,0.0,1.0,1.0,1.0,1.0,1.0,1.0,1.0,1.0,1.0,1.0,1.0,1.0,2.666666666666667,2.666666666666667,1.0,1.0,12.333333333333334,1.0,1.0,1.0,1.0,1.0,1.0,1.0,1.0,1.0,1.0,1.0,1.0,2.666666666666667,1.0,1.0,1.0,1.0,1.0,1.0,0.0,0.0,1.0,1.0,1.0,1.0,2.6666666666666665,1.0,0.0,1.0,1.0,1.0,1.0,2.6666666666666665,1.0,1.0,2.666666666666667,1.0,1.0,1.0,0.0,0.0,0.0,1.0,1.0,1.0,4.666666666666667,1.0,1.0,1.0,1.0,1.0,1.0,1.0,1.0,0.0,0.0,1.0,1.0,1.0,2.666666666666667,2.6666666666666665,1.0,1.0,1.0,1.0,1.0,1.0,2.6666666666666665,2.6666666666666665,1.0,1.0,1.0,1.0,1.0,1.0,1.0,1.0,1.0,1.0,1.0,1.0,1.0,1.0,1.0,2.6666666666666665,1.0,1.0,1.0,6.333333333333333,1.0,1.0,1.0,2.6666666666666665,1.0,1.0,1.0,1.0,1.0,1.0,8.666666666666666,1.0,1.0,1.0,1.0,1.0,10.666666666666666,1.0,1.0,1.0,1.0,1.0,1.0,1.0,1.0,1.0,1.0,1.0,1.0,1.0,1.0,1.0,1.0,1.0,0.0,0.0,1.0,1.0,1.0,1.0,1.0,1.0,1.0,1.0,1.0,2.666666666666667,1.0,1.0,1.0,1.0,1.0,1.0,1.0,6.666666666666666,1.0,1.0,1.0,1.0,1.0,1.0,1.0,2.6666666666666665,1.0,1.0,1.0,2.6666666666666665,1.0,1.0,1.0,1.0,1.0,2.666666666666667,2.6666666666666665,1.0,1.0,2.666666666666667,1.0,1.0,1.0,1.0,1.0,1.0,1.0,0.0,1.0,1.0,1.0,1.0,1.0,2.6666666666666665,1.0,1.0,1.0,1.0,1.0,2.6666666666666665,0.6666666666666666,1.0,1.0,1.0,2.6666666666666665,1.0,1.0,1.0,
20:30,1.0,1.0,1.0,2.6666666666666665,1.0,1.0,2.666666666666667,2.6666666666666665,1.0,1.0,1.0,1.0,1.0,1.0,1.0,1.0,0.0,0.0,0.0,1.0,1.0,1.0,1.0,4.333333333333333,1.0,1.0,1.0,1.0,1.0,2.6666666666666665,1.0,2.6666666666666665,1.0,1.0,1.0,2.6666666666666665,1.0,1.0,1.0,1.0,1.0,1.0,1.0,1.0,1.0,1.0,0.0,0.0,1.0,0.0,0.0,0.0,0.0,0.0,0.0,1.0,1.0,1.0,1.0,1.0,1.0,1.0,1.0,1.0,1.0,1.0,1.0,1.0,1.0,1.0,1.0,1.0,1.0,1.0,1.0,1.0,1.0,1.0,1.0,1.0,1.0,1.0,1.0,1.0,2.6666666666666665,1.0,1.0,1.0,1.0,1.0,1.0,0.0,0.0,1.0,1.0,1.0,1.0,1.0,1.0,0.0,2.666666666666667,1.0,1.0,1.0,1.0,1.0,2.6666666666666665,1.0,1.0,2.6666666666666665,1.0,0.0,0.0,0.0,1.0,6.333333333333334,1.0,2.6666666666666665,1.0,1.0,1.0,1.0,1.0,1.0,1.0,1.0,0.0,0.0,1.0,1.0,1.0,1.0,1.0,1.0,2.6666666666666665,1.0,1.0,1.0,1.0,1.0,1.0,1.0,1.0,1.0,1.0,1.0,1.0,1.0,1.0,1.0,1.0,1.0,2.6666666666666665,1.0,4.333333333333333,1.0,1.0,1.0,2.6666666666666665,1.0,1.0,1.0,1.0,1.0,1.0,2.6666666666666665,1.0,1.0,1.0,1.0,1.0,1.0,1.0,1.0,1.0,1.0,1.0,1.0,2.6666666666666665,2.6666666666666665,1.0,1.0,2.666666666666667,1.0,1.0,1.0,1.0,1.3333333333333333,1.0,1.0,1.0,1.0,2.666666666666667,1.0,1.0,0.0,0.0,1.0,1.0,1.0,1.0,1.0,1.0,2.666666666666667,1.0,1.0,1.0,1.6666666666666665,1.0,6.333333333333334,1.0,1.0,1.0,4.666666666666667,1.3333333333333333,1.0,1.0,1.0,1.0,1.0,1.0,1.3333333333333333,1.0,1.0,1.0,1.0,2.6666666666666665,1.0,1.3333333333333333,1.0,1.0,1.0,2.6666666666666665,4.666666666666667,1.0,1.0,1.0,2.6666666666666665,1.0,2.6666666666666665,1.0,2.6666666666666665,1.0,1.0,0.0,1.0,1.0,1.0,1.0,1.0,1.0,1.0,1.0,1.0,1.0,2.6666666666666665,1.0,2.6666666666666665,1.0,1.0,1.0,1.0,1.0,1.0,1.0,
21:00,1.0,1.0,1.0,2.666666666666667,2.666666666666667,1.0,1.0,1.0,1.0,1.0,1.0,1.0,1.0,1.0,1.0,1.0,0.0,0.0,0.0,2.666666666666667,2.6666666666666665,1.0,2.6666666666666665,1.0,1.0,1.0,1.0,1.0,1.0,1.0,1.0,1.0,1.0,1.0,1.0,1.0,1.0,1.0,1.0,1.0,1.0,1.0,1.0,1.0,2.6666666666666665,1.0,0.0,0.0,1.0,0.0,0.0,0.0,0.0,0.0,0.0,1.0,1.0,1.0,1.0,1.0,1.0,1.0,1.0,1.0,1.0,1.0,1.0,1.0,1.0,1.0,1.0,1.0,1.0,1.0,1.0,1.0,1.0,1.0,1.0,1.0,1.0,1.0,1.0,1.0,2.6666666666666665,1.0,1.0,2.6666666666666665,1.0,1.0,2.6666666666666665,0.0,0.0,2.666666666666667,1.0,1.0,1.0,1.0,1.0,0.6666666666666666,1.0,2.666666666666667,1.0,1.0,1.0,1.0,1.0,1.0,1.0,1.0,1.0,0.0,0.0,0.0,1.0,1.0,1.0,1.0,1.0,1.0,1.0,1.0,1.0,1.0,1.0,1.0,0.0,0.0,1.0,1.0,1.0,1.0,1.0,1.0,1.6666666666666665,1.0,1.0,1.0,1.0,1.0,1.0,2.0,1.0,1.0,1.0,1.0,1.0,1.0,1.3333333333333333,1.0,1.0,1.0,1.0,1.0,1.0,1.3333333333333333,1.0,1.0,1.0,1.0,1.0,2.6666666666666665,2.6666666666666665,6.333333333333334,1.0,2.666666666666667,1.0,1.0,1.0,1.0,1.0,1.0,1.0,1.0,2.6666666666666665,1.0,1.0,2.6666666666666665,1.0,1.0,1.0,1.0,1.0,1.0,1.0,1.0,1.0,1.6666666666666665,1.0,1.0,1.0,1.0,1.0,1.0,1.0,0.0,0.0,1.0,1.0,1.0,1.0,1.0,1.0,1.0,1.0,1.0,1.0,2.0,1.0,1.0,1.0,1.0,2.6666666666666665,1.0,2.0,1.0,1.0,2.6666666666666665,1.0,1.0,1.0,3.666666666666667,1.0,1.0,1.0,1.0,1.0,1.0,3.6666666666666665,1.0,1.0,1.0,2.6666666666666665,2.6666666666666665,1.0,1.0,1.0,1.0,1.0,1.0,1.0,1.0,1.0,1.0,0.0,1.0,1.0,1.0,1.0,1.0,1.0,1.0,1.0,2.6666666666666665,2.6666666666666665,1.0,1.0,1.0,1.0,1.0,1.0,2.6666666666666665,1.0,1.0,1.0,
21:30,1.0,1.0,1.0,1.0,2.666666666666667,1.0,1.0,1.0,1.0,1.0,2.6666666666666665,1.0,1.0,1.0,1.0,1.0,0.0,0.0,0.0,1.0,1.0,1.0,1.0,1.0,1.0,1.0,1.0,2.6666666666666665,1.0,1.0,1.0,1.0,1.0,1.0,1.0,1.0,1.0,1.0,1.0,1.0,1.0,1.0,1.0,1.0,1.0,1.0,0.0,0.0,1.0,0.0,0.0,0.0,0.0,0.0,0.0,1.0,1.0,1.0,1.0,1.0,1.0,1.0,1.0,1.0,1.0,1.0,1.0,1.0,1.0,2.666666666666667,1.0,1.0,1.0,1.0,1.0,1.0,1.0,1.0,1.0,2.6666666666666665,1.0,1.0,1.0,1.0,1.0,1.0,1.0,2.6666666666666665,1.0,1.0,1.0,0.0,0.0,1.0,2.666666666666667,1.0,1.0,1.0,2.6666666666666665,1.0,1.0,1.0,1.0,1.0,1.0,1.0,1.0,6.666666666666667,2.666666666666667,1.0,1.0,0.0,0.0,0.3333333333333333,1.0,1.0,1.0,1.0,1.0,1.0,1.0,1.0,1.0,1.0,2.6666666666666665,2.666666666666667,0.0,0.0,1.0,1.0,1.0,1.0,1.0,4.666666666666667,1.3333333333333333,2.6666666666666665,2.6666666666666665,1.0,1.0,1.0,1.0,1.0,1.0,1.0,1.0,1.0,1.0,1.0,3.0,1.0,1.0,1.0,1.0,1.0,1.0,1.6666666666666665,2.666666666666667,1.0,1.0,1.0,1.0,2.6666666666666665,1.0,1.0,2.6666666666666665,4.666666666666667,1.0,1.0,1.0,1.0,1.0,1.0,1.0,1.0,1.0,1.0,1.0,1.0,1.0,1.0,1.0,1.0,1.0,1.0,1.0,1.0,1.0,1.0,1.0,1.0,1.0,1.0,1.0,1.0,1.0,0.0,0.0,1.0,1.0,2.6666666666666665,1.0,1.0,1.0,1.0,1.0,1.0,1.0,3.666666666666667,4.333333333333334,1.0,1.0,1.0,1.0,1.0,1.3333333333333333,1.0,1.0,1.0,1.0,1.0,1.0,5.333333333333333,1.0,1.0,2.6666666666666665,1.0,1.0,1.0,3.6666666666666665,1.0,1.0,1.0,1.0,1.0,2.6666666666666665,2.6666666666666665,1.0,1.0,1.0,1.0,1.0,2.666666666666667,2.666666666666667,1.0,0.0,1.0,1.0,1.0,1.0,1.0,1.0,1.0,2.6666666666666665,1.0,1.0,1.0,2.666666666666667,1.0,1.0,1.0,1.0,1.0,2.6666666666666665,1.0,1.0,
22:00,1.0,1.0,1.0,1.0,1.0,1.0,1.0,1.0,1.0,4.333333333333333,1.0,1.0,1.0,1.0,1.0,1.0,0.0,0.0,0.0,1.0,1.0,1.0,1.0,1.0,2.666666666666667,1.0,1.0,1.0,1.0,1.0,1.0,2.6666666666666665,1.0,1.0,1.0,1.0,1.0,1.0,1.0,1.0,1.0,1.0,1.0,1.0,1.0,1.0,0.0,0.0,1.0,0.0,0.0,0.0,0.0,0.0,0.0,1.0,1.0,1.0,1.0,1.0,1.0,1.0,1.0,1.0,1.0,1.0,1.0,1.0,1.0,1.0,1.0,1.0,1.0,1.0,1.0,1.0,1.0,1.0,1.0,1.0,1.0,1.0,1.0,1.0,1.0,2.6666666666666665,1.0,2.6666666666666665,1.0,1.0,1.0,0.0,0.6666666666666666,8.666666666666666,1.0,1.0,1.0,4.666666666666667,1.0,1.0,1.0,1.0,1.0,1.0,1.0,2.6666666666666665,1.6666666666666665,1.0,1.0,1.0,1.0,0.0,0.0,2.666666666666667,1.0,1.0,1.0,2.6666666666666665,1.0,1.0,2.0,1.0,1.0,2.666666666666667,10.666666666666666,1.0,0.0,1.0,1.0,1.0,1.0,2.666666666666667,1.0,1.0,1.0,1.0,1.0,2.666666666666667,1.0,2.6666666666666665,2.6666666666666665,1.0,1.0,1.0,1.0,1.0,1.0,1.0,2.666666666666667,1.0,1.0,1.0,1.0,2.666666666666667,1.0,1.0,1.0,1.0,1.0,1.0,4.666666666666667,1.0,1.0,1.0,1.0,1.0,1.0,1.0,1.0,1.0,1.0,1.0,1.0,1.0,1.0,1.0,1.0,1.0,1.0,1.0,1.0,1.0,1.0,1.0,1.0,1.0,1.0,1.0,1.0,1.0,1.0,1.0,2.666666666666667,1.0,1.0,0.0,0.0,1.0,1.0,1.0,1.0,1.0,1.0,1.0,1.0,1.0,2.6666666666666665,1.3333333333333333,1.0,1.0,1.0,1.0,1.0,1.0,1.0,2.6666666666666665,1.0,1.0,1.0,1.0,1.0,5.333333333333334,1.0,1.0,1.0,1.0,1.0,1.0,3.0,2.6666666666666665,1.0,2.666666666666667,2.6666666666666665,1.0,1.0,1.0,1.0,1.0,1.0,1.0,1.0,1.0,1.0,1.0,0.0,1.0,1.0,1.0,1.0,1.0,1.0,1.0,1.0,1.0,2.666666666666667,1.0,1.0,1.0,1.0,1.0,1.0,1.0,1.0,1.0,1.0,
22:30,1.0,1.0,1.0,6.666666666666667,1.0,1.0,1.0,2.6666666666666665,1.0,1.0,1.0,1.0,1.0,1.0,1.0,1.0,0.0,0.0,0.0,1.0,2.6666666666666665,1.0,1.0,1.0,1.0,1.0,1.0,1.0,1.0,1.0,1.0,6.333333333333333,2.6666666666666665,1.0,1.0,2.6666666666666665,1.0,4.666666666666667,1.0,1.0,1.0,1.0,1.0,1.0,1.0,1.0,0.0,0.0,1.0,0.0,0.0,0.0,0.0,0.0,0.0,1.0,1.0,1.0,1.0,1.0,1.0,1.0,1.0,1.0,1.0,1.0,2.666666666666667,1.0,1.0,1.0,1.0,1.0,1.0,1.0,1.0,1.0,1.0,1.0,1.0,1.0,2.6666666666666665,1.0,1.0,1.0,1.0,1.0,1.0,1.0,1.0,1.0,1.0,0.0,1.0,1.0,1.0,1.0,2.6666666666666665,1.0,2.6666666666666665,2.666666666666667,2.6666666666666665,1.0,1.0,1.0,2.6666666666666665,1.0,3.0,1.0,1.0,1.0,1.0,0.0,0.0,1.0,1.0,1.0,1.0,1.0,1.0,1.0,1.0,2.666666666666667,1.0,1.0,1.0,1.0,0.0,1.0,1.0,1.0,1.0,1.0,1.0,2.6666666666666665,1.0,1.0,1.0,1.0,1.0,1.0,1.0,2.666666666666667,1.0,2.666666666666667,1.0,1.0,1.0,1.0,1.0,1.0,1.0,1.0,1.0,1.0,1.0,1.0,1.0,1.0,1.0,1.0,1.0,1.0,1.0,2.666666666666667,2.6666666666666665,2.6666666666666665,1.0,1.0,1.0,1.0,1.0,1.0,1.0,1.0,1.0,1.0,1.0,1.0,1.0,1.0,1.0,1.0,1.0,2.6666666666666665,1.0,1.0,1.0,1.0,2.6666666666666665,1.0,1.0,1.0,1.0,1.0,1.0,0.0,0.0,1.0,1.0,1.0,1.0,2.6666666666666665,1.0,1.0,1.0,1.0,2.666666666666667,2.666666666666667,1.0,1.0,1.0,1.0,1.0,1.0,1.0,4.666666666666667,1.0,1.0,1.0,2.6666666666666665,1.0,1.0,2.666666666666667,1.0,1.0,1.0,1.0,1.0,1.0,1.0,1.0,1.0,1.0,2.666666666666667,2.6666666666666665,1.0,1.0,1.0,1.0,1.0,1.0,58.666666666666664,1.0,1.0,0.0,1.0,1.0,1.0,1.0,1.0,1.0,1.0,1.0,1.0,2.666666666666667,2.6666666666666665,1.0,1.0,2.6666666666666665,1.0,1.0,1.0,1.0,1.0,1.0,
23:00,1.0,1.0,1.0,1.0,1.0,1.0,2.666666666666667,1.0,1.0,1.0,1.0,1.0,1.0,1.0,1.0,1.0,0.0,0.0,0.0,2.6666666666666665,1.0,1.0,1.0,1.0,1.0,1.0,1.0,1.0,1.0,1.0,1.0,1.0,1.0,1.0,1.0,1.0,1.0,1.0,1.0,1.0,1.0,1.0,1.0,1.0,1.0,1.0,0.0,0.0,1.0,0.0,0.0,0.0,0.0,0.0,0.0,1.0,1.0,1.0,4.333333333333334,1.0,1.0,1.0,1.0,1.0,4.666666666666667,1.0,2.6666666666666665,1.0,1.0,1.0,1.0,1.0,1.0,1.0,2.666666666666667,1.0,1.0,1.0,1.0,2.666666666666667,1.0,1.0,1.0,1.0,1.0,1.0,2.6666666666666665,2.6666666666666665,1.0,1.0,2.6666666666666665,0.0,1.0,1.0,1.0,1.0,1.0,1.0,1.0,1.0,1.0,1.0,1.0,1.0,1.0,1.0,1.0,1.0,1.0,1.0,1.0,0.0,0.0,1.0,1.0,1.0,1.0,1.0,1.0,1.0,1.0,1.0,1.0,1.0,1.0,1.0,0.0,1.0,1.0,1.0,1.0,1.0,1.0,1.0,1.0,1.0,1.0,1.0,1.0,1.0,1.0,1.0,1.0,1.0,1.0,1.0,1.0,1.0,1.0,1.0,1.0,2.6666666666666665,1.0,2.666666666666667,1.0,1.0,1.0,2.6666666666666665,1.0,1.0,1.0,1.0,4.666666666666667,1.0,1.0,2.6666666666666665,1.0,2.666666666666667,1.0,1.0,1.0,1.0,1.0,1.0,1.0,1.0,1.0,1.0,1.0,1.0,1.0,6.333333333333334,1.0,1.0,1.0,1.0,1.0,1.0,1.0,1.0,1.0,1.0,1.0,1.0,1.0,0.0,0.0,1.0,1.0,1.0,1.0,2.6666666666666665,1.0,2.6666666666666665,1.0,1.0,1.0,1.0,1.0,1.0,1.0,1.0,1.0,1.0,2.666666666666667,1.0,1.0,1.0,2.6666666666666665,1.0,1.0,1.0,1.0,2.6666666666666665,1.0,1.0,4.333333333333333,4.333333333333333,1.0,1.0,1.0,1.0,2.6666666666666665,1.0,1.0,4.666666666666667,1.0,1.0,2.666666666666667,1.0,1.0,1.0,1.0,1.0,0.0,1.0,1.0,1.0,1.0,1.0,1.0,1.0,1.0,2.6666666666666665,1.0,1.0,1.0,1.0,1.0,1.0,1.0,1.0,1.0,1.0,1.0,
23:30,1.0,1.0,1.0,2.6666666666666665,1.0,1.0,1.0,1.0,1.0,1.0,1.0,1.0,1.0,1.0,1.0,1.0,0.0,0.0,0.6666666666666666,1.0,1.0,1.0,2.6666666666666665,1.0,1.0,1.0,1.0,1.0,1.0,1.0,2.6666666666666665,1.0,2.6666666666666665,2.6666666666666665,1.0,1.0,1.0,2.6666666666666665,1.0,1.0,1.0,1.0,1.0,1.0,1.0,1.0,0.0,0.0,2.666666666666667,0.0,0.0,0.0,0.0,0.0,0.0,1.0,1.0,1.0,2.666666666666667,1.0,1.0,1.0,1.0,1.0,1.0,1.0,1.0,1.0,1.0,1.0,1.0,1.0,1.0,1.0,1.0,1.0,2.6666666666666665,2.6666666666666665,1.0,1.0,1.0,1.0,1.0,1.0,1.0,1.0,2.6666666666666665,1.0,1.0,1.0,2.666666666666667,0.0,1.0,1.0,1.0,2.6666666666666665,1.0,1.0,2.666666666666667,1.0,2.6666666666666665,2.6666666666666665,1.0,1.0,1.0,1.0,1.0,1.0,1.0,1.0,1.0,0.0,0.0,1.0,1.0,1.0,1.0,2.666666666666667,1.0,1.0,1.0,1.0,1.0,1.0,2.6666666666666665,1.0,0.0,1.0,1.0,1.0,1.0,1.0,1.0,1.0,1.0,1.0,2.6666666666666665,2.666666666666667,1.0,2.6666666666666665,1.0,1.0,1.0,1.0,1.0,1.0,1.0,2.666666666666667,2.6666666666666665,1.0,1.0,1.0,1.0,1.0,1.0,1.0,1.0,1.0,1.0,1.0,2.6666666666666665,1.0,4.333333333333333,2.6666666666666665,1.0,1.0,1.0,1.0,1.0,1.0,1.0,1.0,1.0,1.0,1.0,1.0,1.0,1.0,1.0,1.0,1.0,1.0,1.0,1.0,1.0,1.0,1.0,1.0,1.0,1.0,1.0,6.333333333333333,1.0,1.0,1.0,0.0,0.3333333333333333,1.0,1.0,2.6666666666666665,1.0,1.0,1.0,4.333333333333333,1.0,2.666666666666667,1.0,1.0,1.0,2.666666666666667,2.6666666666666665,1.0,1.0,2.666666666666667,6.666666666666667,1.0,2.6666666666666665,1.0,1.0,1.0,1.0,1.0,1.0,1.0,1.0,1.0,1.0,2.6666666666666665,2.6666666666666665,1.0,2.6666666666666665,1.0,1.0,1.0,1.0,1.0,1.0,2.666666666666667,1.0,1.0,1.0,1.0,1.0,1.0,0.0,1.0,1.0,1.0,1.0,1.0,1.0,1.0,1.0,1.0,1.0,2.6666666666666665,2.666666666666667,1.0,1.0,1.0,1.0,2.6666666666666665,1.0,2.666666666666667,1.0,
