date_and_time_UTC,num_of_detections,LFnum_of_detections,HFnum_of_detections
2024-07-02 20:50:00+00:00,0.3333333333333333,0.3333333333333333,0.3333333333333333
2024-07-02 21:00:00+00:00,0.3333333333333333,0.3333333333333333,0.3333333333333333
2024-07-02 21:10:00+00:00,0.3333333333333333,0.3333333333333333,0.3333333333333333
2024-07-02 21:20:00+00:00,0.3333333333333333,0.3333333333333333,0.3333333333333333
2024-07-02 21:30:00+00:00,0.3333333333333333,0.3333333333333333,0.3333333333333333
2024-07-02 21:40:00+00:00,0.3333333333333333,0.3333333333333333,0.3333333333333333
2024-07-02 21:50:00+00:00,0.3333333333333333,0.3333333333333333,0.3333333333333333
2024-07-02 22:00:00+00:00,0.3333333333333333,0.3333333333333333,0.3333333333333333
2024-07-02 22:10:00+00:00,0.3333333333333333,0.3333333333333333,0.3333333333333333
2024-07-02 22:20:00+00:00,0.3333333333333333,0.3333333333333333,0.3333333333333333
2024-07-02 22:30:00+00:00,0.3333333333333333,0.3333333333333333,0.3333333333333333
2024-07-02 22:40:00+00:00,0.3333333333333333,0.3333333333333333,0.3333333333333333
2024-07-02 22:50:00+00:00,0.3333333333333333,0.3333333333333333,0.3333333333333333
2024-07-02 23:00:00+00:00,0.3333333333333333,0.3333333333333333,0.3333333333333333
2024-07-02 23:10:00+00:00,0.3333333333333333,0.3333333333333333,0.3333333333333333
2024-07-02 23:20:00+00:00,0.3333333333333333,0.3333333333333333,0.3333333333333333
2024-07-02 23:30:00+00:00,0.3333333333333333,0.3333333333333333,0.3333333333333333
2024-07-02 23:40:00+00:00,0.3333333333333333,0.3333333333333333,0.3333333333333333
2024-07-02 23:50:00+00:00,0.3333333333333333,0.3333333333333333,0.3333333333333333
2024-07-03 00:00:00+00:00,0.3333333333333333,0.3333333333333333,0.3333333333333333
2024-07-03 00:10:00+00:00,0.3333333333333333,0.3333333333333333,0.3333333333333333
2024-07-03 00:20:00+00:00,0.3333333333333333,0.3333333333333333,0.3333333333333333
2024-07-03 00:30:00+00:00,0.3333333333333333,0.3333333333333333,0.3333333333333333
2024-07-03 00:40:00+00:00,0.3333333333333333,0.3333333333333333,0.3333333333333333
2024-07-03 00:50:00+00:00,0.3333333333333333,0.3333333333333333,0.3333333333333333
2024-07-03 01:00:00+00:00,0.3333333333333333,0.3333333333333333,0.3333333333333333
2024-07-03 01:10:00+00:00,0.3333333333333333,0.3333333333333333,0.3333333333333333
2024-07-03 01:20:00+00:00,0.3333333333333333,0.3333333333333333,0.3333333333333333
2024-07-03 01:30:00+00:00,0.3333333333333333,0.3333333333333333,0.3333333333333333
2024-07-03 01:40:00+00:00,0.3333333333333333,0.3333333333333333,0.3333333333333333
2024-07-03 01:50:00+00:00,0.3333333333333333,0.3333333333333333,0.3333333333333333
2024-07-03 02:00:00+00:00,0.3333333333333333,0.3333333333333333,0.3333333333333333
2024-07-03 02:10:00+00:00,0.3333333333333333,0.3333333333333333,0.3333333333333333
2024-07-03 02:20:00+00:00,0.3333333333333333,0.3333333333333333,0.3333333333333333
2024-07-03 02:30:00+00:00,0.3333333333333333,0.3333333333333333,0.3333333333333333
2024-07-03 02:40:00+00:00,2.0,2.0,0.3333333333333333
2024-07-03 02:50:00+00:00,0.3333333333333333,0.3333333333333333,0.3333333333333333
2024-07-03 03:00:00+00:00,0.3333333333333333,0.3333333333333333,0.3333333333333333
2024-07-03 03:10:00+00:00,0.3333333333333333,0.3333333333333333,0.3333333333333333
2024-07-03 03:20:00+00:00,0.3333333333333333,0.3333333333333333,0.3333333333333333
2024-07-03 03:30:00+00:00,0.3333333333333333,0.3333333333333333,0.3333333333333333
2024-07-03 03:40:00+00:00,0.3333333333333333,0.3333333333333333,0.3333333333333333
2024-07-03 03:50:00+00:00,0.3333333333333333,0.3333333333333333,0.3333333333333333
2024-07-03 04:00:00+00:00,0.3333333333333333,0.3333333333333333,0.3333333333333333
2024-07-03 04:10:00+00:00,2.0,2.0,0.3333333333333333
2024-07-03 04:20:00+00:00,0.3333333333333333,0.3333333333333333,0.3333333333333333
2024-07-03 04:30:00+00:00,0.3333333333333333,0.3333333333333333,0.3333333333333333
2024-07-03 04:40:00+00:00,0.3333333333333333,0.3333333333333333,0.3333333333333333
2024-07-03 04:50:00+00:00,6.0,6.0,0.3333333333333333
2024-07-03 05:00:00+00:00,1076.0,1076.0,0.3333333333333333
2024-07-03 05:10:00+00:00,1002.0,1002.0,0.3333333333333333
2024-07-03 05:20:00+00:00,1454.0,1416.0,38.0
2024-07-03 05:30:00+00:00,952.0,952.0,0.3333333333333333
2024-07-03 05:40:00+00:00,1126.0,1126.0,0.3333333333333333
2024-07-03 05:50:00+00:00,1090.0,1090.0,0.3333333333333333
2024-07-03 06:00:00+00:00,1228.0,1228.0,0.3333333333333333
2024-07-03 06:10:00+00:00,1594.0,1594.0,0.3333333333333333
2024-07-03 06:20:00+00:00,446.0,446.0,0.3333333333333333
2024-07-03 06:30:00+00:00,1680.0,1680.0,0.3333333333333333
2024-07-03 06:40:00+00:00,1402.0,922.0,480.0
2024-07-03 06:50:00+00:00,1018.0,1018.0,0.3333333333333333
2024-07-03 07:00:00+00:00,1350.0,1350.0,0.3333333333333333
2024-07-03 07:10:00+00:00,450.0,450.0,0.3333333333333333
2024-07-03 07:20:00+00:00,96.0,38.0,58.0
2024-07-03 07:30:00+00:00,192.0,106.0,86.0
2024-07-03 07:40:00+00:00,0.3333333333333333,0.3333333333333333,0.3333333333333333
2024-07-03 07:50:00+00:00,54.0,54.0,0.3333333333333333
2024-07-03 08:00:00+00:00,92.0,18.0,74.0
2024-07-03 08:10:00+00:00,0.3333333333333333,0.3333333333333333,0.3333333333333333
2024-07-03 08:20:00+00:00,36.0,36.0,0.3333333333333333
2024-07-03 08:30:00+00:00,0.3333333333333333,0.3333333333333333,0.3333333333333333
2024-07-03 08:40:00+00:00,144.0,144.0,0.3333333333333333
2024-07-03 08:50:00+00:00,0.3333333333333333,0.3333333333333333,0.3333333333333333
2024-07-03 09:00:00+00:00,24.0,24.0,0.3333333333333333
2024-07-03 09:10:00+00:00,0.3333333333333333,0.3333333333333333,0.3333333333333333
2024-07-03 09:20:00+00:00,90.0,90.0,0.3333333333333333
2024-07-03 09:30:00+00:00,14.0,14.0,0.3333333333333333
2024-07-03 09:40:00+00:00,42.0,42.0,0.3333333333333333
2024-07-03 09:50:00+00:00,0.3333333333333333,0.3333333333333333,0.3333333333333333
2024-07-03 10:00:00+00:00,20.0,0.3333333333333333,20.0
2024-07-03 10:10:00+00:00,0.3333333333333333,0.3333333333333333,0.3333333333333333
2024-07-03 10:20:00+00:00,0.3333333333333333,0.3333333333333333,0.3333333333333333
2024-07-03 10:30:00+00:00,0.3333333333333333,0.3333333333333333,0.3333333333333333
2024-07-03 10:40:00+00:00,4.0,4.0,0.3333333333333333
2024-07-03 10:50:00+00:00,0.3333333333333333,0.3333333333333333,0.3333333333333333
2024-07-03 11:00:00+00:00,0.3333333333333333,0.3333333333333333,0.3333333333333333
2024-07-03 11:10:00+00:00,0.3333333333333333,0.3333333333333333,0.3333333333333333
2024-07-03 11:20:00+00:00,0.3333333333333333,0.3333333333333333,0.3333333333333333
2024-07-03 11:30:00+00:00,0.3333333333333333,0.3333333333333333,0.3333333333333333
2024-07-03 11:40:00+00:00,0.3333333333333333,0.3333333333333333,0.3333333333333333
2024-07-03 11:50:00+00:00,0.3333333333333333,0.3333333333333333,0.3333333333333333
2024-07-03 12:00:00+00:00,0.3333333333333333,0.3333333333333333,0.3333333333333333
2024-07-03 12:10:00+00:00,0.3333333333333333,0.3333333333333333,0.3333333333333333
2024-07-03 12:20:00+00:00,0.3333333333333333,0.3333333333333333,0.3333333333333333
2024-07-03 12:30:00+00:00,0.3333333333333333,0.3333333333333333,0.3333333333333333
2024-07-03 12:40:00+00:00,0.3333333333333333,0.3333333333333333,0.3333333333333333
2024-07-03 12:50:00+00:00,0.3333333333333333,0.3333333333333333,0.3333333333333333
2024-07-03 13:00:00+00:00,2.0,2.0,0.3333333333333333
2024-07-03 13:10:00+00:00,0.3333333333333333,0.3333333333333333,0.3333333333333333
2024-07-03 13:20:00+00:00,0.3333333333333333,0.3333333333333333,0.3333333333333333
2024-07-03 13:30:00+00:00,0.3333333333333333,0.3333333333333333,0.3333333333333333
2024-07-03 13:40:00+00:00,0.3333333333333333,0.3333333333333333,0.3333333333333333
2024-07-03 13:50:00+00:00,0.3333333333333333,0.3333333333333333,0.3333333333333333
2024-07-03 14:00:00+00:00,0.3333333333333333,0.3333333333333333,0.3333333333333333
2024-07-03 14:10:00+00:00,4.0,4.0,0.3333333333333333
2024-07-03 14:20:00+00:00,0.3333333333333333,0.3333333333333333,0.3333333333333333
2024-07-03 14:30:00+00:00,0.3333333333333333,0.3333333333333333,0.3333333333333333
2024-07-03 14:40:00+00:00,0.3333333333333333,0.3333333333333333,0.3333333333333333
2024-07-03 14:50:00+00:00,0.3333333333333333,0.3333333333333333,0.3333333333333333
2024-07-03 15:00:00+00:00,0.3333333333333333,0.3333333333333333,0.3333333333333333
2024-07-03 15:10:00+00:00,0.3333333333333333,0.3333333333333333,0.3333333333333333
2024-07-03 15:20:00+00:00,0.3333333333333333,0.3333333333333333,0.3333333333333333
2024-07-03 15:30:00+00:00,0.3333333333333333,0.3333333333333333,0.3333333333333333
2024-07-03 15:40:00+00:00,0.3333333333333333,0.3333333333333333,0.3333333333333333
2024-07-03 15:50:00+00:00,0.3333333333333333,0.3333333333333333,0.3333333333333333
2024-07-03 16:00:00+00:00,0.3333333333333333,0.3333333333333333,0.3333333333333333
2024-07-03 16:10:00+00:00,0.3333333333333333,0.3333333333333333,0.3333333333333333
2024-07-03 16:20:00+00:00,0.3333333333333333,0.3333333333333333,0.3333333333333333
2024-07-03 16:30:00+00:00,0.3333333333333333,0.3333333333333333,0.3333333333333333
2024-07-03 16:40:00+00:00,0.3333333333333333,0.3333333333333333,0.3333333333333333
2024-07-03 16:50:00+00:00,0.3333333333333333,0.3333333333333333,0.3333333333333333
2024-07-03 17:00:00+00:00,0.3333333333333333,0.3333333333333333,0.3333333333333333
2024-07-03 17:10:00+00:00,0.3333333333333333,0.3333333333333333,0.3333333333333333
2024-07-03 17:20:00+00:00,0.3333333333333333,0.3333333333333333,0.3333333333333333
2024-07-03 17:30:00+00:00,0.3333333333333333,0.3333333333333333,0.3333333333333333
2024-07-03 17:40:00+00:00,0.3333333333333333,0.3333333333333333,0.3333333333333333
2024-07-03 17:50:00+00:00,0.3333333333333333,0.3333333333333333,0.3333333333333333
2024-07-03 18:00:00+00:00,0.3333333333333333,0.3333333333333333,0.3333333333333333
2024-07-03 18:10:00+00:00,0.3333333333333333,0.3333333333333333,0.3333333333333333
2024-07-03 18:20:00+00:00,0.3333333333333333,0.3333333333333333,0.3333333333333333
2024-07-03 18:30:00+00:00,0.3333333333333333,0.3333333333333333,0.3333333333333333
2024-07-03 18:40:00+00:00,0.3333333333333333,0.3333333333333333,0.3333333333333333
2024-07-03 18:50:00+00:00,0.3333333333333333,0.3333333333333333,0.3333333333333333
2024-07-03 19:00:00+00:00,0.3333333333333333,0.3333333333333333,0.3333333333333333
2024-07-03 19:10:00+00:00,0.3333333333333333,0.3333333333333333,0.3333333333333333
2024-07-03 19:20:00+00:00,0.3333333333333333,0.3333333333333333,0.3333333333333333
2024-07-03 19:30:00+00:00,0.3333333333333333,0.3333333333333333,0.3333333333333333
2024-07-03 19:40:00+00:00,0.3333333333333333,0.3333333333333333,0.3333333333333333
2024-07-03 19:50:00+00:00,0.3333333333333333,0.3333333333333333,0.3333333333333333
2024-07-03 20:00:00+00:00,0.3333333333333333,0.3333333333333333,0.3333333333333333
2024-07-03 20:10:00+00:00,0.3333333333333333,0.3333333333333333,0.3333333333333333
2024-07-03 20:20:00+00:00,0.3333333333333333,0.3333333333333333,0.3333333333333333
2024-07-03 20:30:00+00:00,0.3333333333333333,0.3333333333333333,0.3333333333333333
2024-07-03 20:40:00+00:00,2.0,0.3333333333333333,2.0
2024-07-03 20:50:00+00:00,0.3333333333333333,0.3333333333333333,0.3333333333333333
2024-07-03 21:00:00+00:00,0.3333333333333333,0.3333333333333333,0.3333333333333333
2024-07-03 21:10:00+00:00,0.3333333333333333,0.3333333333333333,0.3333333333333333
2024-07-03 21:20:00+00:00,0.3333333333333333,0.3333333333333333,0.3333333333333333
2024-07-03 21:30:00+00:00,0.3333333333333333,0.3333333333333333,0.3333333333333333
2024-07-03 21:40:00+00:00,0.3333333333333333,0.3333333333333333,0.3333333333333333
2024-07-03 21:50:00+00:00,0.3333333333333333,0.3333333333333333,0.3333333333333333
2024-07-03 22:00:00+00:00,0.3333333333333333,0.3333333333333333,0.3333333333333333
2024-07-03 22:10:00+00:00,0.3333333333333333,0.3333333333333333,0.3333333333333333
2024-07-03 22:20:00+00:00,0.3333333333333333,0.3333333333333333,0.3333333333333333
2024-07-03 22:30:00+00:00,0.3333333333333333,0.3333333333333333,0.3333333333333333
2024-07-03 22:40:00+00:00,0.3333333333333333,0.3333333333333333,0.3333333333333333
2024-07-03 22:50:00+00:00,0.3333333333333333,0.3333333333333333,0.3333333333333333
2024-07-03 23:00:00+00:00,0.3333333333333333,0.3333333333333333,0.3333333333333333
2024-07-03 23:10:00+00:00,0.3333333333333333,0.3333333333333333,0.3333333333333333
2024-07-03 23:20:00+00:00,0.3333333333333333,0.3333333333333333,0.3333333333333333
2024-07-03 23:30:00+00:00,0.3333333333333333,0.3333333333333333,0.3333333333333333
2024-07-03 23:40:00+00:00,0.3333333333333333,0.3333333333333333,0.3333333333333333
2024-07-03 23:50:00+00:00,0.3333333333333333,0.3333333333333333,0.3333333333333333
2024-07-04 00:00:00+00:00,0.3333333333333333,0.3333333333333333,0.3333333333333333
2024-07-04 00:10:00+00:00,0.3333333333333333,0.3333333333333333,0.3333333333333333
2024-07-04 00:20:00+00:00,0.3333333333333333,0.3333333333333333,0.3333333333333333
2024-07-04 00:30:00+00:00,0.3333333333333333,0.3333333333333333,0.3333333333333333
2024-07-04 00:40:00+00:00,0.3333333333333333,0.3333333333333333,0.3333333333333333
2024-07-04 00:50:00+00:00,0.3333333333333333,0.3333333333333333,0.3333333333333333
2024-07-04 01:00:00+00:00,0.3333333333333333,0.3333333333333333,0.3333333333333333
2024-07-04 01:10:00+00:00,0.3333333333333333,0.3333333333333333,0.3333333333333333
2024-07-04 01:20:00+00:00,0.3333333333333333,0.3333333333333333,0.3333333333333333
2024-07-04 01:30:00+00:00,0.3333333333333333,0.3333333333333333,0.3333333333333333
2024-07-04 01:40:00+00:00,0.3333333333333333,0.3333333333333333,0.3333333333333333
2024-07-04 01:50:00+00:00,0.3333333333333333,0.3333333333333333,0.3333333333333333
2024-07-04 02:00:00+00:00,0.3333333333333333,0.3333333333333333,0.3333333333333333
2024-07-04 02:10:00+00:00,0.3333333333333333,0.3333333333333333,0.3333333333333333
2024-07-04 02:20:00+00:00,0.3333333333333333,0.3333333333333333,0.3333333333333333
2024-07-04 02:30:00+00:00,0.3333333333333333,0.3333333333333333,0.3333333333333333
2024-07-04 02:40:00+00:00,0.3333333333333333,0.3333333333333333,0.3333333333333333
2024-07-04 02:50:00+00:00,0.3333333333333333,0.3333333333333333,0.3333333333333333
2024-07-04 03:00:00+00:00,0.3333333333333333,0.3333333333333333,0.3333333333333333
2024-07-04 03:10:00+00:00,0.3333333333333333,0.3333333333333333,0.3333333333333333
2024-07-04 03:20:00+00:00,0.3333333333333333,0.3333333333333333,0.3333333333333333
2024-07-04 03:30:00+00:00,0.3333333333333333,0.3333333333333333,0.3333333333333333
2024-07-04 03:40:00+00:00,0.3333333333333333,0.3333333333333333,0.3333333333333333
2024-07-04 03:50:00+00:00,0.3333333333333333,0.3333333333333333,0.3333333333333333
2024-07-04 04:00:00+00:00,0.3333333333333333,0.3333333333333333,0.3333333333333333
2024-07-04 04:10:00+00:00,0.3333333333333333,0.3333333333333333,0.3333333333333333
2024-07-04 04:20:00+00:00,0.3333333333333333,0.3333333333333333,0.3333333333333333
2024-07-04 04:30:00+00:00,0.3333333333333333,0.3333333333333333,0.3333333333333333
2024-07-04 04:40:00+00:00,0.3333333333333333,0.3333333333333333,0.3333333333333333
2024-07-04 04:50:00+00:00,0.3333333333333333,0.3333333333333333,0.3333333333333333
2024-07-04 05:00:00+00:00,874.0,874.0,0.3333333333333333
2024-07-04 05:10:00+00:00,554.0,554.0,0.3333333333333333
2024-07-04 05:20:00+00:00,1062.0,1062.0,0.3333333333333333
2024-07-04 05:30:00+00:00,1456.0,1454.0,2.0
2024-07-04 05:40:00+00:00,1094.0,1094.0,0.3333333333333333
2024-07-04 05:50:00+00:00,1122.0,1122.0,0.3333333333333333
2024-07-04 06:00:00+00:00,1030.0,1030.0,0.3333333333333333
2024-07-04 06:10:00+00:00,1308.0,1308.0,0.3333333333333333
2024-07-04 06:20:00+00:00,1864.0,1864.0,0.3333333333333333
2024-07-04 06:30:00+00:00,1578.0,1558.0,20.0
2024-07-04 06:40:00+00:00,2386.0,2386.0,0.3333333333333333
2024-07-04 06:50:00+00:00,708.0,708.0,0.3333333333333333
2024-07-04 07:00:00+00:00,960.0,874.0,86.0
2024-07-04 07:10:00+00:00,3060.0,3060.0,0.3333333333333333
2024-07-04 07:20:00+00:00,3676.0,3676.0,0.3333333333333333
2024-07-04 07:30:00+00:00,3404.0,3404.0,0.3333333333333333
2024-07-04 07:40:00+00:00,1756.0,1756.0,0.3333333333333333
2024-07-04 07:50:00+00:00,1272.0,1272.0,0.3333333333333333
2024-07-04 08:00:00+00:00,816.0,816.0,0.3333333333333333
2024-07-04 08:10:00+00:00,782.0,782.0,0.3333333333333333
2024-07-04 08:20:00+00:00,160.0,160.0,0.3333333333333333
2024-07-04 08:30:00+00:00,270.0,270.0,0.3333333333333333
2024-07-04 08:40:00+00:00,710.0,710.0,0.3333333333333333
2024-07-04 08:50:00+00:00,424.0,424.0,0.3333333333333333
2024-07-04 09:00:00+00:00,542.0,542.0,0.3333333333333333
2024-07-04 09:10:00+00:00,184.0,184.0,0.3333333333333333
2024-07-04 09:20:00+00:00,110.0,110.0,0.3333333333333333
2024-07-04 09:30:00+00:00,648.0,648.0,0.3333333333333333
2024-07-04 09:40:00+00:00,912.0,912.0,0.3333333333333333
2024-07-04 09:50:00+00:00,416.0,416.0,0.3333333333333333
2024-07-04 10:00:00+00:00,460.0,460.0,0.3333333333333333
2024-07-04 10:10:00+00:00,246.0,246.0,0.3333333333333333
2024-07-04 10:20:00+00:00,0.3333333333333333,0.3333333333333333,0.3333333333333333
2024-07-04 10:30:00+00:00,0.3333333333333333,0.3333333333333333,0.3333333333333333
2024-07-04 10:40:00+00:00,0.3333333333333333,0.3333333333333333,0.3333333333333333
2024-07-04 10:50:00+00:00,38.0,38.0,0.3333333333333333
2024-07-04 11:00:00+00:00,0.3333333333333333,0.3333333333333333,0.3333333333333333
2024-07-04 11:10:00+00:00,0.3333333333333333,0.3333333333333333,0.3333333333333333
2024-07-04 11:20:00+00:00,0.3333333333333333,0.3333333333333333,0.3333333333333333
2024-07-04 11:30:00+00:00,0.3333333333333333,0.3333333333333333,0.3333333333333333
2024-07-04 11:40:00+00:00,0.3333333333333333,0.3333333333333333,0.3333333333333333
2024-07-04 11:50:00+00:00,0.3333333333333333,0.3333333333333333,0.3333333333333333
2024-07-04 12:00:00+00:00,0.3333333333333333,0.3333333333333333,0.3333333333333333
2024-07-04 12:10:00+00:00,0.3333333333333333,0.3333333333333333,0.3333333333333333
2024-07-04 12:20:00+00:00,2.0,2.0,0.3333333333333333
2024-07-04 12:30:00+00:00,0.3333333333333333,0.3333333333333333,0.3333333333333333
2024-07-04 12:40:00+00:00,0.3333333333333333,0.3333333333333333,0.3333333333333333
2024-07-04 12:50:00+00:00,0.3333333333333333,0.3333333333333333,0.3333333333333333
2024-07-04 13:00:00+00:00,0.3333333333333333,0.3333333333333333,0.3333333333333333
2024-07-04 13:10:00+00:00,0.3333333333333333,0.3333333333333333,0.3333333333333333
2024-07-04 13:20:00+00:00,0.3333333333333333,0.3333333333333333,0.3333333333333333
2024-07-04 13:30:00+00:00,0.3333333333333333,0.3333333333333333,0.3333333333333333
2024-07-04 13:40:00+00:00,0.3333333333333333,0.3333333333333333,0.3333333333333333
2024-07-04 13:50:00+00:00,0.3333333333333333,0.3333333333333333,0.3333333333333333
2024-07-04 14:00:00+00:00,0.3333333333333333,0.3333333333333333,0.3333333333333333
2024-07-04 14:10:00+00:00,0.3333333333333333,0.3333333333333333,0.3333333333333333
2024-07-04 14:20:00+00:00,0.3333333333333333,0.3333333333333333,0.3333333333333333
2024-07-04 14:30:00+00:00,0.3333333333333333,0.3333333333333333,0.3333333333333333
2024-07-04 14:40:00+00:00,0.3333333333333333,0.3333333333333333,0.3333333333333333
2024-07-04 14:50:00+00:00,0.3333333333333333,0.3333333333333333,0.3333333333333333
2024-07-04 15:00:00+00:00,0.3333333333333333,0.3333333333333333,0.3333333333333333
2024-07-04 15:10:00+00:00,0.3333333333333333,0.3333333333333333,0.3333333333333333
2024-07-04 15:20:00+00:00,0.3333333333333333,0.3333333333333333,0.3333333333333333
2024-07-04 15:30:00+00:00,0.3333333333333333,0.3333333333333333,0.3333333333333333
2024-07-04 15:40:00+00:00,0.3333333333333333,0.3333333333333333,0.3333333333333333
2024-07-04 15:50:00+00:00,0.3333333333333333,0.3333333333333333,0.3333333333333333
2024-07-04 16:00:00+00:00,0.3333333333333333,0.3333333333333333,0.3333333333333333
2024-07-04 16:10:00+00:00,0.3333333333333333,0.3333333333333333,0.3333333333333333
2024-07-04 16:20:00+00:00,0.3333333333333333,0.3333333333333333,0.3333333333333333
2024-07-04 16:30:00+00:00,0.3333333333333333,0.3333333333333333,0.3333333333333333
2024-07-04 16:40:00+00:00,0.3333333333333333,0.3333333333333333,0.3333333333333333
2024-07-04 16:50:00+00:00,0.3333333333333333,0.3333333333333333,0.3333333333333333
2024-07-04 17:00:00+00:00,0.3333333333333333,0.3333333333333333,0.3333333333333333
2024-07-04 17:10:00+00:00,0.3333333333333333,0.3333333333333333,0.3333333333333333
2024-07-04 17:20:00+00:00,0.3333333333333333,0.3333333333333333,0.3333333333333333
2024-07-04 17:30:00+00:00,0.3333333333333333,0.3333333333333333,0.3333333333333333
2024-07-04 17:40:00+00:00,0.3333333333333333,0.3333333333333333,0.3333333333333333
2024-07-04 17:50:00+00:00,0.3333333333333333,0.3333333333333333,0.3333333333333333
2024-07-04 18:00:00+00:00,0.3333333333333333,0.3333333333333333,0.3333333333333333
2024-07-04 18:10:00+00:00,0.3333333333333333,0.3333333333333333,0.3333333333333333
2024-07-04 18:20:00+00:00,0.3333333333333333,0.3333333333333333,0.3333333333333333
2024-07-04 18:30:00+00:00,0.3333333333333333,0.3333333333333333,0.3333333333333333
2024-07-04 18:40:00+00:00,0.3333333333333333,0.3333333333333333,0.3333333333333333
2024-07-04 18:50:00+00:00,0.3333333333333333,0.3333333333333333,0.3333333333333333
2024-07-04 19:00:00+00:00,0.3333333333333333,0.3333333333333333,0.3333333333333333
2024-07-04 19:10:00+00:00,0.3333333333333333,0.3333333333333333,0.3333333333333333
2024-07-04 19:20:00+00:00,0.3333333333333333,0.3333333333333333,0.3333333333333333
2024-07-04 19:30:00+00:00,0.3333333333333333,0.3333333333333333,0.3333333333333333
2024-07-04 19:40:00+00:00,0.3333333333333333,0.3333333333333333,0.3333333333333333
2024-07-04 19:50:00+00:00,0.3333333333333333,0.3333333333333333,0.3333333333333333
2024-07-04 20:00:00+00:00,0.3333333333333333,0.3333333333333333,0.3333333333333333
2024-07-04 20:10:00+00:00,0.3333333333333333,0.3333333333333333,0.3333333333333333
2024-07-04 20:20:00+00:00,0.3333333333333333,0.3333333333333333,0.3333333333333333
2024-07-04 20:30:00+00:00,0.3333333333333333,0.3333333333333333,0.3333333333333333
2024-07-04 20:40:00+00:00,0.3333333333333333,0.3333333333333333,0.3333333333333333
2024-07-04 20:50:00+00:00,0.3333333333333333,0.3333333333333333,0.3333333333333333
2024-07-04 21:00:00+00:00,0.3333333333333333,0.3333333333333333,0.3333333333333333
2024-07-04 21:10:00+00:00,0.3333333333333333,0.3333333333333333,0.3333333333333333
2024-07-04 21:20:00+00:00,0.3333333333333333,0.3333333333333333,0.3333333333333333
2024-07-04 21:30:00+00:00,0.3333333333333333,0.3333333333333333,0.3333333333333333
2024-07-04 21:40:00+00:00,0.3333333333333333,0.3333333333333333,0.3333333333333333
2024-07-04 21:50:00+00:00,0.3333333333333333,0.3333333333333333,0.3333333333333333
2024-07-04 22:00:00+00:00,0.3333333333333333,0.3333333333333333,0.3333333333333333
2024-07-04 22:10:00+00:00,0.3333333333333333,0.3333333333333333,0.3333333333333333
2024-07-04 22:20:00+00:00,0.3333333333333333,0.3333333333333333,0.3333333333333333
2024-07-04 22:30:00+00:00,0.3333333333333333,0.3333333333333333,0.3333333333333333
2024-07-04 22:40:00+00:00,0.3333333333333333,0.3333333333333333,0.3333333333333333
2024-07-04 22:50:00+00:00,0.3333333333333333,0.3333333333333333,0.3333333333333333
2024-07-04 23:00:00+00:00,2.0,2.0,0.3333333333333333
2024-07-04 23:10:00+00:00,2.0,0.3333333333333333,2.0
2024-07-04 23:20:00+00:00,0.3333333333333333,0.3333333333333333,0.3333333333333333
2024-07-04 23:30:00+00:00,0.3333333333333333,0.3333333333333333,0.3333333333333333
2024-07-04 23:40:00+00:00,0.3333333333333333,0.3333333333333333,0.3333333333333333
2024-07-04 23:50:00+00:00,0.3333333333333333,0.3333333333333333,0.3333333333333333
2024-07-05 00:00:00+00:00,0.3333333333333333,0.3333333333333333,0.3333333333333333
2024-07-05 00:10:00+00:00,0.3333333333333333,0.3333333333333333,0.3333333333333333
2024-07-05 00:20:00+00:00,0.3333333333333333,0.3333333333333333,0.3333333333333333
2024-07-05 00:30:00+00:00,0.3333333333333333,0.3333333333333333,0.3333333333333333
2024-07-05 00:40:00+00:00,0.3333333333333333,0.3333333333333333,0.3333333333333333
2024-07-05 00:50:00+00:00,0.3333333333333333,0.3333333333333333,0.3333333333333333
2024-07-05 01:00:00+00:00,0.3333333333333333,0.3333333333333333,0.3333333333333333
2024-07-05 01:10:00+00:00,0.3333333333333333,0.3333333333333333,0.3333333333333333
2024-07-05 01:20:00+00:00,0.3333333333333333,0.3333333333333333,0.3333333333333333
2024-07-05 01:30:00+00:00,0.3333333333333333,0.3333333333333333,0.3333333333333333
2024-07-05 01:40:00+00:00,0.3333333333333333,0.3333333333333333,0.3333333333333333
2024-07-05 01:50:00+00:00,0.3333333333333333,0.3333333333333333,0.3333333333333333
2024-07-05 02:00:00+00:00,0.3333333333333333,0.3333333333333333,0.3333333333333333
2024-07-05 02:10:00+00:00,0.3333333333333333,0.3333333333333333,0.3333333333333333
2024-07-05 02:20:00+00:00,0.3333333333333333,0.3333333333333333,0.3333333333333333
2024-07-05 02:30:00+00:00,0.3333333333333333,0.3333333333333333,0.3333333333333333
2024-07-05 02:40:00+00:00,0.3333333333333333,0.3333333333333333,0.3333333333333333
2024-07-05 02:50:00+00:00,0.3333333333333333,0.3333333333333333,0.3333333333333333
2024-07-05 03:00:00+00:00,0.3333333333333333,0.3333333333333333,0.3333333333333333
2024-07-05 03:10:00+00:00,0.3333333333333333,0.3333333333333333,0.3333333333333333
2024-07-05 03:20:00+00:00,0.3333333333333333,0.3333333333333333,0.3333333333333333
2024-07-05 03:30:00+00:00,0.3333333333333333,0.3333333333333333,0.3333333333333333
2024-07-05 03:40:00+00:00,0.3333333333333333,0.3333333333333333,0.3333333333333333
2024-07-05 03:50:00+00:00,0.3333333333333333,0.3333333333333333,0.3333333333333333
2024-07-05 04:00:00+00:00,0.3333333333333333,0.3333333333333333,0.3333333333333333
2024-07-05 04:10:00+00:00,0.3333333333333333,0.3333333333333333,0.3333333333333333
2024-07-05 04:20:00+00:00,0.3333333333333333,0.3333333333333333,0.3333333333333333
2024-07-05 04:30:00+00:00,0.3333333333333333,0.3333333333333333,0.3333333333333333
2024-07-05 04:40:00+00:00,0.3333333333333333,0.3333333333333333,0.3333333333333333
2024-07-05 04:50:00+00:00,0.3333333333333333,0.3333333333333333,0.3333333333333333
2024-07-05 05:00:00+00:00,208.0,208.0,0.3333333333333333
2024-07-05 05:10:00+00:00,830.0,830.0,0.3333333333333333
2024-07-05 05:20:00+00:00,480.0,480.0,0.3333333333333333
2024-07-05 05:30:00+00:00,1250.0,1250.0,0.3333333333333333
2024-07-05 05:40:00+00:00,1112.0,1094.0,18.0
2024-07-05 05:50:00+00:00,1492.0,1492.0,0.3333333333333333
2024-07-05 06:00:00+00:00,1912.0,1912.0,0.3333333333333333
2024-07-05 06:10:00+00:00,1962.0,1962.0,0.3333333333333333
2024-07-05 06:20:00+00:00,1606.0,1606.0,0.3333333333333333
2024-07-05 06:30:00+00:00,822.0,822.0,0.3333333333333333
2024-07-05 06:40:00+00:00,1730.0,1730.0,0.3333333333333333
2024-07-05 06:50:00+00:00,778.0,778.0,0.3333333333333333
2024-07-05 07:00:00+00:00,668.0,668.0,0.3333333333333333
2024-07-05 07:10:00+00:00,712.0,712.0,0.3333333333333333
2024-07-05 07:20:00+00:00,1816.0,1816.0,0.3333333333333333
2024-07-05 07:30:00+00:00,4198.0,4198.0,0.3333333333333333
2024-07-05 07:40:00+00:00,2226.0,2226.0,0.3333333333333333
2024-07-05 07:50:00+00:00,1336.0,1336.0,0.3333333333333333
2024-07-05 08:00:00+00:00,2362.0,2362.0,0.3333333333333333
2024-07-05 08:10:00+00:00,2916.0,2916.0,0.3333333333333333
2024-07-05 08:20:00+00:00,2782.0,2782.0,0.3333333333333333
2024-07-05 08:30:00+00:00,0.3333333333333333,0.3333333333333333,0.3333333333333333
2024-07-05 08:40:00+00:00,1094.0,1094.0,0.3333333333333333
2024-07-05 08:50:00+00:00,1418.0,1418.0,0.3333333333333333
2024-07-05 09:00:00+00:00,970.0,904.0,66.0
2024-07-05 09:10:00+00:00,172.0,172.0,0.3333333333333333
2024-07-05 09:20:00+00:00,394.0,394.0,0.3333333333333333
2024-07-05 09:30:00+00:00,608.0,608.0,0.3333333333333333
2024-07-05 09:40:00+00:00,1632.0,1632.0,0.3333333333333333
2024-07-05 09:50:00+00:00,968.0,968.0,0.3333333333333333
2024-07-05 10:00:00+00:00,1272.0,1272.0,0.3333333333333333
2024-07-05 10:10:00+00:00,1190.0,1190.0,0.3333333333333333
2024-07-05 10:20:00+00:00,1006.0,1006.0,0.3333333333333333
2024-07-05 10:30:00+00:00,1452.0,1452.0,0.3333333333333333
2024-07-05 10:40:00+00:00,1142.0,1142.0,0.3333333333333333
2024-07-05 10:50:00+00:00,864.0,864.0,0.3333333333333333
2024-07-05 11:00:00+00:00,84.0,84.0,0.3333333333333333
2024-07-05 11:10:00+00:00,558.0,558.0,0.3333333333333333
2024-07-05 11:20:00+00:00,32.0,32.0,0.3333333333333333
2024-07-05 11:30:00+00:00,14.0,14.0,0.3333333333333333
2024-07-05 11:40:00+00:00,0.3333333333333333,0.3333333333333333,0.3333333333333333
2024-07-05 11:50:00+00:00,0.3333333333333333,0.3333333333333333,0.3333333333333333
2024-07-05 12:00:00+00:00,0.3333333333333333,0.3333333333333333,0.3333333333333333
2024-07-05 12:10:00+00:00,0.3333333333333333,0.3333333333333333,0.3333333333333333
2024-07-05 12:20:00+00:00,0.3333333333333333,0.3333333333333333,0.3333333333333333
2024-07-05 12:30:00+00:00,0.3333333333333333,0.3333333333333333,0.3333333333333333
2024-07-05 12:40:00+00:00,0.3333333333333333,0.3333333333333333,0.3333333333333333
2024-07-05 12:50:00+00:00,0.3333333333333333,0.3333333333333333,0.3333333333333333
2024-07-05 13:00:00+00:00,0.3333333333333333,0.3333333333333333,0.3333333333333333
2024-07-05 13:10:00+00:00,0.3333333333333333,0.3333333333333333,0.3333333333333333
2024-07-05 13:20:00+00:00,0.3333333333333333,0.3333333333333333,0.3333333333333333
2024-07-05 13:30:00+00:00,0.3333333333333333,0.3333333333333333,0.3333333333333333
2024-07-05 13:40:00+00:00,0.3333333333333333,0.3333333333333333,0.3333333333333333
2024-07-05 13:50:00+00:00,0.3333333333333333,0.3333333333333333,0.3333333333333333
2024-07-05 14:00:00+00:00,0.3333333333333333,0.3333333333333333,0.3333333333333333
2024-07-05 14:10:00+00:00,0.3333333333333333,0.3333333333333333,0.3333333333333333
2024-07-05 14:20:00+00:00,0.3333333333333333,0.3333333333333333,0.3333333333333333
2024-07-05 14:30:00+00:00,0.3333333333333333,0.3333333333333333,0.3333333333333333
2024-07-05 14:40:00+00:00,0.3333333333333333,0.3333333333333333,0.3333333333333333
2024-07-05 14:50:00+00:00,0.3333333333333333,0.3333333333333333,0.3333333333333333
2024-07-05 15:00:00+00:00,0.3333333333333333,0.3333333333333333,0.3333333333333333
2024-07-05 15:10:00+00:00,0.3333333333333333,0.3333333333333333,0.3333333333333333
2024-07-05 15:20:00+00:00,0.3333333333333333,0.3333333333333333,0.3333333333333333
2024-07-05 15:30:00+00:00,0.3333333333333333,0.3333333333333333,0.3333333333333333
2024-07-05 15:40:00+00:00,0.3333333333333333,0.3333333333333333,0.3333333333333333
2024-07-05 15:50:00+00:00,0.3333333333333333,0.3333333333333333,0.3333333333333333
2024-07-05 16:00:00+00:00,0.3333333333333333,0.3333333333333333,0.3333333333333333
2024-07-05 16:10:00+00:00,0.3333333333333333,0.3333333333333333,0.3333333333333333
2024-07-05 16:20:00+00:00,0.3333333333333333,0.3333333333333333,0.3333333333333333
2024-07-05 16:30:00+00:00,0.3333333333333333,0.3333333333333333,0.3333333333333333
2024-07-05 16:40:00+00:00,0.3333333333333333,0.3333333333333333,0.3333333333333333
2024-07-05 16:50:00+00:00,0.3333333333333333,0.3333333333333333,0.3333333333333333
2024-07-05 17:00:00+00:00,0.3333333333333333,0.3333333333333333,0.3333333333333333
2024-07-05 17:10:00+00:00,0.3333333333333333,0.3333333333333333,0.3333333333333333
2024-07-05 17:20:00+00:00,0.3333333333333333,0.3333333333333333,0.3333333333333333
2024-07-05 17:30:00+00:00,0.3333333333333333,0.3333333333333333,0.3333333333333333
2024-07-05 17:40:00+00:00,0.3333333333333333,0.3333333333333333,0.3333333333333333
2024-07-05 17:50:00+00:00,0.3333333333333333,0.3333333333333333,0.3333333333333333
2024-07-05 18:00:00+00:00,0.3333333333333333,0.3333333333333333,0.3333333333333333
2024-07-05 18:10:00+00:00,0.3333333333333333,0.3333333333333333,0.3333333333333333
2024-07-05 18:20:00+00:00,0.3333333333333333,0.3333333333333333,0.3333333333333333
2024-07-05 18:30:00+00:00,0.3333333333333333,0.3333333333333333,0.3333333333333333
2024-07-05 18:40:00+00:00,0.3333333333333333,0.3333333333333333,0.3333333333333333
2024-07-05 18:50:00+00:00,0.3333333333333333,0.3333333333333333,0.3333333333333333
2024-07-05 19:00:00+00:00,0.3333333333333333,0.3333333333333333,0.3333333333333333
2024-07-05 19:10:00+00:00,0.3333333333333333,0.3333333333333333,0.3333333333333333
2024-07-05 19:20:00+00:00,0.3333333333333333,0.3333333333333333,0.3333333333333333
2024-07-05 19:30:00+00:00,0.3333333333333333,0.3333333333333333,0.3333333333333333
2024-07-05 19:40:00+00:00,0.3333333333333333,0.3333333333333333,0.3333333333333333
2024-07-05 19:50:00+00:00,0.3333333333333333,0.3333333333333333,0.3333333333333333
2024-07-05 20:00:00+00:00,0.3333333333333333,0.3333333333333333,0.3333333333333333
2024-07-05 20:10:00+00:00,0.3333333333333333,0.3333333333333333,0.3333333333333333
2024-07-05 20:20:00+00:00,0.3333333333333333,0.3333333333333333,0.3333333333333333
2024-07-05 20:30:00+00:00,0.3333333333333333,0.3333333333333333,0.3333333333333333
2024-07-05 20:40:00+00:00,0.3333333333333333,0.3333333333333333,0.3333333333333333
2024-07-05 20:50:00+00:00,0.3333333333333333,0.3333333333333333,0.3333333333333333
2024-07-05 21:00:00+00:00,0.3333333333333333,0.3333333333333333,0.3333333333333333
2024-07-05 21:10:00+00:00,0.3333333333333333,0.3333333333333333,0.3333333333333333
2024-07-05 21:20:00+00:00,0.3333333333333333,0.3333333333333333,0.3333333333333333
2024-07-05 21:30:00+00:00,0.3333333333333333,0.3333333333333333,0.3333333333333333
2024-07-05 21:40:00+00:00,0.3333333333333333,0.3333333333333333,0.3333333333333333
2024-07-05 21:50:00+00:00,0.3333333333333333,0.3333333333333333,0.3333333333333333
2024-07-05 22:00:00+00:00,0.3333333333333333,0.3333333333333333,0.3333333333333333
2024-07-05 22:10:00+00:00,0.3333333333333333,0.3333333333333333,0.3333333333333333
2024-07-05 22:20:00+00:00,0.3333333333333333,0.3333333333333333,0.3333333333333333
2024-07-05 22:30:00+00:00,0.3333333333333333,0.3333333333333333,0.3333333333333333
2024-07-05 22:40:00+00:00,0.3333333333333333,0.3333333333333333,0.3333333333333333
2024-07-05 22:50:00+00:00,0.3333333333333333,0.3333333333333333,0.3333333333333333
2024-07-05 23:00:00+00:00,0.3333333333333333,0.3333333333333333,0.3333333333333333
2024-07-05 23:10:00+00:00,0.3333333333333333,0.3333333333333333,0.3333333333333333
2024-07-05 23:20:00+00:00,0.3333333333333333,0.3333333333333333,0.3333333333333333
2024-07-05 23:30:00+00:00,0.3333333333333333,0.3333333333333333,0.3333333333333333
2024-07-05 23:40:00+00:00,0.3333333333333333,0.3333333333333333,0.3333333333333333
2024-07-05 23:50:00+00:00,0.3333333333333333,0.3333333333333333,0.3333333333333333
2024-07-06 00:00:00+00:00,2.0,2.0,0.3333333333333333
2024-07-06 00:10:00+00:00,0.3333333333333333,0.3333333333333333,0.3333333333333333
2024-07-06 00:20:00+00:00,0.3333333333333333,0.3333333333333333,0.3333333333333333
2024-07-06 00:30:00+00:00,0.3333333333333333,0.3333333333333333,0.3333333333333333
2024-07-06 00:40:00+00:00,0.3333333333333333,0.3333333333333333,0.3333333333333333
2024-07-06 00:50:00+00:00,0.3333333333333333,0.3333333333333333,0.3333333333333333
2024-07-06 01:00:00+00:00,0.3333333333333333,0.3333333333333333,0.3333333333333333
2024-07-06 01:10:00+00:00,0.3333333333333333,0.3333333333333333,0.3333333333333333
2024-07-06 01:20:00+00:00,0.3333333333333333,0.3333333333333333,0.3333333333333333
2024-07-06 01:30:00+00:00,2.0,0.3333333333333333,2.0
2024-07-06 01:40:00+00:00,0.3333333333333333,0.3333333333333333,0.3333333333333333
2024-07-06 01:50:00+00:00,0.3333333333333333,0.3333333333333333,0.3333333333333333
2024-07-06 02:00:00+00:00,0.3333333333333333,0.3333333333333333,0.3333333333333333
2024-07-06 02:10:00+00:00,0.3333333333333333,0.3333333333333333,0.3333333333333333
2024-07-06 02:20:00+00:00,0.3333333333333333,0.3333333333333333,0.3333333333333333
2024-07-06 02:30:00+00:00,0.3333333333333333,0.3333333333333333,0.3333333333333333
2024-07-06 02:40:00+00:00,0.3333333333333333,0.3333333333333333,0.3333333333333333
2024-07-06 02:50:00+00:00,0.3333333333333333,0.3333333333333333,0.3333333333333333
2024-07-06 03:00:00+00:00,0.3333333333333333,0.3333333333333333,0.3333333333333333
2024-07-06 03:10:00+00:00,0.3333333333333333,0.3333333333333333,0.3333333333333333
2024-07-06 03:20:00+00:00,0.3333333333333333,0.3333333333333333,0.3333333333333333
2024-07-06 03:30:00+00:00,0.3333333333333333,0.3333333333333333,0.3333333333333333
2024-07-06 03:40:00+00:00,0.3333333333333333,0.3333333333333333,0.3333333333333333
2024-07-06 03:50:00+00:00,0.3333333333333333,0.3333333333333333,0.3333333333333333
2024-07-06 04:00:00+00:00,0.3333333333333333,0.3333333333333333,0.3333333333333333
2024-07-06 04:10:00+00:00,0.3333333333333333,0.3333333333333333,0.3333333333333333
2024-07-06 04:20:00+00:00,0.3333333333333333,0.3333333333333333,0.3333333333333333
2024-07-06 04:30:00+00:00,0.3333333333333333,0.3333333333333333,0.3333333333333333
2024-07-06 04:40:00+00:00,0.3333333333333333,0.3333333333333333,0.3333333333333333
2024-07-06 04:50:00+00:00,0.3333333333333333,0.3333333333333333,0.3333333333333333
2024-07-06 05:00:00+00:00,682.0,682.0,0.3333333333333333
2024-07-06 05:10:00+00:00,1200.0,1200.0,0.3333333333333333
2024-07-06 05:20:00+00:00,2532.0,2532.0,0.3333333333333333
2024-07-06 05:30:00+00:00,1008.0,1008.0,0.3333333333333333
2024-07-06 05:40:00+00:00,740.0,740.0,0.3333333333333333
2024-07-06 05:50:00+00:00,1112.0,1098.0,14.0
2024-07-06 06:00:00+00:00,1148.0,1148.0,0.3333333333333333
2024-07-06 06:10:00+00:00,282.0,282.0,0.3333333333333333
2024-07-06 06:20:00+00:00,1294.0,1294.0,0.3333333333333333
2024-07-06 06:30:00+00:00,1550.0,1550.0,0.3333333333333333
2024-07-06 06:40:00+00:00,1606.0,1606.0,0.3333333333333333
2024-07-06 06:50:00+00:00,1290.0,1288.0,2.0
2024-07-06 07:00:00+00:00,946.0,944.0,2.0
2024-07-06 07:10:00+00:00,644.0,644.0,0.3333333333333333
2024-07-06 07:20:00+00:00,126.0,98.0,28.0
2024-07-06 07:30:00+00:00,542.0,542.0,0.3333333333333333
2024-07-06 07:40:00+00:00,1246.0,1246.0,0.3333333333333333
2024-07-06 07:50:00+00:00,1252.0,1252.0,0.3333333333333333
2024-07-06 08:00:00+00:00,1134.0,1134.0,0.3333333333333333
2024-07-06 08:10:00+00:00,1624.0,1624.0,0.3333333333333333
2024-07-06 08:20:00+00:00,1238.0,1238.0,0.3333333333333333
2024-07-06 08:30:00+00:00,1758.0,1758.0,0.3333333333333333
2024-07-06 08:40:00+00:00,1638.0,1638.0,0.3333333333333333
2024-07-06 08:50:00+00:00,1796.0,1796.0,0.3333333333333333
2024-07-06 09:00:00+00:00,1536.0,1536.0,0.3333333333333333
2024-07-06 09:10:00+00:00,1784.0,1784.0,0.3333333333333333
2024-07-06 09:20:00+00:00,260.0,260.0,0.3333333333333333
2024-07-06 09:30:00+00:00,272.0,256.0,16.0
2024-07-06 09:40:00+00:00,914.0,914.0,0.3333333333333333
2024-07-06 09:50:00+00:00,1030.0,1030.0,0.3333333333333333
2024-07-06 10:00:00+00:00,896.0,896.0,0.3333333333333333
2024-07-06 10:10:00+00:00,996.0,996.0,0.3333333333333333
2024-07-06 10:20:00+00:00,1098.0,1098.0,0.3333333333333333
2024-07-06 10:30:00+00:00,384.0,384.0,0.3333333333333333
2024-07-06 10:40:00+00:00,884.0,884.0,0.3333333333333333
2024-07-06 10:50:00+00:00,716.0,716.0,0.3333333333333333
2024-07-06 11:00:00+00:00,0.3333333333333333,0.3333333333333333,0.3333333333333333
2024-07-06 11:10:00+00:00,0.3333333333333333,0.3333333333333333,0.3333333333333333
2024-07-06 11:20:00+00:00,0.3333333333333333,0.3333333333333333,0.3333333333333333
2024-07-06 11:30:00+00:00,0.3333333333333333,0.3333333333333333,0.3333333333333333
2024-07-06 11:40:00+00:00,0.3333333333333333,0.3333333333333333,0.3333333333333333
2024-07-06 11:50:00+00:00,0.3333333333333333,0.3333333333333333,0.3333333333333333
2024-07-06 12:00:00+00:00,0.3333333333333333,0.3333333333333333,0.3333333333333333
2024-07-06 12:10:00+00:00,0.3333333333333333,0.3333333333333333,0.3333333333333333
2024-07-06 12:20:00+00:00,0.3333333333333333,0.3333333333333333,0.3333333333333333
2024-07-06 12:30:00+00:00,0.3333333333333333,0.3333333333333333,0.3333333333333333
2024-07-06 12:40:00+00:00,0.3333333333333333,0.3333333333333333,0.3333333333333333
2024-07-06 12:50:00+00:00,0.3333333333333333,0.3333333333333333,0.3333333333333333
2024-07-06 13:00:00+00:00,0.3333333333333333,0.3333333333333333,0.3333333333333333
2024-07-06 13:10:00+00:00,2.0,2.0,0.3333333333333333
2024-07-06 13:20:00+00:00,0.3333333333333333,0.3333333333333333,0.3333333333333333
2024-07-06 13:30:00+00:00,0.3333333333333333,0.3333333333333333,0.3333333333333333
2024-07-06 13:40:00+00:00,0.3333333333333333,0.3333333333333333,0.3333333333333333
2024-07-06 13:50:00+00:00,0.3333333333333333,0.3333333333333333,0.3333333333333333
2024-07-06 14:00:00+00:00,0.3333333333333333,0.3333333333333333,0.3333333333333333
2024-07-06 14:10:00+00:00,0.3333333333333333,0.3333333333333333,0.3333333333333333
2024-07-06 14:20:00+00:00,0.3333333333333333,0.3333333333333333,0.3333333333333333
2024-07-06 14:30:00+00:00,0.3333333333333333,0.3333333333333333,0.3333333333333333
2024-07-06 14:40:00+00:00,0.3333333333333333,0.3333333333333333,0.3333333333333333
2024-07-06 14:50:00+00:00,0.3333333333333333,0.3333333333333333,0.3333333333333333
2024-07-06 15:00:00+00:00,0.3333333333333333,0.3333333333333333,0.3333333333333333
2024-07-06 15:10:00+00:00,0.3333333333333333,0.3333333333333333,0.3333333333333333
2024-07-06 15:20:00+00:00,0.3333333333333333,0.3333333333333333,0.3333333333333333
2024-07-06 15:30:00+00:00,0.3333333333333333,0.3333333333333333,0.3333333333333333
2024-07-06 15:40:00+00:00,0.3333333333333333,0.3333333333333333,0.3333333333333333
2024-07-06 15:50:00+00:00,0.3333333333333333,0.3333333333333333,0.3333333333333333
2024-07-06 16:00:00+00:00,0.3333333333333333,0.3333333333333333,0.3333333333333333
2024-07-06 16:10:00+00:00,0.3333333333333333,0.3333333333333333,0.3333333333333333
2024-07-06 16:20:00+00:00,0.3333333333333333,0.3333333333333333,0.3333333333333333
2024-07-06 16:30:00+00:00,0.3333333333333333,0.3333333333333333,0.3333333333333333
2024-07-06 16:40:00+00:00,0.3333333333333333,0.3333333333333333,0.3333333333333333
2024-07-06 16:50:00+00:00,0.3333333333333333,0.3333333333333333,0.3333333333333333
2024-07-06 17:00:00+00:00,0.3333333333333333,0.3333333333333333,0.3333333333333333
2024-07-06 17:10:00+00:00,6.0,6.0,0.3333333333333333
2024-07-06 17:20:00+00:00,0.3333333333333333,0.3333333333333333,0.3333333333333333
2024-07-06 17:30:00+00:00,2.0,2.0,0.3333333333333333
2024-07-06 17:40:00+00:00,0.3333333333333333,0.3333333333333333,0.3333333333333333
2024-07-06 17:50:00+00:00,0.3333333333333333,0.3333333333333333,0.3333333333333333
2024-07-06 18:00:00+00:00,2.0,2.0,0.3333333333333333
2024-07-06 18:10:00+00:00,0.3333333333333333,0.3333333333333333,0.3333333333333333
2024-07-06 18:20:00+00:00,0.3333333333333333,0.3333333333333333,0.3333333333333333
2024-07-06 18:30:00+00:00,0.3333333333333333,0.3333333333333333,0.3333333333333333
2024-07-06 18:40:00+00:00,0.3333333333333333,0.3333333333333333,0.3333333333333333
2024-07-06 18:50:00+00:00,0.3333333333333333,0.3333333333333333,0.3333333333333333
2024-07-06 19:00:00+00:00,0.3333333333333333,0.3333333333333333,0.3333333333333333
2024-07-06 19:10:00+00:00,0.3333333333333333,0.3333333333333333,0.3333333333333333
2024-07-06 19:20:00+00:00,2.0,2.0,0.3333333333333333
2024-07-06 19:30:00+00:00,0.3333333333333333,0.3333333333333333,0.3333333333333333
2024-07-06 19:40:00+00:00,0.3333333333333333,0.3333333333333333,0.3333333333333333
2024-07-06 19:50:00+00:00,2.0,2.0,0.3333333333333333
2024-07-06 20:00:00+00:00,0.3333333333333333,0.3333333333333333,0.3333333333333333
2024-07-06 20:10:00+00:00,0.3333333333333333,0.3333333333333333,0.3333333333333333
2024-07-06 20:20:00+00:00,0.3333333333333333,0.3333333333333333,0.3333333333333333
2024-07-06 20:30:00+00:00,0.3333333333333333,0.3333333333333333,0.3333333333333333
2024-07-06 20:40:00+00:00,0.3333333333333333,0.3333333333333333,0.3333333333333333
2024-07-06 20:50:00+00:00,0.3333333333333333,0.3333333333333333,0.3333333333333333
2024-07-06 21:00:00+00:00,0.3333333333333333,0.3333333333333333,0.3333333333333333
2024-07-06 21:10:00+00:00,0.3333333333333333,0.3333333333333333,0.3333333333333333
2024-07-06 21:20:00+00:00,0.3333333333333333,0.3333333333333333,0.3333333333333333
2024-07-06 21:30:00+00:00,0.3333333333333333,0.3333333333333333,0.3333333333333333
2024-07-06 21:40:00+00:00,0.3333333333333333,0.3333333333333333,0.3333333333333333
2024-07-06 21:50:00+00:00,0.3333333333333333,0.3333333333333333,0.3333333333333333
2024-07-06 22:00:00+00:00,0.3333333333333333,0.3333333333333333,0.3333333333333333
2024-07-06 22:10:00+00:00,0.3333333333333333,0.3333333333333333,0.3333333333333333
2024-07-06 22:20:00+00:00,0.3333333333333333,0.3333333333333333,0.3333333333333333
2024-07-06 22:30:00+00:00,0.3333333333333333,0.3333333333333333,0.3333333333333333
2024-07-06 22:40:00+00:00,0.3333333333333333,0.3333333333333333,0.3333333333333333
2024-07-06 22:50:00+00:00,0.3333333333333333,0.3333333333333333,0.3333333333333333
2024-07-06 23:00:00+00:00,0.3333333333333333,0.3333333333333333,0.3333333333333333
2024-07-06 23:10:00+00:00,0.3333333333333333,0.3333333333333333,0.3333333333333333
2024-07-06 23:20:00+00:00,0.3333333333333333,0.3333333333333333,0.3333333333333333
2024-07-06 23:30:00+00:00,0.3333333333333333,0.3333333333333333,0.3333333333333333
2024-07-06 23:40:00+00:00,0.3333333333333333,0.3333333333333333,0.3333333333333333
2024-07-06 23:50:00+00:00,0.3333333333333333,0.3333333333333333,0.3333333333333333
2024-07-07 00:00:00+00:00,0.3333333333333333,0.3333333333333333,0.3333333333333333
2024-07-07 00:10:00+00:00,0.3333333333333333,0.3333333333333333,0.3333333333333333
2024-07-07 00:20:00+00:00,2.0,2.0,0.3333333333333333
2024-07-07 00:30:00+00:00,0.3333333333333333,0.3333333333333333,0.3333333333333333
2024-07-07 00:40:00+00:00,0.3333333333333333,0.3333333333333333,0.3333333333333333
2024-07-07 00:50:00+00:00,0.3333333333333333,0.3333333333333333,0.3333333333333333
2024-07-07 01:00:00+00:00,0.3333333333333333,0.3333333333333333,0.3333333333333333
2024-07-07 01:10:00+00:00,0.3333333333333333,0.3333333333333333,0.3333333333333333
2024-07-07 01:20:00+00:00,0.3333333333333333,0.3333333333333333,0.3333333333333333
2024-07-07 01:30:00+00:00,0.3333333333333333,0.3333333333333333,0.3333333333333333
2024-07-07 01:40:00+00:00,0.3333333333333333,0.3333333333333333,0.3333333333333333
2024-07-07 01:50:00+00:00,0.3333333333333333,0.3333333333333333,0.3333333333333333
2024-07-07 02:00:00+00:00,0.3333333333333333,0.3333333333333333,0.3333333333333333
2024-07-07 02:10:00+00:00,0.3333333333333333,0.3333333333333333,0.3333333333333333
2024-07-07 02:20:00+00:00,0.3333333333333333,0.3333333333333333,0.3333333333333333
2024-07-07 02:30:00+00:00,0.3333333333333333,0.3333333333333333,0.3333333333333333
2024-07-07 02:40:00+00:00,0.3333333333333333,0.3333333333333333,0.3333333333333333
2024-07-07 02:50:00+00:00,2.0,2.0,0.3333333333333333
2024-07-07 03:00:00+00:00,0.3333333333333333,0.3333333333333333,0.3333333333333333
2024-07-07 03:10:00+00:00,0.3333333333333333,0.3333333333333333,0.3333333333333333
2024-07-07 03:20:00+00:00,2.0,2.0,0.3333333333333333
2024-07-07 03:30:00+00:00,0.3333333333333333,0.3333333333333333,0.3333333333333333
2024-07-07 03:40:00+00:00,0.3333333333333333,0.3333333333333333,0.3333333333333333
2024-07-07 03:50:00+00:00,0.3333333333333333,0.3333333333333333,0.3333333333333333
2024-07-07 04:00:00+00:00,0.3333333333333333,0.3333333333333333,0.3333333333333333
2024-07-07 04:10:00+00:00,0.3333333333333333,0.3333333333333333,0.3333333333333333
2024-07-07 04:20:00+00:00,0.3333333333333333,0.3333333333333333,0.3333333333333333
2024-07-07 04:30:00+00:00,0.3333333333333333,0.3333333333333333,0.3333333333333333
2024-07-07 04:40:00+00:00,0.3333333333333333,0.3333333333333333,0.3333333333333333
2024-07-07 04:50:00+00:00,0.3333333333333333,0.3333333333333333,0.3333333333333333
2024-07-07 05:00:00+00:00,0.3333333333333333,0.3333333333333333,0.3333333333333333
2024-07-07 05:10:00+00:00,320.0,320.0,0.3333333333333333
2024-07-07 05:20:00+00:00,1670.0,1638.0,32.0
2024-07-07 05:30:00+00:00,2002.0,2002.0,0.3333333333333333
2024-07-07 05:40:00+00:00,1084.0,1084.0,0.3333333333333333
2024-07-07 05:50:00+00:00,1654.0,1654.0,0.3333333333333333
2024-07-07 06:00:00+00:00,1242.0,1242.0,0.3333333333333333
2024-07-07 06:10:00+00:00,38.0,38.0,0.3333333333333333
2024-07-07 06:20:00+00:00,312.0,228.0,84.0
2024-07-07 06:30:00+00:00,54.0,0.3333333333333333,54.0
2024-07-07 06:40:00+00:00,16.0,16.0,0.3333333333333333
2024-07-07 06:50:00+00:00,4.0,4.0,0.3333333333333333
2024-07-07 07:00:00+00:00,482.0,482.0,0.3333333333333333
2024-07-07 07:10:00+00:00,1034.0,1034.0,0.3333333333333333
2024-07-07 07:20:00+00:00,780.0,780.0,0.3333333333333333
2024-07-07 07:30:00+00:00,762.0,762.0,0.3333333333333333
2024-07-07 07:40:00+00:00,0.3333333333333333,0.3333333333333333,0.3333333333333333
2024-07-07 07:50:00+00:00,0.3333333333333333,0.3333333333333333,0.3333333333333333
2024-07-07 08:00:00+00:00,174.0,154.0,20.0
2024-07-07 08:10:00+00:00,1296.0,1296.0,0.3333333333333333
2024-07-07 08:20:00+00:00,1384.0,1384.0,0.3333333333333333
2024-07-07 08:30:00+00:00,1318.0,1318.0,0.3333333333333333
2024-07-07 08:40:00+00:00,1622.0,1622.0,0.3333333333333333
2024-07-07 08:50:00+00:00,1754.0,1754.0,0.3333333333333333
2024-07-07 09:00:00+00:00,1210.0,1210.0,0.3333333333333333
2024-07-07 09:10:00+00:00,1464.0,1464.0,0.3333333333333333
2024-07-07 09:20:00+00:00,222.0,222.0,0.3333333333333333
2024-07-07 09:30:00+00:00,32.0,32.0,0.3333333333333333
2024-07-07 09:40:00+00:00,162.0,162.0,0.3333333333333333
2024-07-07 09:50:00+00:00,1264.0,1264.0,0.3333333333333333
2024-07-07 10:00:00+00:00,1522.0,1522.0,0.3333333333333333
2024-07-07 10:10:00+00:00,1278.0,1278.0,0.3333333333333333
2024-07-07 10:20:00+00:00,1172.0,1172.0,0.3333333333333333
2024-07-07 10:30:00+00:00,1094.0,1094.0,0.3333333333333333
2024-07-07 10:40:00+00:00,12.0,12.0,0.3333333333333333
2024-07-07 10:50:00+00:00,0.3333333333333333,0.3333333333333333,0.3333333333333333
2024-07-07 11:00:00+00:00,0.3333333333333333,0.3333333333333333,0.3333333333333333
2024-07-07 11:10:00+00:00,4.0,0.3333333333333333,4.0
2024-07-07 11:20:00+00:00,0.3333333333333333,0.3333333333333333,0.3333333333333333
2024-07-07 11:30:00+00:00,0.3333333333333333,0.3333333333333333,0.3333333333333333
2024-07-07 11:40:00+00:00,0.3333333333333333,0.3333333333333333,0.3333333333333333
2024-07-07 11:50:00+00:00,0.3333333333333333,0.3333333333333333,0.3333333333333333
2024-07-07 12:00:00+00:00,0.3333333333333333,0.3333333333333333,0.3333333333333333
2024-07-07 12:10:00+00:00,0.3333333333333333,0.3333333333333333,0.3333333333333333
2024-07-07 12:20:00+00:00,0.3333333333333333,0.3333333333333333,0.3333333333333333
2024-07-07 12:30:00+00:00,0.3333333333333333,0.3333333333333333,0.3333333333333333
2024-07-07 12:40:00+00:00,0.3333333333333333,0.3333333333333333,0.3333333333333333
2024-07-07 12:50:00+00:00,0.3333333333333333,0.3333333333333333,0.3333333333333333
2024-07-07 13:00:00+00:00,0.3333333333333333,0.3333333333333333,0.3333333333333333
2024-07-07 13:10:00+00:00,0.3333333333333333,0.3333333333333333,0.3333333333333333
2024-07-07 13:20:00+00:00,0.3333333333333333,0.3333333333333333,0.3333333333333333
2024-07-07 13:30:00+00:00,0.3333333333333333,0.3333333333333333,0.3333333333333333
2024-07-07 13:40:00+00:00,0.3333333333333333,0.3333333333333333,0.3333333333333333
2024-07-07 13:50:00+00:00,2.0,2.0,0.3333333333333333
2024-07-07 14:00:00+00:00,2.0,2.0,0.3333333333333333
2024-07-07 14:10:00+00:00,0.3333333333333333,0.3333333333333333,0.3333333333333333
2024-07-07 14:20:00+00:00,2.0,2.0,0.3333333333333333
2024-07-07 14:30:00+00:00,0.3333333333333333,0.3333333333333333,0.3333333333333333
2024-07-07 14:40:00+00:00,0.3333333333333333,0.3333333333333333,0.3333333333333333
2024-07-07 14:50:00+00:00,2.0,2.0,0.3333333333333333
2024-07-07 15:00:00+00:00,4.0,4.0,0.3333333333333333
2024-07-07 15:10:00+00:00,0.3333333333333333,0.3333333333333333,0.3333333333333333
2024-07-07 15:20:00+00:00,0.3333333333333333,0.3333333333333333,0.3333333333333333
2024-07-07 15:30:00+00:00,0.3333333333333333,0.3333333333333333,0.3333333333333333
2024-07-07 15:40:00+00:00,0.3333333333333333,0.3333333333333333,0.3333333333333333
2024-07-07 15:50:00+00:00,0.3333333333333333,0.3333333333333333,0.3333333333333333
2024-07-07 16:00:00+00:00,0.3333333333333333,0.3333333333333333,0.3333333333333333
2024-07-07 16:10:00+00:00,0.3333333333333333,0.3333333333333333,0.3333333333333333
2024-07-07 16:20:00+00:00,0.3333333333333333,0.3333333333333333,0.3333333333333333
2024-07-07 16:30:00+00:00,0.3333333333333333,0.3333333333333333,0.3333333333333333
2024-07-07 16:40:00+00:00,0.3333333333333333,0.3333333333333333,0.3333333333333333
2024-07-07 16:50:00+00:00,0.3333333333333333,0.3333333333333333,0.3333333333333333
2024-07-07 17:00:00+00:00,0.3333333333333333,0.3333333333333333,0.3333333333333333
2024-07-07 17:10:00+00:00,0.3333333333333333,0.3333333333333333,0.3333333333333333
2024-07-07 17:20:00+00:00,0.3333333333333333,0.3333333333333333,0.3333333333333333
2024-07-07 17:30:00+00:00,0.3333333333333333,0.3333333333333333,0.3333333333333333
2024-07-07 17:40:00+00:00,0.3333333333333333,0.3333333333333333,0.3333333333333333
2024-07-07 17:50:00+00:00,0.3333333333333333,0.3333333333333333,0.3333333333333333
2024-07-07 18:00:00+00:00,0.3333333333333333,0.3333333333333333,0.3333333333333333
2024-07-07 18:10:00+00:00,0.3333333333333333,0.3333333333333333,0.3333333333333333
2024-07-07 18:20:00+00:00,0.3333333333333333,0.3333333333333333,0.3333333333333333
2024-07-07 18:30:00+00:00,0.3333333333333333,0.3333333333333333,0.3333333333333333
2024-07-07 18:40:00+00:00,0.3333333333333333,0.3333333333333333,0.3333333333333333
2024-07-07 18:50:00+00:00,0.3333333333333333,0.3333333333333333,0.3333333333333333
2024-07-07 19:00:00+00:00,0.3333333333333333,0.3333333333333333,0.3333333333333333
2024-07-07 19:10:00+00:00,0.3333333333333333,0.3333333333333333,0.3333333333333333
2024-07-07 19:20:00+00:00,0.3333333333333333,0.3333333333333333,0.3333333333333333
2024-07-07 19:30:00+00:00,0.3333333333333333,0.3333333333333333,0.3333333333333333
2024-07-07 19:40:00+00:00,0.3333333333333333,0.3333333333333333,0.3333333333333333
2024-07-07 19:50:00+00:00,0.3333333333333333,0.3333333333333333,0.3333333333333333
2024-07-07 20:00:00+00:00,0.3333333333333333,0.3333333333333333,0.3333333333333333
2024-07-07 20:10:00+00:00,0.3333333333333333,0.3333333333333333,0.3333333333333333
2024-07-07 20:20:00+00:00,0.3333333333333333,0.3333333333333333,0.3333333333333333
2024-07-07 20:30:00+00:00,0.3333333333333333,0.3333333333333333,0.3333333333333333
2024-07-07 20:40:00+00:00,0.3333333333333333,0.3333333333333333,0.3333333333333333
2024-07-07 20:50:00+00:00,0.3333333333333333,0.3333333333333333,0.3333333333333333
2024-07-07 21:00:00+00:00,0.3333333333333333,0.3333333333333333,0.3333333333333333
2024-07-07 21:10:00+00:00,0.3333333333333333,0.3333333333333333,0.3333333333333333
2024-07-07 21:20:00+00:00,0.3333333333333333,0.3333333333333333,0.3333333333333333
2024-07-07 21:30:00+00:00,0.3333333333333333,0.3333333333333333,0.3333333333333333
2024-07-07 21:40:00+00:00,0.3333333333333333,0.3333333333333333,0.3333333333333333
2024-07-07 21:50:00+00:00,0.3333333333333333,0.3333333333333333,0.3333333333333333
2024-07-07 22:00:00+00:00,0.3333333333333333,0.3333333333333333,0.3333333333333333
2024-07-07 22:10:00+00:00,0.3333333333333333,0.3333333333333333,0.3333333333333333
2024-07-07 22:20:00+00:00,0.3333333333333333,0.3333333333333333,0.3333333333333333
2024-07-07 22:30:00+00:00,0.3333333333333333,0.3333333333333333,0.3333333333333333
2024-07-07 22:40:00+00:00,0.3333333333333333,0.3333333333333333,0.3333333333333333
2024-07-07 22:50:00+00:00,0.3333333333333333,0.3333333333333333,0.3333333333333333
2024-07-07 23:00:00+00:00,0.3333333333333333,0.3333333333333333,0.3333333333333333
2024-07-07 23:10:00+00:00,0.3333333333333333,0.3333333333333333,0.3333333333333333
2024-07-07 23:20:00+00:00,0.3333333333333333,0.3333333333333333,0.3333333333333333
2024-07-07 23:30:00+00:00,0.3333333333333333,0.3333333333333333,0.3333333333333333
2024-07-07 23:40:00+00:00,0.3333333333333333,0.3333333333333333,0.3333333333333333
2024-07-07 23:50:00+00:00,0.3333333333333333,0.3333333333333333,0.3333333333333333
2024-07-08 00:00:00+00:00,0.3333333333333333,0.3333333333333333,0.3333333333333333
2024-07-08 00:10:00+00:00,0.3333333333333333,0.3333333333333333,0.3333333333333333
2024-07-08 00:20:00+00:00,0.3333333333333333,0.3333333333333333,0.3333333333333333
2024-07-08 00:30:00+00:00,0.3333333333333333,0.3333333333333333,0.3333333333333333
2024-07-08 00:40:00+00:00,0.3333333333333333,0.3333333333333333,0.3333333333333333
2024-07-08 00:50:00+00:00,0.3333333333333333,0.3333333333333333,0.3333333333333333
2024-07-08 01:00:00+00:00,0.3333333333333333,0.3333333333333333,0.3333333333333333
2024-07-08 01:10:00+00:00,2.0,0.3333333333333333,2.0
2024-07-08 01:20:00+00:00,0.3333333333333333,0.3333333333333333,0.3333333333333333
2024-07-08 01:30:00+00:00,0.3333333333333333,0.3333333333333333,0.3333333333333333
2024-07-08 01:40:00+00:00,0.3333333333333333,0.3333333333333333,0.3333333333333333
2024-07-08 01:50:00+00:00,0.3333333333333333,0.3333333333333333,0.3333333333333333
2024-07-08 02:00:00+00:00,0.3333333333333333,0.3333333333333333,0.3333333333333333
2024-07-08 02:10:00+00:00,0.3333333333333333,0.3333333333333333,0.3333333333333333
2024-07-08 02:20:00+00:00,0.3333333333333333,0.3333333333333333,0.3333333333333333
2024-07-08 02:30:00+00:00,0.3333333333333333,0.3333333333333333,0.3333333333333333
2024-07-08 02:40:00+00:00,0.3333333333333333,0.3333333333333333,0.3333333333333333
2024-07-08 02:50:00+00:00,0.3333333333333333,0.3333333333333333,0.3333333333333333
2024-07-08 03:00:00+00:00,0.3333333333333333,0.3333333333333333,0.3333333333333333
2024-07-08 03:10:00+00:00,0.3333333333333333,0.3333333333333333,0.3333333333333333
2024-07-08 03:20:00+00:00,0.3333333333333333,0.3333333333333333,0.3333333333333333
2024-07-08 03:30:00+00:00,0.3333333333333333,0.3333333333333333,0.3333333333333333
2024-07-08 03:40:00+00:00,0.3333333333333333,0.3333333333333333,0.3333333333333333
2024-07-08 03:50:00+00:00,0.3333333333333333,0.3333333333333333,0.3333333333333333
2024-07-08 04:00:00+00:00,0.3333333333333333,0.3333333333333333,0.3333333333333333
2024-07-08 04:10:00+00:00,0.3333333333333333,0.3333333333333333,0.3333333333333333
2024-07-08 04:20:00+00:00,0.3333333333333333,0.3333333333333333,0.3333333333333333
2024-07-08 04:30:00+00:00,0.3333333333333333,0.3333333333333333,0.3333333333333333
2024-07-08 04:40:00+00:00,0.3333333333333333,0.3333333333333333,0.3333333333333333
2024-07-08 04:50:00+00:00,0.3333333333333333,0.3333333333333333,0.3333333333333333
2024-07-08 05:00:00+00:00,432.0,432.0,0.3333333333333333
2024-07-08 05:10:00+00:00,144.0,144.0,0.3333333333333333
2024-07-08 05:20:00+00:00,96.0,96.0,0.3333333333333333
2024-07-08 05:30:00+00:00,374.0,374.0,0.3333333333333333
2024-07-08 05:40:00+00:00,2422.0,2316.0,106.0
2024-07-08 05:50:00+00:00,670.0,670.0,0.3333333333333333
2024-07-08 06:00:00+00:00,50.0,48.0,2.0
2024-07-08 06:10:00+00:00,412.0,412.0,0.3333333333333333
2024-07-08 06:20:00+00:00,892.0,892.0,0.3333333333333333
2024-07-08 06:30:00+00:00,574.0,574.0,0.3333333333333333
2024-07-08 06:40:00+00:00,8.0,8.0,0.3333333333333333
2024-07-08 06:50:00+00:00,4.0,4.0,0.3333333333333333
2024-07-08 07:00:00+00:00,648.0,648.0,0.3333333333333333
2024-07-08 07:10:00+00:00,734.0,734.0,0.3333333333333333
2024-07-08 07:20:00+00:00,1046.0,1046.0,0.3333333333333333
2024-07-08 07:30:00+00:00,442.0,442.0,0.3333333333333333
2024-07-08 07:40:00+00:00,1102.0,1102.0,0.3333333333333333
2024-07-08 07:50:00+00:00,90.0,90.0,0.3333333333333333
2024-07-08 08:00:00+00:00,22.0,22.0,0.3333333333333333
2024-07-08 08:10:00+00:00,594.0,562.0,32.0
2024-07-08 08:20:00+00:00,512.0,512.0,0.3333333333333333
2024-07-08 08:30:00+00:00,1200.0,882.0,318.0
2024-07-08 08:40:00+00:00,558.0,558.0,0.3333333333333333
2024-07-08 08:50:00+00:00,290.0,288.0,2.0
2024-07-08 09:00:00+00:00,204.0,68.0,136.0
2024-07-08 09:10:00+00:00,192.0,192.0,0.3333333333333333
2024-07-08 09:20:00+00:00,10.0,10.0,0.3333333333333333
2024-07-08 09:30:00+00:00,4.0,4.0,0.3333333333333333
2024-07-08 09:40:00+00:00,118.0,118.0,0.3333333333333333
2024-07-08 09:50:00+00:00,0.3333333333333333,0.3333333333333333,0.3333333333333333
2024-07-08 10:00:00+00:00,1158.0,1158.0,0.3333333333333333
2024-07-08 10:10:00+00:00,0.3333333333333333,0.3333333333333333,0.3333333333333333
2024-07-08 10:20:00+00:00,496.0,496.0,0.3333333333333333
2024-07-08 10:30:00+00:00,1200.0,1200.0,0.3333333333333333
2024-07-08 10:40:00+00:00,1070.0,1070.0,0.3333333333333333
2024-07-08 10:50:00+00:00,1564.0,1564.0,0.3333333333333333
2024-07-08 11:00:00+00:00,644.0,600.0,44.0
2024-07-08 11:10:00+00:00,722.0,722.0,0.3333333333333333
2024-07-08 11:20:00+00:00,0.3333333333333333,0.3333333333333333,0.3333333333333333
2024-07-08 11:30:00+00:00,0.3333333333333333,0.3333333333333333,0.3333333333333333
2024-07-08 11:40:00+00:00,0.3333333333333333,0.3333333333333333,0.3333333333333333
2024-07-08 11:50:00+00:00,0.3333333333333333,0.3333333333333333,0.3333333333333333
2024-07-08 12:00:00+00:00,0.3333333333333333,0.3333333333333333,0.3333333333333333
2024-07-08 12:10:00+00:00,0.3333333333333333,0.3333333333333333,0.3333333333333333
2024-07-08 12:20:00+00:00,0.3333333333333333,0.3333333333333333,0.3333333333333333
2024-07-08 12:30:00+00:00,0.3333333333333333,0.3333333333333333,0.3333333333333333
2024-07-08 12:40:00+00:00,0.3333333333333333,0.3333333333333333,0.3333333333333333
2024-07-08 12:50:00+00:00,0.3333333333333333,0.3333333333333333,0.3333333333333333
2024-07-08 13:00:00+00:00,0.3333333333333333,0.3333333333333333,0.3333333333333333
2024-07-08 13:10:00+00:00,0.3333333333333333,0.3333333333333333,0.3333333333333333
2024-07-08 13:20:00+00:00,0.3333333333333333,0.3333333333333333,0.3333333333333333
2024-07-08 13:30:00+00:00,0.3333333333333333,0.3333333333333333,0.3333333333333333
2024-07-08 13:40:00+00:00,0.3333333333333333,0.3333333333333333,0.3333333333333333
2024-07-08 13:50:00+00:00,0.3333333333333333,0.3333333333333333,0.3333333333333333
2024-07-08 14:00:00+00:00,0.3333333333333333,0.3333333333333333,0.3333333333333333
2024-07-08 14:10:00+00:00,0.3333333333333333,0.3333333333333333,0.3333333333333333
2024-07-08 14:20:00+00:00,0.3333333333333333,0.3333333333333333,0.3333333333333333
2024-07-08 14:30:00+00:00,0.3333333333333333,0.3333333333333333,0.3333333333333333
2024-07-08 14:40:00+00:00,0.3333333333333333,0.3333333333333333,0.3333333333333333
2024-07-08 14:50:00+00:00,0.3333333333333333,0.3333333333333333,0.3333333333333333
2024-07-08 15:00:00+00:00,0.3333333333333333,0.3333333333333333,0.3333333333333333
2024-07-08 15:10:00+00:00,0.3333333333333333,0.3333333333333333,0.3333333333333333
2024-07-08 15:20:00+00:00,0.3333333333333333,0.3333333333333333,0.3333333333333333
2024-07-08 15:30:00+00:00,0.3333333333333333,0.3333333333333333,0.3333333333333333
2024-07-08 15:40:00+00:00,0.3333333333333333,0.3333333333333333,0.3333333333333333
2024-07-08 15:50:00+00:00,0.3333333333333333,0.3333333333333333,0.3333333333333333
2024-07-08 16:00:00+00:00,0.3333333333333333,0.3333333333333333,0.3333333333333333
2024-07-08 16:10:00+00:00,0.3333333333333333,0.3333333333333333,0.3333333333333333
2024-07-08 16:20:00+00:00,0.3333333333333333,0.3333333333333333,0.3333333333333333
2024-07-08 16:30:00+00:00,0.3333333333333333,0.3333333333333333,0.3333333333333333
2024-07-08 16:40:00+00:00,0.3333333333333333,0.3333333333333333,0.3333333333333333
2024-07-08 16:50:00+00:00,0.3333333333333333,0.3333333333333333,0.3333333333333333
2024-07-08 17:00:00+00:00,0.3333333333333333,0.3333333333333333,0.3333333333333333
2024-07-08 17:10:00+00:00,0.3333333333333333,0.3333333333333333,0.3333333333333333
2024-07-08 17:20:00+00:00,0.3333333333333333,0.3333333333333333,0.3333333333333333
2024-07-08 17:30:00+00:00,0.3333333333333333,0.3333333333333333,0.3333333333333333
2024-07-08 17:40:00+00:00,0.3333333333333333,0.3333333333333333,0.3333333333333333
2024-07-08 17:50:00+00:00,0.3333333333333333,0.3333333333333333,0.3333333333333333
2024-07-08 18:00:00+00:00,0.3333333333333333,0.3333333333333333,0.3333333333333333
2024-07-08 18:10:00+00:00,0.3333333333333333,0.3333333333333333,0.3333333333333333
2024-07-08 18:20:00+00:00,0.3333333333333333,0.3333333333333333,0.3333333333333333
2024-07-08 18:30:00+00:00,0.3333333333333333,0.3333333333333333,0.3333333333333333
2024-07-08 18:40:00+00:00,0.3333333333333333,0.3333333333333333,0.3333333333333333
2024-07-08 18:50:00+00:00,0.3333333333333333,0.3333333333333333,0.3333333333333333
2024-07-08 19:00:00+00:00,0.3333333333333333,0.3333333333333333,0.3333333333333333
2024-07-08 19:10:00+00:00,0.3333333333333333,0.3333333333333333,0.3333333333333333
2024-07-08 19:20:00+00:00,0.3333333333333333,0.3333333333333333,0.3333333333333333
2024-07-08 19:30:00+00:00,2.0,0.3333333333333333,2.0
2024-07-08 19:40:00+00:00,0.3333333333333333,0.3333333333333333,0.3333333333333333
2024-07-08 19:50:00+00:00,0.3333333333333333,0.3333333333333333,0.3333333333333333
2024-07-08 20:00:00+00:00,0.3333333333333333,0.3333333333333333,0.3333333333333333
2024-07-08 20:10:00+00:00,0.3333333333333333,0.3333333333333333,0.3333333333333333
2024-07-08 20:20:00+00:00,0.3333333333333333,0.3333333333333333,0.3333333333333333
2024-07-08 20:30:00+00:00,0.3333333333333333,0.3333333333333333,0.3333333333333333
2024-07-08 20:40:00+00:00,0.3333333333333333,0.3333333333333333,0.3333333333333333
2024-07-08 20:50:00+00:00,0.3333333333333333,0.3333333333333333,0.3333333333333333
2024-07-08 21:00:00+00:00,0.3333333333333333,0.3333333333333333,0.3333333333333333
2024-07-08 21:10:00+00:00,0.3333333333333333,0.3333333333333333,0.3333333333333333
2024-07-08 21:20:00+00:00,0.3333333333333333,0.3333333333333333,0.3333333333333333
2024-07-08 21:30:00+00:00,0.3333333333333333,0.3333333333333333,0.3333333333333333
2024-07-08 21:40:00+00:00,0.3333333333333333,0.3333333333333333,0.3333333333333333
2024-07-08 21:50:00+00:00,2.0,2.0,0.3333333333333333
2024-07-08 22:00:00+00:00,0.3333333333333333,0.3333333333333333,0.3333333333333333
2024-07-08 22:10:00+00:00,0.3333333333333333,0.3333333333333333,0.3333333333333333
2024-07-08 22:20:00+00:00,0.3333333333333333,0.3333333333333333,0.3333333333333333
2024-07-08 22:30:00+00:00,0.3333333333333333,0.3333333333333333,0.3333333333333333
2024-07-08 22:40:00+00:00,0.3333333333333333,0.3333333333333333,0.3333333333333333
2024-07-08 22:50:00+00:00,0.3333333333333333,0.3333333333333333,0.3333333333333333
2024-07-08 23:00:00+00:00,0.3333333333333333,0.3333333333333333,0.3333333333333333
2024-07-08 23:10:00+00:00,0.3333333333333333,0.3333333333333333,0.3333333333333333
2024-07-08 23:20:00+00:00,0.3333333333333333,0.3333333333333333,0.3333333333333333
2024-07-08 23:30:00+00:00,0.3333333333333333,0.3333333333333333,0.3333333333333333
2024-07-08 23:40:00+00:00,0.3333333333333333,0.3333333333333333,0.3333333333333333
2024-07-08 23:50:00+00:00,0.3333333333333333,0.3333333333333333,0.3333333333333333
2024-07-09 00:00:00+00:00,0.3333333333333333,0.3333333333333333,0.3333333333333333
2024-07-09 00:10:00+00:00,0.3333333333333333,0.3333333333333333,0.3333333333333333
2024-07-09 00:20:00+00:00,0.3333333333333333,0.3333333333333333,0.3333333333333333
2024-07-09 00:30:00+00:00,0.3333333333333333,0.3333333333333333,0.3333333333333333
2024-07-09 00:40:00+00:00,0.3333333333333333,0.3333333333333333,0.3333333333333333
2024-07-09 00:50:00+00:00,2.0,2.0,0.3333333333333333
2024-07-09 01:00:00+00:00,0.3333333333333333,0.3333333333333333,0.3333333333333333
2024-07-09 01:10:00+00:00,0.3333333333333333,0.3333333333333333,0.3333333333333333
2024-07-09 01:20:00+00:00,4.0,4.0,0.3333333333333333
2024-07-09 01:30:00+00:00,0.3333333333333333,0.3333333333333333,0.3333333333333333
2024-07-09 01:40:00+00:00,0.3333333333333333,0.3333333333333333,0.3333333333333333
2024-07-09 01:50:00+00:00,0.3333333333333333,0.3333333333333333,0.3333333333333333
2024-07-09 02:00:00+00:00,0.3333333333333333,0.3333333333333333,0.3333333333333333
2024-07-09 02:10:00+00:00,0.3333333333333333,0.3333333333333333,0.3333333333333333
2024-07-09 02:20:00+00:00,0.3333333333333333,0.3333333333333333,0.3333333333333333
2024-07-09 02:30:00+00:00,0.3333333333333333,0.3333333333333333,0.3333333333333333
2024-07-09 02:40:00+00:00,0.3333333333333333,0.3333333333333333,0.3333333333333333
2024-07-09 02:50:00+00:00,0.3333333333333333,0.3333333333333333,0.3333333333333333
2024-07-09 03:00:00+00:00,0.3333333333333333,0.3333333333333333,0.3333333333333333
2024-07-09 03:10:00+00:00,0.3333333333333333,0.3333333333333333,0.3333333333333333
2024-07-09 03:20:00+00:00,0.3333333333333333,0.3333333333333333,0.3333333333333333
2024-07-09 03:30:00+00:00,0.3333333333333333,0.3333333333333333,0.3333333333333333
2024-07-09 03:40:00+00:00,2.0,2.0,0.3333333333333333
2024-07-09 03:50:00+00:00,0.3333333333333333,0.3333333333333333,0.3333333333333333
2024-07-09 04:00:00+00:00,0.3333333333333333,0.3333333333333333,0.3333333333333333
2024-07-09 04:10:00+00:00,0.3333333333333333,0.3333333333333333,0.3333333333333333
2024-07-09 04:20:00+00:00,0.3333333333333333,0.3333333333333333,0.3333333333333333
2024-07-09 04:30:00+00:00,0.3333333333333333,0.3333333333333333,0.3333333333333333
2024-07-09 04:40:00+00:00,0.3333333333333333,0.3333333333333333,0.3333333333333333
2024-07-09 04:50:00+00:00,0.3333333333333333,0.3333333333333333,0.3333333333333333
2024-07-09 05:00:00+00:00,30.0,30.0,0.3333333333333333
2024-07-09 05:10:00+00:00,64.0,62.0,2.0
2024-07-09 05:20:00+00:00,1084.0,912.0,172.0
2024-07-09 05:30:00+00:00,2020.0,2020.0,0.3333333333333333
2024-07-09 05:40:00+00:00,1442.0,1438.0,4.0
2024-07-09 05:50:00+00:00,904.0,832.0,72.0
2024-07-09 06:00:00+00:00,976.0,942.0,34.0
2024-07-09 06:10:00+00:00,614.0,612.0,2.0
2024-07-09 06:20:00+00:00,0.3333333333333333,0.3333333333333333,0.3333333333333333
2024-07-09 06:30:00+00:00,20.0,20.0,0.3333333333333333
2024-07-09 06:40:00+00:00,46.0,46.0,0.3333333333333333
2024-07-09 06:50:00+00:00,1194.0,1194.0,0.3333333333333333
2024-07-09 07:00:00+00:00,324.0,324.0,0.3333333333333333
2024-07-09 07:10:00+00:00,280.0,124.0,156.0
2024-07-09 07:20:00+00:00,1272.0,1272.0,0.3333333333333333
2024-07-09 07:30:00+00:00,1264.0,1264.0,0.3333333333333333
2024-07-09 07:40:00+00:00,1266.0,1266.0,0.3333333333333333
2024-07-09 07:50:00+00:00,122.0,122.0,0.3333333333333333
2024-07-09 08:00:00+00:00,0.3333333333333333,0.3333333333333333,0.3333333333333333
2024-07-09 08:10:00+00:00,684.0,684.0,0.3333333333333333
2024-07-09 08:20:00+00:00,108.0,108.0,0.3333333333333333
2024-07-09 08:30:00+00:00,2.0,2.0,0.3333333333333333
2024-07-09 08:40:00+00:00,130.0,84.0,46.0
2024-07-09 08:50:00+00:00,0.3333333333333333,0.3333333333333333,0.3333333333333333
2024-07-09 09:00:00+00:00,116.0,116.0,0.3333333333333333
2024-07-09 09:10:00+00:00,58.0,58.0,0.3333333333333333
2024-07-09 09:20:00+00:00,40.0,40.0,0.3333333333333333
2024-07-09 09:30:00+00:00,126.0,126.0,0.3333333333333333
2024-07-09 09:40:00+00:00,568.0,568.0,0.3333333333333333
2024-07-09 09:50:00+00:00,572.0,572.0,0.3333333333333333
2024-07-09 10:00:00+00:00,344.0,344.0,0.3333333333333333
2024-07-09 10:10:00+00:00,2368.0,2368.0,0.3333333333333333
2024-07-09 10:20:00+00:00,810.0,808.0,2.0
2024-07-09 10:30:00+00:00,0.3333333333333333,0.3333333333333333,0.3333333333333333
2024-07-09 10:40:00+00:00,192.0,192.0,0.3333333333333333
2024-07-09 10:50:00+00:00,84.0,84.0,0.3333333333333333
2024-07-09 11:00:00+00:00,122.0,122.0,0.3333333333333333
2024-07-09 11:10:00+00:00,104.0,104.0,0.3333333333333333
2024-07-09 11:20:00+00:00,0.3333333333333333,0.3333333333333333,0.3333333333333333
2024-07-09 11:30:00+00:00,0.3333333333333333,0.3333333333333333,0.3333333333333333
2024-07-09 11:40:00+00:00,0.3333333333333333,0.3333333333333333,0.3333333333333333
2024-07-09 11:50:00+00:00,2.0,2.0,0.3333333333333333
2024-07-09 12:00:00+00:00,0.3333333333333333,0.3333333333333333,0.3333333333333333
2024-07-09 12:10:00+00:00,0.3333333333333333,0.3333333333333333,0.3333333333333333
2024-07-09 12:20:00+00:00,0.3333333333333333,0.3333333333333333,0.3333333333333333
2024-07-09 12:30:00+00:00,0.3333333333333333,0.3333333333333333,0.3333333333333333
2024-07-09 12:40:00+00:00,0.3333333333333333,0.3333333333333333,0.3333333333333333
2024-07-09 12:50:00+00:00,0.3333333333333333,0.3333333333333333,0.3333333333333333
2024-07-09 13:00:00+00:00,0.3333333333333333,0.3333333333333333,0.3333333333333333
2024-07-09 13:10:00+00:00,0.3333333333333333,0.3333333333333333,0.3333333333333333
2024-07-09 13:20:00+00:00,0.3333333333333333,0.3333333333333333,0.3333333333333333
2024-07-09 13:30:00+00:00,0.3333333333333333,0.3333333333333333,0.3333333333333333
2024-07-09 13:40:00+00:00,0.3333333333333333,0.3333333333333333,0.3333333333333333
2024-07-09 13:50:00+00:00,0.3333333333333333,0.3333333333333333,0.3333333333333333
2024-07-09 14:00:00+00:00,0.3333333333333333,0.3333333333333333,0.3333333333333333
2024-07-09 14:10:00+00:00,0.3333333333333333,0.3333333333333333,0.3333333333333333
2024-07-09 14:20:00+00:00,0.3333333333333333,0.3333333333333333,0.3333333333333333
2024-07-09 14:30:00+00:00,0.3333333333333333,0.3333333333333333,0.3333333333333333
2024-07-09 14:40:00+00:00,0.3333333333333333,0.3333333333333333,0.3333333333333333
2024-07-09 14:50:00+00:00,0.3333333333333333,0.3333333333333333,0.3333333333333333
2024-07-09 15:00:00+00:00,0.3333333333333333,0.3333333333333333,0.3333333333333333
2024-07-09 15:10:00+00:00,0.3333333333333333,0.3333333333333333,0.3333333333333333
2024-07-09 15:20:00+00:00,0.3333333333333333,0.3333333333333333,0.3333333333333333
2024-07-09 15:30:00+00:00,2.0,2.0,0.3333333333333333
2024-07-09 15:40:00+00:00,0.3333333333333333,0.3333333333333333,0.3333333333333333
2024-07-09 15:50:00+00:00,0.3333333333333333,0.3333333333333333,0.3333333333333333
2024-07-09 16:00:00+00:00,0.3333333333333333,0.3333333333333333,0.3333333333333333
2024-07-09 16:10:00+00:00,0.3333333333333333,0.3333333333333333,0.3333333333333333
2024-07-09 16:20:00+00:00,0.3333333333333333,0.3333333333333333,0.3333333333333333
2024-07-09 16:30:00+00:00,0.3333333333333333,0.3333333333333333,0.3333333333333333
2024-07-09 16:40:00+00:00,0.3333333333333333,0.3333333333333333,0.3333333333333333
2024-07-09 16:50:00+00:00,0.3333333333333333,0.3333333333333333,0.3333333333333333
2024-07-09 17:00:00+00:00,0.3333333333333333,0.3333333333333333,0.3333333333333333
2024-07-09 17:10:00+00:00,2.0,0.3333333333333333,2.0
2024-07-09 17:20:00+00:00,0.3333333333333333,0.3333333333333333,0.3333333333333333
2024-07-09 17:30:00+00:00,0.3333333333333333,0.3333333333333333,0.3333333333333333
2024-07-09 17:40:00+00:00,0.3333333333333333,0.3333333333333333,0.3333333333333333
2024-07-09 17:50:00+00:00,0.3333333333333333,0.3333333333333333,0.3333333333333333
2024-07-09 18:00:00+00:00,0.3333333333333333,0.3333333333333333,0.3333333333333333
2024-07-09 18:10:00+00:00,0.3333333333333333,0.3333333333333333,0.3333333333333333
2024-07-09 18:20:00+00:00,0.3333333333333333,0.3333333333333333,0.3333333333333333
2024-07-09 18:30:00+00:00,0.3333333333333333,0.3333333333333333,0.3333333333333333
2024-07-09 18:40:00+00:00,0.3333333333333333,0.3333333333333333,0.3333333333333333
2024-07-09 18:50:00+00:00,0.3333333333333333,0.3333333333333333,0.3333333333333333
2024-07-09 19:00:00+00:00,0.3333333333333333,0.3333333333333333,0.3333333333333333
2024-07-09 19:10:00+00:00,0.3333333333333333,0.3333333333333333,0.3333333333333333
2024-07-09 19:20:00+00:00,0.3333333333333333,0.3333333333333333,0.3333333333333333
2024-07-09 19:30:00+00:00,0.3333333333333333,0.3333333333333333,0.3333333333333333
2024-07-09 19:40:00+00:00,0.3333333333333333,0.3333333333333333,0.3333333333333333
2024-07-09 19:50:00+00:00,0.3333333333333333,0.3333333333333333,0.3333333333333333
2024-07-09 20:00:00+00:00,0.3333333333333333,0.3333333333333333,0.3333333333333333
2024-07-09 20:10:00+00:00,0.3333333333333333,0.3333333333333333,0.3333333333333333
2024-07-09 20:20:00+00:00,0.3333333333333333,0.3333333333333333,0.3333333333333333
2024-07-09 20:30:00+00:00,0.3333333333333333,0.3333333333333333,0.3333333333333333
2024-07-09 20:40:00+00:00,0.3333333333333333,0.3333333333333333,0.3333333333333333
2024-07-09 20:50:00+00:00,0.3333333333333333,0.3333333333333333,0.3333333333333333
2024-07-09 21:00:00+00:00,0.3333333333333333,0.3333333333333333,0.3333333333333333
2024-07-09 21:10:00+00:00,0.3333333333333333,0.3333333333333333,0.3333333333333333
2024-07-09 21:20:00+00:00,0.3333333333333333,0.3333333333333333,0.3333333333333333
2024-07-09 21:30:00+00:00,0.3333333333333333,0.3333333333333333,0.3333333333333333
2024-07-09 21:40:00+00:00,2.0,2.0,0.3333333333333333
2024-07-09 21:50:00+00:00,2.0,2.0,0.3333333333333333
2024-07-09 22:00:00+00:00,0.3333333333333333,0.3333333333333333,0.3333333333333333
2024-07-09 22:10:00+00:00,0.3333333333333333,0.3333333333333333,0.3333333333333333
2024-07-09 22:20:00+00:00,0.3333333333333333,0.3333333333333333,0.3333333333333333
2024-07-09 22:30:00+00:00,0.3333333333333333,0.3333333333333333,0.3333333333333333
2024-07-09 22:40:00+00:00,0.3333333333333333,0.3333333333333333,0.3333333333333333
2024-07-09 22:50:00+00:00,0.3333333333333333,0.3333333333333333,0.3333333333333333
2024-07-09 23:00:00+00:00,0.3333333333333333,0.3333333333333333,0.3333333333333333
2024-07-09 23:10:00+00:00,0.3333333333333333,0.3333333333333333,0.3333333333333333
2024-07-09 23:20:00+00:00,0.3333333333333333,0.3333333333333333,0.3333333333333333
2024-07-09 23:30:00+00:00,0.3333333333333333,0.3333333333333333,0.3333333333333333
2024-07-09 23:40:00+00:00,0.3333333333333333,0.3333333333333333,0.3333333333333333
2024-07-09 23:50:00+00:00,0.3333333333333333,0.3333333333333333,0.3333333333333333
2024-07-10 00:00:00+00:00,0.3333333333333333,0.3333333333333333,0.3333333333333333
2024-07-10 00:10:00+00:00,0.3333333333333333,0.3333333333333333,0.3333333333333333
2024-07-10 00:20:00+00:00,2.0,2.0,0.3333333333333333
2024-07-10 00:30:00+00:00,0.3333333333333333,0.3333333333333333,0.3333333333333333
2024-07-10 00:40:00+00:00,0.3333333333333333,0.3333333333333333,0.3333333333333333
2024-07-10 00:50:00+00:00,0.3333333333333333,0.3333333333333333,0.3333333333333333
2024-07-10 01:00:00+00:00,0.3333333333333333,0.3333333333333333,0.3333333333333333
2024-07-10 01:10:00+00:00,0.3333333333333333,0.3333333333333333,0.3333333333333333
2024-07-10 01:20:00+00:00,0.3333333333333333,0.3333333333333333,0.3333333333333333
2024-07-10 01:30:00+00:00,0.3333333333333333,0.3333333333333333,0.3333333333333333
2024-07-10 01:40:00+00:00,0.3333333333333333,0.3333333333333333,0.3333333333333333
2024-07-10 01:50:00+00:00,0.3333333333333333,0.3333333333333333,0.3333333333333333
2024-07-10 02:00:00+00:00,0.3333333333333333,0.3333333333333333,0.3333333333333333
2024-07-10 02:10:00+00:00,0.3333333333333333,0.3333333333333333,0.3333333333333333
2024-07-10 02:20:00+00:00,0.3333333333333333,0.3333333333333333,0.3333333333333333
2024-07-10 02:30:00+00:00,0.3333333333333333,0.3333333333333333,0.3333333333333333
2024-07-10 02:40:00+00:00,0.3333333333333333,0.3333333333333333,0.3333333333333333
2024-07-10 02:50:00+00:00,0.3333333333333333,0.3333333333333333,0.3333333333333333
2024-07-10 03:00:00+00:00,0.3333333333333333,0.3333333333333333,0.3333333333333333
2024-07-10 03:10:00+00:00,0.3333333333333333,0.3333333333333333,0.3333333333333333
2024-07-10 03:20:00+00:00,0.3333333333333333,0.3333333333333333,0.3333333333333333
2024-07-10 03:30:00+00:00,0.3333333333333333,0.3333333333333333,0.3333333333333333
2024-07-10 03:40:00+00:00,0.3333333333333333,0.3333333333333333,0.3333333333333333
2024-07-10 03:50:00+00:00,0.3333333333333333,0.3333333333333333,0.3333333333333333
2024-07-10 04:00:00+00:00,0.3333333333333333,0.3333333333333333,0.3333333333333333
2024-07-10 04:10:00+00:00,0.3333333333333333,0.3333333333333333,0.3333333333333333
2024-07-10 04:20:00+00:00,0.3333333333333333,0.3333333333333333,0.3333333333333333
2024-07-10 04:30:00+00:00,0.3333333333333333,0.3333333333333333,0.3333333333333333
2024-07-10 04:40:00+00:00,0.3333333333333333,0.3333333333333333,0.3333333333333333
2024-07-10 04:50:00+00:00,0.3333333333333333,0.3333333333333333,0.3333333333333333
2024-07-10 05:00:00+00:00,84.0,84.0,0.3333333333333333
2024-07-10 05:10:00+00:00,52.0,52.0,0.3333333333333333
2024-07-10 05:20:00+00:00,452.0,452.0,0.3333333333333333
2024-07-10 05:30:00+00:00,812.0,724.0,88.0
2024-07-10 05:40:00+00:00,1032.0,1032.0,0.3333333333333333
2024-07-10 05:50:00+00:00,1124.0,1124.0,0.3333333333333333
2024-07-10 06:00:00+00:00,2052.0,2032.0,20.0
2024-07-10 06:10:00+00:00,844.0,844.0,0.3333333333333333
2024-07-10 06:20:00+00:00,300.0,300.0,0.3333333333333333
2024-07-10 06:30:00+00:00,0.3333333333333333,0.3333333333333333,0.3333333333333333
2024-07-10 06:40:00+00:00,12.0,12.0,0.3333333333333333
2024-07-10 06:50:00+00:00,38.0,38.0,0.3333333333333333
2024-07-10 07:00:00+00:00,128.0,128.0,0.3333333333333333
2024-07-10 07:10:00+00:00,0.3333333333333333,0.3333333333333333,0.3333333333333333
2024-07-10 07:20:00+00:00,26.0,26.0,0.3333333333333333
2024-07-10 07:30:00+00:00,244.0,244.0,0.3333333333333333
2024-07-10 07:40:00+00:00,1158.0,1158.0,0.3333333333333333
2024-07-10 07:50:00+00:00,1384.0,1338.0,46.0
2024-07-10 08:00:00+00:00,200.0,198.0,2.0
2024-07-10 08:10:00+00:00,54.0,54.0,0.3333333333333333
2024-07-10 08:20:00+00:00,34.0,34.0,0.3333333333333333
2024-07-10 08:30:00+00:00,6.0,6.0,0.3333333333333333
2024-07-10 08:40:00+00:00,214.0,214.0,0.3333333333333333
2024-07-10 08:50:00+00:00,658.0,656.0,2.0
2024-07-10 09:00:00+00:00,1536.0,1536.0,0.3333333333333333
2024-07-10 09:10:00+00:00,282.0,282.0,0.3333333333333333
2024-07-10 09:20:00+00:00,92.0,92.0,0.3333333333333333
2024-07-10 09:30:00+00:00,18.0,18.0,0.3333333333333333
2024-07-10 09:40:00+00:00,216.0,216.0,0.3333333333333333
2024-07-10 09:50:00+00:00,236.0,236.0,0.3333333333333333
2024-07-10 10:00:00+00:00,84.0,84.0,0.3333333333333333
2024-07-10 10:10:00+00:00,1014.0,1014.0,0.3333333333333333
2024-07-10 10:20:00+00:00,288.0,288.0,0.3333333333333333
2024-07-10 10:30:00+00:00,1312.0,1312.0,0.3333333333333333
2024-07-10 10:40:00+00:00,10.0,10.0,0.3333333333333333
2024-07-10 10:50:00+00:00,38.0,38.0,0.3333333333333333
2024-07-10 11:00:00+00:00,64.0,64.0,0.3333333333333333
2024-07-10 11:10:00+00:00,172.0,172.0,0.3333333333333333
2024-07-10 11:20:00+00:00,0.3333333333333333,0.3333333333333333,0.3333333333333333
2024-07-10 11:30:00+00:00,108.0,108.0,0.3333333333333333
2024-07-10 11:40:00+00:00,0.3333333333333333,0.3333333333333333,0.3333333333333333
2024-07-10 11:50:00+00:00,0.3333333333333333,0.3333333333333333,0.3333333333333333
2024-07-10 12:00:00+00:00,0.3333333333333333,0.3333333333333333,0.3333333333333333
2024-07-10 12:10:00+00:00,0.3333333333333333,0.3333333333333333,0.3333333333333333
2024-07-10 12:20:00+00:00,0.3333333333333333,0.3333333333333333,0.3333333333333333
2024-07-10 12:30:00+00:00,0.3333333333333333,0.3333333333333333,0.3333333333333333
2024-07-10 12:40:00+00:00,0.3333333333333333,0.3333333333333333,0.3333333333333333
2024-07-10 12:50:00+00:00,0.3333333333333333,0.3333333333333333,0.3333333333333333
2024-07-10 13:00:00+00:00,0.3333333333333333,0.3333333333333333,0.3333333333333333
2024-07-10 13:10:00+00:00,0.3333333333333333,0.3333333333333333,0.3333333333333333
2024-07-10 13:20:00+00:00,0.3333333333333333,0.3333333333333333,0.3333333333333333
