date_and_time_UTC,activity_index,LFactivity_index,HFactivity_index
2025-06-06 21:30:00+00:00,6.666666666666667,5.0,1.6666666666666667
2025-06-06 21:40:00+00:00,0.0,0.0,0.0
2025-06-06 21:50:00+00:00,0.0,0.0,0.0
2025-06-06 22:00:00+00:00,13.333333333333334,6.666666666666667,8.333333333333332
2025-06-06 22:10:00+00:00,0.0,0.0,0.0
2025-06-06 22:20:00+00:00,0.0,0.0,0.0
2025-06-06 22:30:00+00:00,6.666666666666667,1.6666666666666667,5.0
2025-06-06 22:40:00+00:00,0.0,0.0,0.0
2025-06-06 22:50:00+00:00,0.0,0.0,0.0
2025-06-06 23:00:00+00:00,0.0,0.0,0.0
2025-06-06 23:10:00+00:00,0.0,0.0,0.0
2025-06-06 23:20:00+00:00,0.0,0.0,0.0
2025-06-06 23:30:00+00:00,0.0,0.0,0.0
2025-06-06 23:40:00+00:00,0.0,0.0,0.0
2025-06-06 23:50:00+00:00,0.0,0.0,0.0
2025-06-07 00:00:00+00:00,0.0,0.0,0.0
2025-06-07 00:10:00+00:00,0.0,0.0,0.0
2025-06-07 00:20:00+00:00,0.0,0.0,0.0
2025-06-07 00:30:00+00:00,0.0,0.0,0.0
2025-06-07 00:40:00+00:00,0.0,0.0,0.0
2025-06-07 00:50:00+00:00,0.0,0.0,0.0
2025-06-07 01:00:00+00:00,0.0,0.0,0.0
2025-06-07 01:10:00+00:00,0.0,0.0,0.0
2025-06-07 01:20:00+00:00,0.0,0.0,0.0
2025-06-07 01:30:00+00:00,0.0,0.0,0.0
2025-06-07 01:40:00+00:00,0.0,0.0,0.0
2025-06-07 01:50:00+00:00,0.0,0.0,0.0
2025-06-07 02:00:00+00:00,0.0,0.0,0.0
2025-06-07 02:10:00+00:00,0.0,0.0,0.0
2025-06-07 02:20:00+00:00,0.0,0.0,0.0
2025-06-07 02:30:00+00:00,0.0,0.0,0.0
2025-06-07 02:40:00+00:00,0.0,0.0,0.0
2025-06-07 02:50:00+00:00,0.0,0.0,0.0
2025-06-07 03:00:00+00:00,0.0,0.0,0.0
2025-06-07 03:10:00+00:00,0.0,0.0,0.0
2025-06-07 03:20:00+00:00,0.0,0.0,0.0
2025-06-07 03:30:00+00:00,0.0,0.0,0.0
2025-06-07 03:40:00+00:00,0.0,0.0,0.0
2025-06-07 03:50:00+00:00,0.0,0.0,0.0
2025-06-07 04:00:00+00:00,0.0,0.0,0.0
2025-06-07 04:10:00+00:00,0.0,0.0,0.0
2025-06-07 04:20:00+00:00,0.0,0.0,0.0
2025-06-07 04:30:00+00:00,8.333333333333332,0.0,8.333333333333332
2025-06-07 04:40:00+00:00,0.0,0.0,0.0
2025-06-07 04:50:00+00:00,0.0,0.0,0.0
2025-06-07 05:00:00+00:00,16.666666666666664,6.666666666666667,10.0
2025-06-07 05:10:00+00:00,0.0,0.0,0.0
2025-06-07 05:20:00+00:00,0.0,0.0,0.0
2025-06-07 05:30:00+00:00,5.0,0.0,5.0
2025-06-07 05:40:00+00:00,0.0,0.0,0.0
2025-06-07 05:50:00+00:00,0.0,0.0,0.0
2025-06-07 06:00:00+00:00,46.666666666666664,3.3333333333333335,43.333333333333336
2025-06-07 06:10:00+00:00,0.0,0.0,0.0
2025-06-07 06:20:00+00:00,0.0,0.0,0.0
2025-06-07 06:30:00+00:00,18.333333333333332,0.0,18.333333333333332
2025-06-07 06:40:00+00:00,0.0,0.0,0.0
2025-06-07 06:50:00+00:00,0.0,0.0,0.0
2025-06-07 07:00:00+00:00,15.0,0.0,15.0
2025-06-07 07:10:00+00:00,0.0,0.0,0.0
2025-06-07 07:20:00+00:00,0.0,0.0,0.0
2025-06-07 07:30:00+00:00,15.0,1.6666666666666667,13.333333333333334
2025-06-07 07:40:00+00:00,0.0,0.0,0.0
2025-06-07 07:50:00+00:00,0.0,0.0,0.0
2025-06-07 08:00:00+00:00,15.0,0.0,15.0
2025-06-07 08:10:00+00:00,0.0,0.0,0.0
2025-06-07 08:20:00+00:00,0.0,0.0,0.0
2025-06-07 08:30:00+00:00,13.333333333333334,0.0,13.333333333333334
2025-06-07 08:40:00+00:00,0.0,0.0,0.0
2025-06-07 08:50:00+00:00,0.0,0.0,0.0
2025-06-07 09:00:00+00:00,8.333333333333332,1.6666666666666667,6.666666666666667
2025-06-07 09:10:00+00:00,0.0,0.0,0.0
2025-06-07 09:20:00+00:00,0.0,0.0,0.0
2025-06-07 09:30:00+00:00,25.0,1.6666666666666667,23.333333333333332
2025-06-07 09:40:00+00:00,0.0,0.0,0.0
2025-06-07 09:50:00+00:00,0.0,0.0,0.0
2025-06-07 10:00:00+00:00,26.666666666666668,0.0,26.666666666666668
2025-06-07 10:10:00+00:00,0.0,0.0,0.0
2025-06-07 10:20:00+00:00,0.0,0.0,0.0
2025-06-07 10:30:00+00:00,13.333333333333334,1.6666666666666667,11.666666666666666
2025-06-07 10:40:00+00:00,0.0,0.0,0.0
2025-06-07 10:50:00+00:00,0.0,0.0,0.0
2025-06-07 11:00:00+00:00,5.0,0.0,5.0
2025-06-07 11:10:00+00:00,0.0,0.0,0.0
2025-06-07 11:20:00+00:00,0.0,0.0,0.0
2025-06-07 11:30:00+00:00,3.3333333333333335,3.3333333333333335,0.0
2025-06-07 11:40:00+00:00,0.0,0.0,0.0
2025-06-07 11:50:00+00:00,0.0,0.0,0.0
2025-06-07 12:00:00+00:00,0.0,0.0,0.0
2025-06-07 12:10:00+00:00,0.0,0.0,0.0
2025-06-07 12:20:00+00:00,0.0,0.0,0.0
2025-06-07 12:30:00+00:00,0.0,0.0,0.0
2025-06-07 12:40:00+00:00,0.0,0.0,0.0
2025-06-07 12:50:00+00:00,0.0,0.0,0.0
2025-06-07 13:00:00+00:00,1.6666666666666667,1.6666666666666667,0.0
2025-06-07 13:10:00+00:00,0.0,0.0,0.0
2025-06-07 13:20:00+00:00,0.0,0.0,0.0
2025-06-07 13:30:00+00:00,0.0,0.0,0.0
2025-06-07 13:40:00+00:00,0.0,0.0,0.0
2025-06-07 13:50:00+00:00,0.0,0.0,0.0
2025-06-07 14:00:00+00:00,0.0,0.0,0.0
2025-06-07 14:10:00+00:00,0.0,0.0,0.0
2025-06-07 14:20:00+00:00,0.0,0.0,0.0
2025-06-07 14:30:00+00:00,0.0,0.0,0.0
2025-06-07 14:40:00+00:00,0.0,0.0,0.0
2025-06-07 14:50:00+00:00,0.0,0.0,0.0
2025-06-07 15:00:00+00:00,0.0,0.0,0.0
2025-06-07 15:10:00+00:00,0.0,0.0,0.0
2025-06-07 15:20:00+00:00,0.0,0.0,0.0
2025-06-07 15:30:00+00:00,0.0,0.0,0.0
2025-06-07 15:40:00+00:00,0.0,0.0,0.0
2025-06-07 15:50:00+00:00,0.0,0.0,0.0
2025-06-07 16:00:00+00:00,0.0,0.0,0.0
2025-06-07 16:10:00+00:00,0.0,0.0,0.0
2025-06-07 16:20:00+00:00,0.0,0.0,0.0
2025-06-07 16:30:00+00:00,3.3333333333333335,3.3333333333333335,0.0
2025-06-07 16:40:00+00:00,0.0,0.0,0.0
2025-06-07 16:50:00+00:00,0.0,0.0,0.0
2025-06-07 17:00:00+00:00,0.0,0.0,0.0
2025-06-07 17:10:00+00:00,0.0,0.0,0.0
2025-06-07 17:20:00+00:00,0.0,0.0,0.0
2025-06-07 17:30:00+00:00,0.0,0.0,0.0
2025-06-07 17:40:00+00:00,0.0,0.0,0.0
2025-06-07 17:50:00+00:00,0.0,0.0,0.0
2025-06-07 18:00:00+00:00,0.0,0.0,0.0
2025-06-07 18:10:00+00:00,0.0,0.0,0.0
2025-06-07 18:20:00+00:00,0.0,0.0,0.0
2025-06-07 18:30:00+00:00,1.6666666666666667,1.6666666666666667,0.0
2025-06-07 18:40:00+00:00,0.0,0.0,0.0
2025-06-07 18:50:00+00:00,0.0,0.0,0.0
2025-06-07 19:00:00+00:00,0.0,0.0,0.0
2025-06-07 19:10:00+00:00,0.0,0.0,0.0
2025-06-07 19:20:00+00:00,0.0,0.0,0.0
2025-06-07 19:30:00+00:00,0.0,0.0,0.0
2025-06-07 19:40:00+00:00,0.0,0.0,0.0
2025-06-07 19:50:00+00:00,0.0,0.0,0.0
2025-06-07 20:00:00+00:00,0.0,0.0,0.0
2025-06-07 20:10:00+00:00,0.0,0.0,0.0
2025-06-07 20:20:00+00:00,0.0,0.0,0.0
2025-06-07 20:30:00+00:00,0.0,0.0,0.0
2025-06-07 20:40:00+00:00,0.0,0.0,0.0
2025-06-07 20:50:00+00:00,0.0,0.0,0.0
2025-06-07 21:00:00+00:00,0.0,0.0,0.0
2025-06-07 21:10:00+00:00,0.0,0.0,0.0
2025-06-07 21:20:00+00:00,0.0,0.0,0.0
2025-06-07 21:30:00+00:00,0.0,0.0,0.0
2025-06-07 21:40:00+00:00,0.0,0.0,0.0
2025-06-07 21:50:00+00:00,0.0,0.0,0.0
2025-06-07 22:00:00+00:00,1.6666666666666667,1.6666666666666667,0.0
2025-06-07 22:10:00+00:00,0.0,0.0,0.0
2025-06-07 22:20:00+00:00,0.0,0.0,0.0
2025-06-07 22:30:00+00:00,0.0,0.0,0.0
2025-06-07 22:40:00+00:00,0.0,0.0,0.0
2025-06-07 22:50:00+00:00,0.0,0.0,0.0
2025-06-07 23:00:00+00:00,0.0,0.0,0.0
2025-06-07 23:10:00+00:00,0.0,0.0,0.0
2025-06-07 23:20:00+00:00,0.0,0.0,0.0
2025-06-07 23:30:00+00:00,1.6666666666666667,1.6666666666666667,0.0
2025-06-07 23:40:00+00:00,0.0,0.0,0.0
2025-06-07 23:50:00+00:00,0.0,0.0,0.0
2025-06-08 00:00:00+00:00,0.0,0.0,0.0
2025-06-08 00:10:00+00:00,0.0,0.0,0.0
2025-06-08 00:20:00+00:00,0.0,0.0,0.0
2025-06-08 00:30:00+00:00,0.0,0.0,0.0
2025-06-08 00:40:00+00:00,0.0,0.0,0.0
2025-06-08 00:50:00+00:00,0.0,0.0,0.0
2025-06-08 01:00:00+00:00,0.0,0.0,0.0
2025-06-08 01:10:00+00:00,0.0,0.0,0.0
2025-06-08 01:20:00+00:00,0.0,0.0,0.0
2025-06-08 01:30:00+00:00,0.0,0.0,0.0
2025-06-08 01:40:00+00:00,0.0,0.0,0.0
2025-06-08 01:50:00+00:00,0.0,0.0,0.0
2025-06-08 02:00:00+00:00,0.0,0.0,0.0
2025-06-08 02:10:00+00:00,0.0,0.0,0.0
2025-06-08 02:20:00+00:00,0.0,0.0,0.0
2025-06-08 02:30:00+00:00,0.0,0.0,0.0
2025-06-08 02:40:00+00:00,0.0,0.0,0.0
2025-06-08 02:50:00+00:00,0.0,0.0,0.0
2025-06-08 03:00:00+00:00,0.0,0.0,0.0
2025-06-08 03:10:00+00:00,0.0,0.0,0.0
2025-06-08 03:20:00+00:00,0.0,0.0,0.0
2025-06-08 03:30:00+00:00,0.0,0.0,0.0
2025-06-08 03:40:00+00:00,0.0,0.0,0.0
2025-06-08 03:50:00+00:00,0.0,0.0,0.0
2025-06-08 04:00:00+00:00,1.6666666666666667,1.6666666666666667,0.0
2025-06-08 04:10:00+00:00,0.0,0.0,0.0
2025-06-08 04:20:00+00:00,0.0,0.0,0.0
2025-06-08 04:30:00+00:00,1.6666666666666667,1.6666666666666667,0.0
2025-06-08 04:40:00+00:00,0.0,0.0,0.0
2025-06-08 04:50:00+00:00,0.0,0.0,0.0
2025-06-08 05:00:00+00:00,15.0,0.0,15.0
2025-06-08 05:10:00+00:00,0.0,0.0,0.0
2025-06-08 05:20:00+00:00,0.0,0.0,0.0
2025-06-08 05:30:00+00:00,1.6666666666666667,0.0,1.6666666666666667
2025-06-08 05:40:00+00:00,0.0,0.0,0.0
2025-06-08 05:50:00+00:00,0.0,0.0,0.0
2025-06-08 06:00:00+00:00,5.0,0.0,5.0
2025-06-08 06:10:00+00:00,0.0,0.0,0.0
2025-06-08 06:20:00+00:00,0.0,0.0,0.0
2025-06-08 06:30:00+00:00,10.0,0.0,10.0
2025-06-08 06:40:00+00:00,0.0,0.0,0.0
2025-06-08 06:50:00+00:00,0.0,0.0,0.0
2025-06-08 07:00:00+00:00,11.666666666666666,8.333333333333332,3.3333333333333335
2025-06-08 07:10:00+00:00,0.0,0.0,0.0
2025-06-08 07:20:00+00:00,0.0,0.0,0.0
2025-06-08 07:30:00+00:00,3.3333333333333335,0.0,3.3333333333333335
2025-06-08 07:40:00+00:00,0.0,0.0,0.0
2025-06-08 07:50:00+00:00,0.0,0.0,0.0
2025-06-08 08:00:00+00:00,8.333333333333332,0.0,8.333333333333332
2025-06-08 08:10:00+00:00,0.0,0.0,0.0
2025-06-08 08:20:00+00:00,0.0,0.0,0.0
2025-06-08 08:30:00+00:00,0.0,0.0,0.0
2025-06-08 08:40:00+00:00,0.0,0.0,0.0
2025-06-08 08:50:00+00:00,0.0,0.0,0.0
2025-06-08 09:00:00+00:00,78.33333333333333,0.0,78.33333333333333
2025-06-08 09:10:00+00:00,0.0,0.0,0.0
2025-06-08 09:20:00+00:00,0.0,0.0,0.0
2025-06-08 09:30:00+00:00,66.66666666666666,1.6666666666666667,65.0
2025-06-08 09:40:00+00:00,0.0,0.0,0.0
2025-06-08 09:50:00+00:00,0.0,0.0,0.0
2025-06-08 10:00:00+00:00,21.666666666666668,6.666666666666667,15.0
2025-06-08 10:10:00+00:00,0.0,0.0,0.0
2025-06-08 10:20:00+00:00,0.0,0.0,0.0
2025-06-08 10:30:00+00:00,1.6666666666666667,1.6666666666666667,0.0
2025-06-08 10:40:00+00:00,0.0,0.0,0.0
2025-06-08 10:50:00+00:00,0.0,0.0,0.0
2025-06-08 11:00:00+00:00,0.0,0.0,0.0
2025-06-08 11:10:00+00:00,0.0,0.0,0.0
2025-06-08 11:20:00+00:00,0.0,0.0,0.0
2025-06-08 11:30:00+00:00,0.0,0.0,0.0
2025-06-08 11:40:00+00:00,0.0,0.0,0.0
2025-06-08 11:50:00+00:00,0.0,0.0,0.0
2025-06-08 12:00:00+00:00,0.0,0.0,0.0
2025-06-08 12:10:00+00:00,0.0,0.0,0.0
2025-06-08 12:20:00+00:00,0.0,0.0,0.0
2025-06-08 12:30:00+00:00,0.0,0.0,0.0
2025-06-08 12:40:00+00:00,0.0,0.0,0.0
2025-06-08 12:50:00+00:00,0.0,0.0,0.0
2025-06-08 13:00:00+00:00,0.0,0.0,0.0
2025-06-08 13:10:00+00:00,0.0,0.0,0.0
2025-06-08 13:20:00+00:00,0.0,0.0,0.0
2025-06-08 13:30:00+00:00,0.0,0.0,0.0
2025-06-08 13:40:00+00:00,0.0,0.0,0.0
2025-06-08 13:50:00+00:00,0.0,0.0,0.0
2025-06-08 14:00:00+00:00,0.0,0.0,0.0
2025-06-08 14:10:00+00:00,0.0,0.0,0.0
2025-06-08 14:20:00+00:00,0.0,0.0,0.0
2025-06-08 14:30:00+00:00,0.0,0.0,0.0
2025-06-08 14:40:00+00:00,0.0,0.0,0.0
2025-06-08 14:50:00+00:00,0.0,0.0,0.0
2025-06-08 15:00:00+00:00,0.0,0.0,0.0
2025-06-08 15:10:00+00:00,0.0,0.0,0.0
2025-06-08 15:20:00+00:00,0.0,0.0,0.0
2025-06-08 15:30:00+00:00,0.0,0.0,0.0
2025-06-08 15:40:00+00:00,0.0,0.0,0.0
2025-06-08 15:50:00+00:00,0.0,0.0,0.0
2025-06-08 16:00:00+00:00,0.0,0.0,0.0
2025-06-08 16:10:00+00:00,0.0,0.0,0.0
2025-06-08 16:20:00+00:00,0.0,0.0,0.0
2025-06-08 16:30:00+00:00,1.6666666666666667,1.6666666666666667,0.0
2025-06-08 16:40:00+00:00,0.0,0.0,0.0
2025-06-08 16:50:00+00:00,0.0,0.0,0.0
2025-06-08 17:00:00+00:00,3.3333333333333335,3.3333333333333335,0.0
2025-06-08 17:10:00+00:00,0.0,0.0,0.0
2025-06-08 17:20:00+00:00,0.0,0.0,0.0
2025-06-08 17:30:00+00:00,0.0,0.0,0.0
2025-06-08 17:40:00+00:00,0.0,0.0,0.0
2025-06-08 17:50:00+00:00,0.0,0.0,0.0
2025-06-08 18:00:00+00:00,0.0,0.0,0.0
2025-06-08 18:10:00+00:00,0.0,0.0,0.0
2025-06-08 18:20:00+00:00,0.0,0.0,0.0
2025-06-08 18:30:00+00:00,0.0,0.0,0.0
2025-06-08 18:40:00+00:00,0.0,0.0,0.0
2025-06-08 18:50:00+00:00,0.0,0.0,0.0
2025-06-08 19:00:00+00:00,0.0,0.0,0.0
2025-06-08 19:10:00+00:00,0.0,0.0,0.0
2025-06-08 19:20:00+00:00,0.0,0.0,0.0
2025-06-08 19:30:00+00:00,0.0,0.0,0.0
2025-06-08 19:40:00+00:00,0.0,0.0,0.0
2025-06-08 19:50:00+00:00,0.0,0.0,0.0
2025-06-08 20:00:00+00:00,0.0,0.0,0.0
2025-06-08 20:10:00+00:00,0.0,0.0,0.0
2025-06-08 20:20:00+00:00,0.0,0.0,0.0
2025-06-08 20:30:00+00:00,0.0,0.0,0.0
2025-06-08 20:40:00+00:00,0.0,0.0,0.0
2025-06-08 20:50:00+00:00,0.0,0.0,0.0
2025-06-08 21:00:00+00:00,0.0,0.0,0.0
2025-06-08 21:10:00+00:00,0.0,0.0,0.0
2025-06-08 21:20:00+00:00,0.0,0.0,0.0
2025-06-08 21:30:00+00:00,0.0,0.0,0.0
2025-06-08 21:40:00+00:00,0.0,0.0,0.0
2025-06-08 21:50:00+00:00,0.0,0.0,0.0
2025-06-08 22:00:00+00:00,0.0,0.0,0.0
2025-06-08 22:10:00+00:00,0.0,0.0,0.0
2025-06-08 22:20:00+00:00,0.0,0.0,0.0
2025-06-08 22:30:00+00:00,0.0,0.0,0.0
2025-06-08 22:40:00+00:00,0.0,0.0,0.0
2025-06-08 22:50:00+00:00,0.0,0.0,0.0
2025-06-08 23:00:00+00:00,0.0,0.0,0.0
2025-06-08 23:10:00+00:00,0.0,0.0,0.0
2025-06-08 23:20:00+00:00,0.0,0.0,0.0
2025-06-08 23:30:00+00:00,0.0,0.0,0.0
2025-06-08 23:40:00+00:00,0.0,0.0,0.0
2025-06-08 23:50:00+00:00,0.0,0.0,0.0
2025-06-09 00:00:00+00:00,0.0,0.0,0.0
2025-06-09 00:10:00+00:00,0.0,0.0,0.0
2025-06-09 00:20:00+00:00,0.0,0.0,0.0
2025-06-09 00:30:00+00:00,0.0,0.0,0.0
2025-06-09 00:40:00+00:00,0.0,0.0,0.0
2025-06-09 00:50:00+00:00,0.0,0.0,0.0
2025-06-09 01:00:00+00:00,0.0,0.0,0.0
2025-06-09 01:10:00+00:00,0.0,0.0,0.0
2025-06-09 01:20:00+00:00,0.0,0.0,0.0
2025-06-09 01:30:00+00:00,0.0,0.0,0.0
2025-06-09 01:40:00+00:00,0.0,0.0,0.0
2025-06-09 01:50:00+00:00,0.0,0.0,0.0
2025-06-09 02:00:00+00:00,0.0,0.0,0.0
2025-06-09 02:10:00+00:00,0.0,0.0,0.0
2025-06-09 02:20:00+00:00,0.0,0.0,0.0
2025-06-09 02:30:00+00:00,0.0,0.0,0.0
2025-06-09 02:40:00+00:00,0.0,0.0,0.0
2025-06-09 02:50:00+00:00,0.0,0.0,0.0
2025-06-09 03:00:00+00:00,0.0,0.0,0.0
2025-06-09 03:10:00+00:00,0.0,0.0,0.0
2025-06-09 03:20:00+00:00,0.0,0.0,0.0
2025-06-09 03:30:00+00:00,0.0,0.0,0.0
2025-06-09 03:40:00+00:00,0.0,0.0,0.0
2025-06-09 03:50:00+00:00,0.0,0.0,0.0
2025-06-09 04:00:00+00:00,0.0,0.0,0.0
2025-06-09 04:10:00+00:00,0.0,0.0,0.0
2025-06-09 04:20:00+00:00,0.0,0.0,0.0
2025-06-09 04:30:00+00:00,8.333333333333332,5.0,3.3333333333333335
2025-06-09 04:40:00+00:00,0.0,0.0,0.0
2025-06-09 04:50:00+00:00,0.0,0.0,0.0
2025-06-09 05:00:00+00:00,1.6666666666666667,1.6666666666666667,0.0
2025-06-09 05:10:00+00:00,0.0,0.0,0.0
2025-06-09 05:20:00+00:00,0.0,0.0,0.0
2025-06-09 05:30:00+00:00,1.6666666666666667,1.6666666666666667,0.0
2025-06-09 05:40:00+00:00,0.0,0.0,0.0
2025-06-09 05:50:00+00:00,0.0,0.0,0.0
2025-06-09 06:00:00+00:00,0.0,0.0,0.0
2025-06-09 06:10:00+00:00,0.0,0.0,0.0
2025-06-09 06:20:00+00:00,0.0,0.0,0.0
2025-06-09 06:30:00+00:00,1.6666666666666667,0.0,1.6666666666666667
2025-06-09 06:40:00+00:00,0.0,0.0,0.0
2025-06-09 06:50:00+00:00,0.0,0.0,0.0
2025-06-09 07:00:00+00:00,0.0,0.0,0.0
2025-06-09 07:10:00+00:00,0.0,0.0,0.0
2025-06-09 07:20:00+00:00,0.0,0.0,0.0
2025-06-09 07:30:00+00:00,10.0,0.0,10.0
2025-06-09 07:40:00+00:00,0.0,0.0,0.0
2025-06-09 07:50:00+00:00,0.0,0.0,0.0
2025-06-09 08:00:00+00:00,13.333333333333334,0.0,13.333333333333334
2025-06-09 08:10:00+00:00,0.0,0.0,0.0
2025-06-09 08:20:00+00:00,0.0,0.0,0.0
2025-06-09 08:30:00+00:00,5.0,0.0,5.0
2025-06-09 08:40:00+00:00,0.0,0.0,0.0
2025-06-09 08:50:00+00:00,0.0,0.0,0.0
2025-06-09 09:00:00+00:00,3.3333333333333335,0.0,3.3333333333333335
2025-06-09 09:10:00+00:00,0.0,0.0,0.0
2025-06-09 09:20:00+00:00,0.0,0.0,0.0
2025-06-09 09:30:00+00:00,6.666666666666667,0.0,6.666666666666667
2025-06-09 09:40:00+00:00,0.0,0.0,0.0
2025-06-09 09:50:00+00:00,0.0,0.0,0.0
2025-06-09 10:00:00+00:00,3.3333333333333335,0.0,3.3333333333333335
2025-06-09 10:10:00+00:00,0.0,0.0,0.0
2025-06-09 10:20:00+00:00,0.0,0.0,0.0
2025-06-09 10:30:00+00:00,5.0,0.0,5.0
2025-06-09 10:40:00+00:00,0.0,0.0,0.0
2025-06-09 10:50:00+00:00,0.0,0.0,0.0
2025-06-09 11:00:00+00:00,6.666666666666667,1.6666666666666667,5.0
2025-06-09 11:10:00+00:00,0.0,0.0,0.0
2025-06-09 11:20:00+00:00,0.0,0.0,0.0
2025-06-09 11:30:00+00:00,0.0,0.0,0.0
2025-06-09 11:40:00+00:00,0.0,0.0,0.0
2025-06-09 11:50:00+00:00,0.0,0.0,0.0
2025-06-09 12:00:00+00:00,0.0,0.0,0.0
2025-06-09 12:10:00+00:00,0.0,0.0,0.0
2025-06-09 12:20:00+00:00,0.0,0.0,0.0
2025-06-09 12:30:00+00:00,1.6666666666666667,0.0,1.6666666666666667
2025-06-09 12:40:00+00:00,0.0,0.0,0.0
2025-06-09 12:50:00+00:00,0.0,0.0,0.0
2025-06-09 13:00:00+00:00,1.6666666666666667,1.6666666666666667,0.0
2025-06-09 13:10:00+00:00,0.0,0.0,0.0
2025-06-09 13:20:00+00:00,0.0,0.0,0.0
2025-06-09 13:30:00+00:00,0.0,0.0,0.0
2025-06-09 13:40:00+00:00,0.0,0.0,0.0
2025-06-09 13:50:00+00:00,0.0,0.0,0.0
2025-06-09 14:00:00+00:00,0.0,0.0,0.0
2025-06-09 14:10:00+00:00,0.0,0.0,0.0
2025-06-09 14:20:00+00:00,0.0,0.0,0.0
2025-06-09 14:30:00+00:00,0.0,0.0,0.0
2025-06-09 14:40:00+00:00,0.0,0.0,0.0
2025-06-09 14:50:00+00:00,0.0,0.0,0.0
2025-06-09 15:00:00+00:00,1.6666666666666667,1.6666666666666667,0.0
2025-06-09 15:10:00+00:00,0.0,0.0,0.0
2025-06-09 15:20:00+00:00,0.0,0.0,0.0
2025-06-09 15:30:00+00:00,0.0,0.0,0.0
2025-06-09 15:40:00+00:00,0.0,0.0,0.0
2025-06-09 15:50:00+00:00,0.0,0.0,0.0
2025-06-09 16:00:00+00:00,0.0,0.0,0.0
2025-06-09 16:10:00+00:00,0.0,0.0,0.0
2025-06-09 16:20:00+00:00,0.0,0.0,0.0
2025-06-09 16:30:00+00:00,1.6666666666666667,1.6666666666666667,0.0
2025-06-09 16:40:00+00:00,0.0,0.0,0.0
2025-06-09 16:50:00+00:00,0.0,0.0,0.0
2025-06-09 17:00:00+00:00,0.0,0.0,0.0
2025-06-09 17:10:00+00:00,0.0,0.0,0.0
2025-06-09 17:20:00+00:00,0.0,0.0,0.0
2025-06-09 17:30:00+00:00,0.0,0.0,0.0
2025-06-09 17:40:00+00:00,0.0,0.0,0.0
2025-06-09 17:50:00+00:00,0.0,0.0,0.0
2025-06-09 18:00:00+00:00,0.0,0.0,0.0
2025-06-09 18:10:00+00:00,0.0,0.0,0.0
2025-06-09 18:20:00+00:00,0.0,0.0,0.0
2025-06-09 18:30:00+00:00,0.0,0.0,0.0
2025-06-09 18:40:00+00:00,0.0,0.0,0.0
2025-06-09 18:50:00+00:00,0.0,0.0,0.0
2025-06-09 19:00:00+00:00,0.0,0.0,0.0
2025-06-09 19:10:00+00:00,0.0,0.0,0.0
2025-06-09 19:20:00+00:00,0.0,0.0,0.0
2025-06-09 19:30:00+00:00,0.0,0.0,0.0
2025-06-09 19:40:00+00:00,0.0,0.0,0.0
2025-06-09 19:50:00+00:00,0.0,0.0,0.0
2025-06-09 20:00:00+00:00,0.0,0.0,0.0
2025-06-09 20:10:00+00:00,0.0,0.0,0.0
2025-06-09 20:20:00+00:00,0.0,0.0,0.0
2025-06-09 20:30:00+00:00,0.0,0.0,0.0
2025-06-09 20:40:00+00:00,0.0,0.0,0.0
2025-06-09 20:50:00+00:00,0.0,0.0,0.0
2025-06-09 21:00:00+00:00,0.0,0.0,0.0
2025-06-09 21:10:00+00:00,0.0,0.0,0.0
2025-06-09 21:20:00+00:00,0.0,0.0,0.0
2025-06-09 21:30:00+00:00,0.0,0.0,0.0
2025-06-09 21:40:00+00:00,0.0,0.0,0.0
2025-06-09 21:50:00+00:00,0.0,0.0,0.0
2025-06-09 22:00:00+00:00,1.6666666666666667,0.0,1.6666666666666667
2025-06-09 22:10:00+00:00,0.0,0.0,0.0
2025-06-09 22:20:00+00:00,0.0,0.0,0.0
2025-06-09 22:30:00+00:00,0.0,0.0,0.0
2025-06-09 22:40:00+00:00,0.0,0.0,0.0
2025-06-09 22:50:00+00:00,0.0,0.0,0.0
2025-06-09 23:00:00+00:00,0.0,0.0,0.0
2025-06-09 23:10:00+00:00,0.0,0.0,0.0
2025-06-09 23:20:00+00:00,0.0,0.0,0.0
2025-06-09 23:30:00+00:00,0.0,0.0,0.0
2025-06-09 23:40:00+00:00,0.0,0.0,0.0
2025-06-09 23:50:00+00:00,0.0,0.0,0.0
2025-06-10 00:00:00+00:00,0.0,0.0,0.0
2025-06-10 00:10:00+00:00,0.0,0.0,0.0
2025-06-10 00:20:00+00:00,0.0,0.0,0.0
2025-06-10 00:30:00+00:00,0.0,0.0,0.0
2025-06-10 00:40:00+00:00,0.0,0.0,0.0
2025-06-10 00:50:00+00:00,0.0,0.0,0.0
2025-06-10 01:00:00+00:00,0.0,0.0,0.0
2025-06-10 01:10:00+00:00,0.0,0.0,0.0
2025-06-10 01:20:00+00:00,0.0,0.0,0.0
2025-06-10 01:30:00+00:00,0.0,0.0,0.0
2025-06-10 01:40:00+00:00,0.0,0.0,0.0
2025-06-10 01:50:00+00:00,0.0,0.0,0.0
2025-06-10 02:00:00+00:00,1.6666666666666667,1.6666666666666667,0.0
2025-06-10 02:10:00+00:00,0.0,0.0,0.0
2025-06-10 02:20:00+00:00,0.0,0.0,0.0
2025-06-10 02:30:00+00:00,0.0,0.0,0.0
2025-06-10 02:40:00+00:00,0.0,0.0,0.0
2025-06-10 02:50:00+00:00,0.0,0.0,0.0
2025-06-10 03:00:00+00:00,0.0,0.0,0.0
2025-06-10 03:10:00+00:00,0.0,0.0,0.0
2025-06-10 03:20:00+00:00,0.0,0.0,0.0
2025-06-10 03:30:00+00:00,1.6666666666666667,1.6666666666666667,0.0
2025-06-10 03:40:00+00:00,0.0,0.0,0.0
2025-06-10 03:50:00+00:00,0.0,0.0,0.0
2025-06-10 04:00:00+00:00,0.0,0.0,0.0
2025-06-10 04:10:00+00:00,0.0,0.0,0.0
2025-06-10 04:20:00+00:00,0.0,0.0,0.0
2025-06-10 04:30:00+00:00,1.6666666666666667,1.6666666666666667,0.0
2025-06-10 04:40:00+00:00,0.0,0.0,0.0
2025-06-10 04:50:00+00:00,0.0,0.0,0.0
2025-06-10 05:00:00+00:00,5.0,0.0,5.0
2025-06-10 05:10:00+00:00,0.0,0.0,0.0
2025-06-10 05:20:00+00:00,0.0,0.0,0.0
2025-06-10 05:30:00+00:00,1.6666666666666667,1.6666666666666667,0.0
2025-06-10 05:40:00+00:00,0.0,0.0,0.0
2025-06-10 05:50:00+00:00,0.0,0.0,0.0
2025-06-10 06:00:00+00:00,15.0,10.0,5.0
2025-06-10 06:10:00+00:00,0.0,0.0,0.0
2025-06-10 06:20:00+00:00,0.0,0.0,0.0
2025-06-10 06:30:00+00:00,0.0,0.0,0.0
2025-06-10 06:40:00+00:00,0.0,0.0,0.0
2025-06-10 06:50:00+00:00,0.0,0.0,0.0
2025-06-10 07:00:00+00:00,30.0,0.0,30.0
2025-06-10 07:10:00+00:00,0.0,0.0,0.0
2025-06-10 07:20:00+00:00,0.0,0.0,0.0
2025-06-10 07:30:00+00:00,21.666666666666668,0.0,21.666666666666668
2025-06-10 07:40:00+00:00,0.0,0.0,0.0
2025-06-10 07:50:00+00:00,0.0,0.0,0.0
2025-06-10 08:00:00+00:00,20.0,5.0,18.333333333333332
2025-06-10 08:10:00+00:00,0.0,0.0,0.0
2025-06-10 08:20:00+00:00,0.0,0.0,0.0
2025-06-10 08:30:00+00:00,10.0,0.0,10.0
2025-06-10 08:40:00+00:00,0.0,0.0,0.0
2025-06-10 08:50:00+00:00,0.0,0.0,0.0
2025-06-10 09:00:00+00:00,13.333333333333334,0.0,13.333333333333334
2025-06-10 09:10:00+00:00,0.0,0.0,0.0
2025-06-10 09:20:00+00:00,0.0,0.0,0.0
2025-06-10 09:30:00+00:00,21.666666666666668,1.6666666666666667,20.0
2025-06-10 09:40:00+00:00,0.0,0.0,0.0
2025-06-10 09:50:00+00:00,0.0,0.0,0.0
2025-06-10 10:00:00+00:00,28.333333333333332,0.0,28.333333333333332
2025-06-10 10:10:00+00:00,0.0,0.0,0.0
2025-06-10 10:20:00+00:00,0.0,0.0,0.0
2025-06-10 10:30:00+00:00,31.666666666666664,6.666666666666667,25.0
2025-06-10 10:40:00+00:00,0.0,0.0,0.0
2025-06-10 10:50:00+00:00,0.0,0.0,0.0
2025-06-10 11:00:00+00:00,6.666666666666667,0.0,6.666666666666667
2025-06-10 11:10:00+00:00,0.0,0.0,0.0
2025-06-10 11:20:00+00:00,0.0,0.0,0.0
2025-06-10 11:30:00+00:00,0.0,0.0,0.0
2025-06-10 11:40:00+00:00,0.0,0.0,0.0
2025-06-10 11:50:00+00:00,0.0,0.0,0.0
2025-06-10 12:00:00+00:00,0.0,0.0,0.0
2025-06-10 12:10:00+00:00,0.0,0.0,0.0
2025-06-10 12:20:00+00:00,0.0,0.0,0.0
2025-06-10 12:30:00+00:00,1.6666666666666667,1.6666666666666667,0.0
2025-06-10 12:40:00+00:00,0.0,0.0,0.0
2025-06-10 12:50:00+00:00,0.0,0.0,0.0
2025-06-10 13:00:00+00:00,0.0,0.0,0.0
2025-06-10 13:10:00+00:00,0.0,0.0,0.0
2025-06-10 13:20:00+00:00,0.0,0.0,0.0
2025-06-10 13:30:00+00:00,0.0,0.0,0.0
2025-06-10 13:40:00+00:00,0.0,0.0,0.0
2025-06-10 13:50:00+00:00,0.0,0.0,0.0
2025-06-10 14:00:00+00:00,0.0,0.0,0.0
2025-06-10 14:10:00+00:00,0.0,0.0,0.0
2025-06-10 14:20:00+00:00,0.0,0.0,0.0
2025-06-10 14:30:00+00:00,1.6666666666666667,1.6666666666666667,0.0
2025-06-10 14:40:00+00:00,0.0,0.0,0.0
2025-06-10 14:50:00+00:00,0.0,0.0,0.0
2025-06-10 15:00:00+00:00,0.0,0.0,0.0
2025-06-10 15:10:00+00:00,0.0,0.0,0.0
2025-06-10 15:20:00+00:00,0.0,0.0,0.0
2025-06-10 15:30:00+00:00,0.0,0.0,0.0
2025-06-10 15:40:00+00:00,0.0,0.0,0.0
2025-06-10 15:50:00+00:00,0.0,0.0,0.0
2025-06-10 16:00:00+00:00,0.0,0.0,0.0
2025-06-10 16:10:00+00:00,0.0,0.0,0.0
2025-06-10 16:20:00+00:00,0.0,0.0,0.0
2025-06-10 16:30:00+00:00,0.0,0.0,0.0
2025-06-10 16:40:00+00:00,0.0,0.0,0.0
2025-06-10 16:50:00+00:00,0.0,0.0,0.0
2025-06-10 17:00:00+00:00,0.0,0.0,0.0
2025-06-10 17:10:00+00:00,0.0,0.0,0.0
2025-06-10 17:20:00+00:00,0.0,0.0,0.0
2025-06-10 17:30:00+00:00,0.0,0.0,0.0
2025-06-10 17:40:00+00:00,0.0,0.0,0.0
2025-06-10 17:50:00+00:00,0.0,0.0,0.0
2025-06-10 18:00:00+00:00,0.0,0.0,0.0
2025-06-10 18:10:00+00:00,0.0,0.0,0.0
2025-06-10 18:20:00+00:00,0.0,0.0,0.0
2025-06-10 18:30:00+00:00,0.0,0.0,0.0
2025-06-10 18:40:00+00:00,0.0,0.0,0.0
2025-06-10 18:50:00+00:00,0.0,0.0,0.0
2025-06-10 19:00:00+00:00,0.0,0.0,0.0
2025-06-10 19:10:00+00:00,0.0,0.0,0.0
2025-06-10 19:20:00+00:00,0.0,0.0,0.0
2025-06-10 19:30:00+00:00,0.0,0.0,0.0
2025-06-10 19:40:00+00:00,0.0,0.0,0.0
2025-06-10 19:50:00+00:00,0.0,0.0,0.0
2025-06-10 20:00:00+00:00,0.0,0.0,0.0
2025-06-10 20:10:00+00:00,0.0,0.0,0.0
2025-06-10 20:20:00+00:00,0.0,0.0,0.0
2025-06-10 20:30:00+00:00,0.0,0.0,0.0
2025-06-10 20:40:00+00:00,0.0,0.0,0.0
2025-06-10 20:50:00+00:00,0.0,0.0,0.0
2025-06-10 21:00:00+00:00,0.0,0.0,0.0
2025-06-10 21:10:00+00:00,0.0,0.0,0.0
2025-06-10 21:20:00+00:00,0.0,0.0,0.0
2025-06-10 21:30:00+00:00,1.6666666666666667,1.6666666666666667,0.0
2025-06-10 21:40:00+00:00,0.0,0.0,0.0
2025-06-10 21:50:00+00:00,0.0,0.0,0.0
2025-06-10 22:00:00+00:00,0.0,0.0,0.0
2025-06-10 22:10:00+00:00,0.0,0.0,0.0
2025-06-10 22:20:00+00:00,0.0,0.0,0.0
2025-06-10 22:30:00+00:00,0.0,0.0,0.0
2025-06-10 22:40:00+00:00,0.0,0.0,0.0
2025-06-10 22:50:00+00:00,0.0,0.0,0.0
2025-06-10 23:00:00+00:00,0.0,0.0,0.0
2025-06-10 23:10:00+00:00,0.0,0.0,0.0
2025-06-10 23:20:00+00:00,0.0,0.0,0.0
2025-06-10 23:30:00+00:00,0.0,0.0,0.0
2025-06-10 23:40:00+00:00,0.0,0.0,0.0
2025-06-10 23:50:00+00:00,0.0,0.0,0.0
2025-06-11 00:00:00+00:00,0.0,0.0,0.0
2025-06-11 00:10:00+00:00,0.0,0.0,0.0
2025-06-11 00:20:00+00:00,0.0,0.0,0.0
2025-06-11 00:30:00+00:00,0.0,0.0,0.0
2025-06-11 00:40:00+00:00,0.0,0.0,0.0
2025-06-11 00:50:00+00:00,0.0,0.0,0.0
2025-06-11 01:00:00+00:00,0.0,0.0,0.0
2025-06-11 01:10:00+00:00,0.0,0.0,0.0
2025-06-11 01:20:00+00:00,0.0,0.0,0.0
2025-06-11 01:30:00+00:00,0.0,0.0,0.0
2025-06-11 01:40:00+00:00,0.0,0.0,0.0
2025-06-11 01:50:00+00:00,0.0,0.0,0.0
2025-06-11 02:00:00+00:00,3.3333333333333335,3.3333333333333335,0.0
2025-06-11 02:10:00+00:00,0.0,0.0,0.0
2025-06-11 02:20:00+00:00,0.0,0.0,0.0
2025-06-11 02:30:00+00:00,0.0,0.0,0.0
2025-06-11 02:40:00+00:00,0.0,0.0,0.0
2025-06-11 02:50:00+00:00,0.0,0.0,0.0
2025-06-11 03:00:00+00:00,0.0,0.0,0.0
2025-06-11 03:10:00+00:00,0.0,0.0,0.0
2025-06-11 03:20:00+00:00,0.0,0.0,0.0
2025-06-11 03:30:00+00:00,0.0,0.0,0.0
2025-06-11 03:40:00+00:00,0.0,0.0,0.0
2025-06-11 03:50:00+00:00,0.0,0.0,0.0
2025-06-11 04:00:00+00:00,0.0,0.0,0.0
2025-06-11 04:10:00+00:00,0.0,0.0,0.0
2025-06-11 04:20:00+00:00,0.0,0.0,0.0
2025-06-11 04:30:00+00:00,0.0,0.0,0.0
2025-06-11 04:40:00+00:00,0.0,0.0,0.0
2025-06-11 04:50:00+00:00,0.0,0.0,0.0
2025-06-11 05:00:00+00:00,1.6666666666666667,1.6666666666666667,0.0
2025-06-11 05:10:00+00:00,0.0,0.0,0.0
2025-06-11 05:20:00+00:00,0.0,0.0,0.0
2025-06-11 05:30:00+00:00,68.33333333333333,63.33333333333333,5.0
2025-06-11 05:40:00+00:00,0.0,0.0,0.0
2025-06-11 05:50:00+00:00,0.0,0.0,0.0
2025-06-11 06:00:00+00:00,16.666666666666664,8.333333333333332,8.333333333333332
2025-06-11 06:10:00+00:00,0.0,0.0,0.0
2025-06-11 06:20:00+00:00,0.0,0.0,0.0
2025-06-11 06:30:00+00:00,3.3333333333333335,0.0,3.3333333333333335
2025-06-11 06:40:00+00:00,0.0,0.0,0.0
2025-06-11 06:50:00+00:00,0.0,0.0,0.0
2025-06-11 07:00:00+00:00,1.6666666666666667,0.0,1.6666666666666667
2025-06-11 07:10:00+00:00,0.0,0.0,0.0
2025-06-11 07:20:00+00:00,0.0,0.0,0.0
2025-06-11 07:30:00+00:00,11.666666666666666,0.0,11.666666666666666
2025-06-11 07:40:00+00:00,0.0,0.0,0.0
2025-06-11 07:50:00+00:00,0.0,0.0,0.0
2025-06-11 08:00:00+00:00,23.333333333333332,11.666666666666666,11.666666666666666
2025-06-11 08:10:00+00:00,0.0,0.0,0.0
2025-06-11 08:20:00+00:00,0.0,0.0,0.0
2025-06-11 08:30:00+00:00,6.666666666666667,0.0,6.666666666666667
2025-06-11 08:40:00+00:00,0.0,0.0,0.0
2025-06-11 08:50:00+00:00,0.0,0.0,0.0
2025-06-11 09:00:00+00:00,33.33333333333333,8.333333333333332,25.0
2025-06-11 09:10:00+00:00,0.0,0.0,0.0
2025-06-11 09:20:00+00:00,0.0,0.0,0.0
2025-06-11 09:30:00+00:00,38.333333333333336,0.0,38.333333333333336
2025-06-11 09:40:00+00:00,0.0,0.0,0.0
2025-06-11 09:50:00+00:00,0.0,0.0,0.0
2025-06-11 10:00:00+00:00,28.333333333333332,0.0,28.333333333333332
2025-06-11 10:10:00+00:00,0.0,0.0,0.0
2025-06-11 10:20:00+00:00,0.0,0.0,0.0
2025-06-11 10:30:00+00:00,66.66666666666666,1.6666666666666667,66.66666666666666
2025-06-11 10:40:00+00:00,0.0,0.0,0.0
2025-06-11 10:50:00+00:00,0.0,0.0,0.0
2025-06-11 11:00:00+00:00,28.333333333333332,0.0,28.333333333333332
2025-06-11 11:10:00+00:00,0.0,0.0,0.0
2025-06-11 11:20:00+00:00,0.0,0.0,0.0
2025-06-11 11:30:00+00:00,3.3333333333333335,0.0,3.3333333333333335
2025-06-11 11:40:00+00:00,0.0,0.0,0.0
2025-06-11 11:50:00+00:00,0.0,0.0,0.0
2025-06-11 12:00:00+00:00,1.6666666666666667,0.0,1.6666666666666667
2025-06-11 12:10:00+00:00,0.0,0.0,0.0
2025-06-11 12:20:00+00:00,0.0,0.0,0.0
2025-06-11 12:30:00+00:00,0.0,0.0,0.0
2025-06-11 12:40:00+00:00,0.0,0.0,0.0
2025-06-11 12:50:00+00:00,0.0,0.0,0.0
2025-06-11 13:00:00+00:00,0.0,0.0,0.0
2025-06-11 13:10:00+00:00,0.0,0.0,0.0
2025-06-11 13:20:00+00:00,0.0,0.0,0.0
2025-06-11 13:30:00+00:00,0.0,0.0,0.0
2025-06-11 13:40:00+00:00,0.0,0.0,0.0
2025-06-11 13:50:00+00:00,0.0,0.0,0.0
2025-06-11 14:00:00+00:00,0.0,0.0,0.0
2025-06-11 14:10:00+00:00,0.0,0.0,0.0
2025-06-11 14:20:00+00:00,0.0,0.0,0.0
2025-06-11 14:30:00+00:00,0.0,0.0,0.0
2025-06-11 14:40:00+00:00,0.0,0.0,0.0
2025-06-11 14:50:00+00:00,0.0,0.0,0.0
2025-06-11 15:00:00+00:00,0.0,0.0,0.0
2025-06-11 15:10:00+00:00,0.0,0.0,0.0
2025-06-11 15:20:00+00:00,0.0,0.0,0.0
2025-06-11 15:30:00+00:00,0.0,0.0,0.0
2025-06-11 15:40:00+00:00,0.0,0.0,0.0
2025-06-11 15:50:00+00:00,0.0,0.0,0.0
2025-06-11 16:00:00+00:00,0.0,0.0,0.0
2025-06-11 16:10:00+00:00,0.0,0.0,0.0
2025-06-11 16:20:00+00:00,0.0,0.0,0.0
2025-06-11 16:30:00+00:00,0.0,0.0,0.0
2025-06-11 16:40:00+00:00,0.0,0.0,0.0
2025-06-11 16:50:00+00:00,0.0,0.0,0.0
2025-06-11 17:00:00+00:00,0.0,0.0,0.0
2025-06-11 17:10:00+00:00,0.0,0.0,0.0
2025-06-11 17:20:00+00:00,0.0,0.0,0.0
2025-06-11 17:30:00+00:00,0.0,0.0,0.0
2025-06-11 17:40:00+00:00,0.0,0.0,0.0
2025-06-11 17:50:00+00:00,0.0,0.0,0.0
2025-06-11 18:00:00+00:00,0.0,0.0,0.0
2025-06-11 18:10:00+00:00,0.0,0.0,0.0
2025-06-11 18:20:00+00:00,0.0,0.0,0.0
2025-06-11 18:30:00+00:00,0.0,0.0,0.0
2025-06-11 18:40:00+00:00,0.0,0.0,0.0
2025-06-11 18:50:00+00:00,0.0,0.0,0.0
2025-06-11 19:00:00+00:00,1.6666666666666667,0.0,1.6666666666666667
2025-06-11 19:10:00+00:00,0.0,0.0,0.0
2025-06-11 19:20:00+00:00,0.0,0.0,0.0
2025-06-11 19:30:00+00:00,1.6666666666666667,1.6666666666666667,0.0
2025-06-11 19:40:00+00:00,0.0,0.0,0.0
2025-06-11 19:50:00+00:00,0.0,0.0,0.0
2025-06-11 20:00:00+00:00,0.0,0.0,0.0
2025-06-11 20:10:00+00:00,0.0,0.0,0.0
2025-06-11 20:20:00+00:00,0.0,0.0,0.0
2025-06-11 20:30:00+00:00,0.0,0.0,0.0
2025-06-11 20:40:00+00:00,0.0,0.0,0.0
2025-06-11 20:50:00+00:00,0.0,0.0,0.0
2025-06-11 21:00:00+00:00,0.0,0.0,0.0
2025-06-11 21:10:00+00:00,0.0,0.0,0.0
2025-06-11 21:20:00+00:00,0.0,0.0,0.0
2025-06-11 21:30:00+00:00,0.0,0.0,0.0
2025-06-11 21:40:00+00:00,0.0,0.0,0.0
2025-06-11 21:50:00+00:00,0.0,0.0,0.0
2025-06-11 22:00:00+00:00,0.0,0.0,0.0
2025-06-11 22:10:00+00:00,0.0,0.0,0.0
2025-06-11 22:20:00+00:00,0.0,0.0,0.0
2025-06-11 22:30:00+00:00,0.0,0.0,0.0
2025-06-11 22:40:00+00:00,0.0,0.0,0.0
2025-06-11 22:50:00+00:00,0.0,0.0,0.0
2025-06-11 23:00:00+00:00,0.0,0.0,0.0
2025-06-11 23:10:00+00:00,0.0,0.0,0.0
2025-06-11 23:20:00+00:00,0.0,0.0,0.0
2025-06-11 23:30:00+00:00,0.0,0.0,0.0
2025-06-11 23:40:00+00:00,0.0,0.0,0.0
2025-06-11 23:50:00+00:00,0.0,0.0,0.0
2025-06-12 00:00:00+00:00,1.6666666666666667,1.6666666666666667,0.0
2025-06-12 00:10:00+00:00,0.0,0.0,0.0
2025-06-12 00:20:00+00:00,0.0,0.0,0.0
2025-06-12 00:30:00+00:00,0.0,0.0,0.0
2025-06-12 00:40:00+00:00,0.0,0.0,0.0
2025-06-12 00:50:00+00:00,0.0,0.0,0.0
2025-06-12 01:00:00+00:00,0.0,0.0,0.0
2025-06-12 01:10:00+00:00,0.0,0.0,0.0
2025-06-12 01:20:00+00:00,0.0,0.0,0.0
2025-06-12 01:30:00+00:00,0.0,0.0,0.0
2025-06-12 01:40:00+00:00,0.0,0.0,0.0
2025-06-12 01:50:00+00:00,0.0,0.0,0.0
2025-06-12 02:00:00+00:00,0.0,0.0,0.0
2025-06-12 02:10:00+00:00,0.0,0.0,0.0
2025-06-12 02:20:00+00:00,0.0,0.0,0.0
2025-06-12 02:30:00+00:00,0.0,0.0,0.0
2025-06-12 02:40:00+00:00,0.0,0.0,0.0
2025-06-12 02:50:00+00:00,0.0,0.0,0.0
2025-06-12 03:00:00+00:00,0.0,0.0,0.0
2025-06-12 03:10:00+00:00,0.0,0.0,0.0
2025-06-12 03:20:00+00:00,0.0,0.0,0.0
2025-06-12 03:30:00+00:00,0.0,0.0,0.0
2025-06-12 03:40:00+00:00,0.0,0.0,0.0
2025-06-12 03:50:00+00:00,0.0,0.0,0.0
2025-06-12 04:00:00+00:00,0.0,0.0,0.0
2025-06-12 04:10:00+00:00,0.0,0.0,0.0
2025-06-12 04:20:00+00:00,0.0,0.0,0.0
2025-06-12 04:30:00+00:00,46.666666666666664,5.0,41.66666666666667
2025-06-12 04:40:00+00:00,0.0,0.0,0.0
2025-06-12 04:50:00+00:00,0.0,0.0,0.0
2025-06-12 05:00:00+00:00,93.33333333333333,10.0,85.0
2025-06-12 05:10:00+00:00,0.0,0.0,0.0
2025-06-12 05:20:00+00:00,0.0,0.0,0.0
2025-06-12 05:30:00+00:00,48.333333333333336,1.6666666666666667,46.666666666666664
2025-06-12 05:40:00+00:00,0.0,0.0,0.0
2025-06-12 05:50:00+00:00,0.0,0.0,0.0
2025-06-12 06:00:00+00:00,30.0,11.666666666666666,18.333333333333332
2025-06-12 06:10:00+00:00,0.0,0.0,0.0
2025-06-12 06:20:00+00:00,0.0,0.0,0.0
2025-06-12 06:30:00+00:00,138.33333333333334,0.0,138.33333333333334
2025-06-12 06:40:00+00:00,0.0,0.0,0.0
2025-06-12 06:50:00+00:00,0.0,0.0,0.0
2025-06-12 07:00:00+00:00,101.66666666666666,0.0,101.66666666666666
2025-06-12 07:10:00+00:00,0.0,0.0,0.0
2025-06-12 07:20:00+00:00,0.0,0.0,0.0
2025-06-12 07:30:00+00:00,140.0,0.0,140.0
2025-06-12 07:40:00+00:00,0.0,0.0,0.0
2025-06-12 07:50:00+00:00,0.0,0.0,0.0
2025-06-12 08:00:00+00:00,148.33333333333334,3.3333333333333335,145.0
2025-06-12 08:10:00+00:00,0.0,0.0,0.0
2025-06-12 08:20:00+00:00,0.0,0.0,0.0
2025-06-12 08:30:00+00:00,125.0,0.0,125.0
2025-06-12 08:40:00+00:00,0.0,0.0,0.0
2025-06-12 08:50:00+00:00,0.0,0.0,0.0
2025-06-12 09:00:00+00:00,125.0,5.0,125.0
2025-06-12 09:10:00+00:00,0.0,0.0,0.0
2025-06-12 09:20:00+00:00,0.0,0.0,0.0
2025-06-12 09:30:00+00:00,110.00000000000001,0.0,110.00000000000001
2025-06-12 09:40:00+00:00,0.0,0.0,0.0
2025-06-12 09:50:00+00:00,0.0,0.0,0.0
2025-06-12 10:00:00+00:00,98.33333333333333,10.0,88.33333333333333
2025-06-12 10:10:00+00:00,0.0,0.0,0.0
2025-06-12 10:20:00+00:00,0.0,0.0,0.0
2025-06-12 10:30:00+00:00,114.99999999999999,5.0,113.33333333333333
2025-06-12 10:40:00+00:00,0.0,0.0,0.0
2025-06-12 10:50:00+00:00,0.0,0.0,0.0
2025-06-12 11:00:00+00:00,40.0,0.0,40.0
2025-06-12 11:10:00+00:00,0.0,0.0,0.0
2025-06-12 11:20:00+00:00,0.0,0.0,0.0
2025-06-12 11:30:00+00:00,3.3333333333333335,0.0,3.3333333333333335
2025-06-12 11:40:00+00:00,0.0,0.0,0.0
2025-06-12 11:50:00+00:00,0.0,0.0,0.0
2025-06-12 12:00:00+00:00,0.0,0.0,0.0
2025-06-12 12:10:00+00:00,0.0,0.0,0.0
2025-06-12 12:20:00+00:00,0.0,0.0,0.0
2025-06-12 12:30:00+00:00,0.0,0.0,0.0
2025-06-12 12:40:00+00:00,0.0,0.0,0.0
2025-06-12 12:50:00+00:00,0.0,0.0,0.0
2025-06-12 13:00:00+00:00,1.6666666666666667,1.6666666666666667,0.0
2025-06-12 13:10:00+00:00,0.0,0.0,0.0
2025-06-12 13:20:00+00:00,0.0,0.0,0.0
2025-06-12 13:30:00+00:00,0.0,0.0,0.0
2025-06-12 13:40:00+00:00,0.0,0.0,0.0
2025-06-12 13:50:00+00:00,0.0,0.0,0.0
2025-06-12 14:00:00+00:00,0.0,0.0,0.0
2025-06-12 14:10:00+00:00,0.0,0.0,0.0
2025-06-12 14:20:00+00:00,0.0,0.0,0.0
2025-06-12 14:30:00+00:00,0.0,0.0,0.0
2025-06-12 14:40:00+00:00,0.0,0.0,0.0
2025-06-12 14:50:00+00:00,0.0,0.0,0.0
2025-06-12 15:00:00+00:00,0.0,0.0,0.0
2025-06-12 15:10:00+00:00,0.0,0.0,0.0
2025-06-12 15:20:00+00:00,0.0,0.0,0.0
2025-06-12 15:30:00+00:00,1.6666666666666667,1.6666666666666667,0.0
2025-06-12 15:40:00+00:00,0.0,0.0,0.0
2025-06-12 15:50:00+00:00,0.0,0.0,0.0
2025-06-12 16:00:00+00:00,0.0,0.0,0.0
2025-06-12 16:10:00+00:00,0.0,0.0,0.0
2025-06-12 16:20:00+00:00,0.0,0.0,0.0
2025-06-12 16:40:00+00:00,,,
2025-06-12 16:50:00+00:00,,,
2025-06-12 17:00:00+00:00,,,
2025-06-12 17:10:00+00:00,,,
2025-06-12 17:20:00+00:00,,,
2025-06-12 17:40:00+00:00,,,
2025-06-12 17:50:00+00:00,,,
2025-06-12 18:00:00+00:00,,,
2025-06-12 18:10:00+00:00,,,
2025-06-12 18:20:00+00:00,,,
2025-06-12 18:30:00+00:00,,,
2025-06-12 18:40:00+00:00,,,
2025-06-12 18:50:00+00:00,,,
2025-06-12 19:00:00+00:00,,,
2025-06-12 19:10:00+00:00,,,
2025-06-12 19:20:00+00:00,,,
2025-06-12 19:30:00+00:00,,,
2025-06-12 19:40:00+00:00,,,
2025-06-12 19:50:00+00:00,,,
2025-06-12 20:00:00+00:00,,,
2025-06-12 20:10:00+00:00,,,
2025-06-12 20:20:00+00:00,,,
2025-06-12 20:30:00+00:00,,,
2025-06-12 20:40:00+00:00,,,
2025-06-12 20:50:00+00:00,,,
2025-06-12 21:00:00+00:00,,,
2025-06-12 21:20:00+00:00,,,
2025-06-12 21:30:00+00:00,,,
2025-06-12 21:40:00+00:00,,,
2025-06-12 21:50:00+00:00,,,
2025-06-12 22:00:00+00:00,,,
2025-06-12 22:10:00+00:00,,,
2025-06-12 22:20:00+00:00,,,
2025-06-12 22:30:00+00:00,,,
2025-06-12 22:40:00+00:00,,,
2025-06-12 22:50:00+00:00,,,
2025-06-12 23:00:00+00:00,,,
2025-06-12 23:10:00+00:00,,,
2025-06-12 23:40:00+00:00,,,
2025-06-12 23:50:00+00:00,,,
2025-06-13 00:00:00+00:00,,,
2025-06-13 00:10:00+00:00,,,
2025-06-13 00:20:00+00:00,,,
2025-06-13 00:30:00+00:00,,,
2025-06-13 00:40:00+00:00,,,
2025-06-13 00:50:00+00:00,,,
2025-06-13 01:00:00+00:00,,,
2025-06-13 01:10:00+00:00,,,
2025-06-13 01:20:00+00:00,,,
2025-06-13 01:30:00+00:00,,,
2025-06-13 01:40:00+00:00,,,
2025-06-13 01:50:00+00:00,,,
2025-06-13 02:00:00+00:00,,,
2025-06-13 02:10:00+00:00,,,
2025-06-13 02:20:00+00:00,,,
2025-06-13 02:30:00+00:00,,,
2025-06-13 02:40:00+00:00,,,
2025-06-13 02:50:00+00:00,,,
2025-06-13 03:00:00+00:00,,,
2025-06-13 03:40:00+00:00,,,
2025-06-13 03:50:00+00:00,,,
2025-06-13 04:00:00+00:00,,,
2025-06-13 04:10:00+00:00,,,
2025-06-13 04:20:00+00:00,,,
2025-06-13 04:30:00+00:00,,,
2025-06-13 04:40:00+00:00,,,
2025-06-13 04:50:00+00:00,,,
2025-06-13 05:00:00+00:00,,,
2025-06-13 05:10:00+00:00,,,
2025-06-13 05:20:00+00:00,,,
2025-06-13 05:30:00+00:00,,,
2025-06-13 05:40:00+00:00,,,
2025-06-13 05:50:00+00:00,,,
2025-06-13 06:00:00+00:00,,,
2025-06-13 06:10:00+00:00,,,
2025-06-13 06:20:00+00:00,,,
2025-06-13 06:40:00+00:00,,,
2025-06-13 06:50:00+00:00,,,
2025-06-13 07:00:00+00:00,,,
2025-06-13 07:10:00+00:00,,,
2025-06-13 07:20:00+00:00,,,
2025-06-13 07:30:00+00:00,,,
2025-06-13 07:40:00+00:00,,,
2025-06-13 07:50:00+00:00,,,
2025-06-13 08:00:00+00:00,,,
2025-06-13 08:10:00+00:00,,,
2025-06-13 08:20:00+00:00,,,
2025-06-13 08:30:00+00:00,,,
2025-06-13 08:40:00+00:00,,,
2025-06-13 09:00:00+00:00,,,
2025-06-13 09:10:00+00:00,,,
2025-06-13 09:20:00+00:00,,,
2025-06-13 09:30:00+00:00,,,
2025-06-13 09:40:00+00:00,,,
2025-06-13 09:50:00+00:00,,,
2025-06-13 10:00:00+00:00,,,
2025-06-13 10:10:00+00:00,,,
2025-06-13 10:20:00+00:00,,,
2025-06-13 10:30:00+00:00,,,
2025-06-13 10:40:00+00:00,,,
2025-06-13 10:50:00+00:00,,,
2025-06-13 11:00:00+00:00,,,
2025-06-13 11:10:00+00:00,,,
2025-06-13 11:20:00+00:00,,,
2025-06-13 11:30:00+00:00,,,
2025-06-13 11:40:00+00:00,,,
2025-06-13 11:50:00+00:00,,,
2025-06-13 12:10:00+00:00,,,
2025-06-13 12:20:00+00:00,,,
2025-06-13 12:30:00+00:00,,,
2025-06-13 12:40:00+00:00,,,
2025-06-13 12:50:00+00:00,,,
2025-06-13 13:00:00+00:00,,,
2025-06-13 13:10:00+00:00,,,
2025-06-13 13:20:00+00:00,,,
2025-06-13 13:30:00+00:00,,,
2025-06-13 13:40:00+00:00,,,
2025-06-13 13:50:00+00:00,,,
2025-06-13 14:00:00+00:00,,,
2025-06-13 14:10:00+00:00,,,
2025-06-13 14:20:00+00:00,,,
2025-06-13 14:30:00+00:00,,,
2025-06-13 14:40:00+00:00,,,
2025-06-13 14:50:00+00:00,,,
2025-06-13 15:00:00+00:00,,,
2025-06-13 15:10:00+00:00,,,
2025-06-13 15:20:00+00:00,,,
2025-06-13 15:30:00+00:00,,,
2025-06-13 15:40:00+00:00,,,
2025-06-13 15:50:00+00:00,,,
2025-06-13 16:00:00+00:00,,,
2025-06-13 16:10:00+00:00,,,
2025-06-13 16:30:00+00:00,,,
2025-06-13 16:40:00+00:00,,,
2025-06-13 16:50:00+00:00,,,
2025-06-13 17:00:00+00:00,,,
2025-06-13 17:10:00+00:00,,,
2025-06-13 17:20:00+00:00,,,
2025-06-13 17:30:00+00:00,,,
2025-06-13 17:40:00+00:00,,,
2025-06-13 17:50:00+00:00,,,
2025-06-13 18:10:00+00:00,,,
