date_and_time_UTC,bout_time_percentage,LFbout_time_percentage,HFbout_time_percentage
2025-05-09 20:50:00+00:00,0.0,0.0,0.0
2025-05-09 21:00:00+00:00,0.0,0.0,0.0
2025-05-09 21:10:00+00:00,0.0,0.0,0.0
2025-05-09 21:20:00+00:00,0.0,0.0,0.0
2025-05-09 21:30:00+00:00,0.0389,0.0389,0.0
2025-05-09 21:40:00+00:00,0.0,0.0,0.0
2025-05-09 21:50:00+00:00,0.0,0.0,0.0
2025-05-09 22:00:00+00:00,0.0,0.0,0.0
2025-05-09 22:10:00+00:00,0.0,0.0,0.0
2025-05-09 22:20:00+00:00,0.0,0.0,0.0
2025-05-09 22:30:00+00:00,0.0,0.0,0.0
2025-05-09 22:40:00+00:00,0.0,0.0,0.0
2025-05-09 22:50:00+00:00,0.0,0.0,0.0
2025-05-09 23:00:00+00:00,0.0,0.0,0.0
2025-05-09 23:10:00+00:00,0.0,0.0,0.0
2025-05-09 23:20:00+00:00,0.0,0.0,0.0
2025-05-09 23:30:00+00:00,0.0,0.0,0.0
2025-05-09 23:40:00+00:00,0.0,0.0,0.0
2025-05-09 23:50:00+00:00,0.0,0.0,0.0
2025-05-10 00:00:00+00:00,0.0,0.0,0.0
2025-05-10 00:10:00+00:00,0.0,0.0,0.0
2025-05-10 00:20:00+00:00,0.0,0.0,0.0
2025-05-10 00:30:00+00:00,0.0,0.0,0.0
2025-05-10 00:40:00+00:00,0.0,0.0,0.0
2025-05-10 00:50:00+00:00,0.0,0.0,0.0
2025-05-10 01:00:00+00:00,0.0,0.0,0.0
2025-05-10 01:10:00+00:00,0.0,0.0,0.0
2025-05-10 01:20:00+00:00,0.0,0.0,0.0
2025-05-10 01:30:00+00:00,0.0,0.0,0.0
2025-05-10 01:40:00+00:00,0.0,0.0,0.0
2025-05-10 01:50:00+00:00,0.0,0.0,0.0
2025-05-10 02:00:00+00:00,0.0,0.0,0.0
2025-05-10 02:10:00+00:00,0.0,0.0,0.0
2025-05-10 02:20:00+00:00,0.0,0.0,0.0
2025-05-10 02:30:00+00:00,0.0,0.0,0.0
2025-05-10 02:40:00+00:00,0.0,0.0,0.0
2025-05-10 02:50:00+00:00,0.0,0.0,0.0
2025-05-10 03:00:00+00:00,0.0,0.0,0.0
2025-05-10 03:10:00+00:00,0.0,0.0,0.0
2025-05-10 03:20:00+00:00,0.0,0.0,0.0
2025-05-10 03:30:00+00:00,0.0,0.0,0.0
2025-05-10 03:40:00+00:00,0.0,0.0,0.0
2025-05-10 03:50:00+00:00,0.0,0.0,0.0
2025-05-10 04:00:00+00:00,47.084433333333344,2.6954333333333333,44.389
2025-05-10 04:10:00+00:00,0.0,0.0,0.0
2025-05-10 04:20:00+00:00,0.0,0.0,0.0
2025-05-10 04:30:00+00:00,26.589999999999996,1.9480666666666666,24.641933333333334
2025-05-10 04:40:00+00:00,0.0,0.0,0.0
2025-05-10 04:50:00+00:00,0.0,0.0,0.0
2025-05-10 05:00:00+00:00,20.25389966666667,2.553,17.70089966666667
2025-05-10 05:10:00+00:00,0.0,0.0,0.0
2025-05-10 05:20:00+00:00,0.0,0.0,0.0
2025-05-10 05:30:00+00:00,19.3069,0.0,19.3069
2025-05-10 05:40:00+00:00,0.0,0.0,0.0
2025-05-10 05:50:00+00:00,0.0,0.0,0.0
2025-05-10 06:00:00+00:00,1.0489,0.0,1.0489
2025-05-10 06:10:00+00:00,0.0,0.0,0.0
2025-05-10 06:20:00+00:00,0.0,0.0,0.0
2025-05-10 06:30:00+00:00,4.469033,0.0,4.469033
2025-05-10 06:40:00+00:00,0.0,0.0,0.0
2025-05-10 06:50:00+00:00,0.0,0.0,0.0
2025-05-10 07:00:00+00:00,11.902966666666668,0.0,11.902966666666668
2025-05-10 07:10:00+00:00,0.0,0.0,0.0
2025-05-10 07:20:00+00:00,0.0,0.0,0.0
2025-05-10 07:30:00+00:00,38.710133,0.9508333333333334,37.759299666666664
2025-05-10 07:40:00+00:00,0.0,0.0,0.0
2025-05-10 07:50:00+00:00,0.0,0.0,0.0
2025-05-10 08:00:00+00:00,17.587566666666667,0.0,17.587566666666667
2025-05-10 08:10:00+00:00,0.0,0.0,0.0
2025-05-10 08:20:00+00:00,0.0,0.0,0.0
2025-05-10 08:30:00+00:00,17.008066666666664,0.42493333333333333,16.583133333333333
2025-05-10 08:40:00+00:00,0.0,0.0,0.0
2025-05-10 08:50:00+00:00,0.0,0.0,0.0
2025-05-10 09:00:00+00:00,20.642366666666664,2.8233333333333337,17.81903333333333
2025-05-10 09:10:00+00:00,0.0,0.0,0.0
2025-05-10 09:20:00+00:00,0.0,0.0,0.0
2025-05-10 09:30:00+00:00,33.610433,1.6992666666666667,31.91116633333333
2025-05-10 09:40:00+00:00,0.0,0.0,0.0
2025-05-10 09:50:00+00:00,0.0,0.0,0.0
2025-05-10 10:00:00+00:00,84.0826,0.0,84.0826
2025-05-10 10:10:00+00:00,0.0,0.0,0.0
2025-05-10 10:20:00+00:00,0.0,0.0,0.0
2025-05-10 10:30:00+00:00,58.52556666666666,0.0,58.52556666666666
2025-05-10 10:40:00+00:00,0.0,0.0,0.0
2025-05-10 10:50:00+00:00,0.0,0.0,0.0
2025-05-10 11:00:00+00:00,22.071133333333336,0.0,22.071133333333336
2025-05-10 11:10:00+00:00,0.0,0.0,0.0
2025-05-10 11:20:00+00:00,0.0,0.0,0.0
2025-05-10 11:30:00+00:00,24.78016666666667,0.0,24.78016666666667
2025-05-10 11:40:00+00:00,0.0,0.0,0.0
2025-05-10 11:50:00+00:00,0.0,0.0,0.0
2025-05-10 12:00:00+00:00,0.7302333333333333,0.06219999999999999,0.6680333333333334
2025-05-10 12:10:00+00:00,0.0,0.0,0.0
2025-05-10 12:20:00+00:00,0.0,0.0,0.0
2025-05-10 12:30:00+00:00,0.0,0.0,0.0
2025-05-10 12:40:00+00:00,0.0,0.0,0.0
2025-05-10 12:50:00+00:00,0.0,0.0,0.0
2025-05-10 13:00:00+00:00,0.0,0.0,0.0
2025-05-10 13:10:00+00:00,0.0,0.0,0.0
2025-05-10 13:20:00+00:00,0.0,0.0,0.0
2025-05-10 13:30:00+00:00,0.0,0.0,0.0
2025-05-10 13:40:00+00:00,0.0,0.0,0.0
2025-05-10 13:50:00+00:00,0.0,0.0,0.0
2025-05-10 14:00:00+00:00,0.0,0.0,0.0
2025-05-10 14:10:00+00:00,0.0,0.0,0.0
2025-05-10 14:20:00+00:00,0.0,0.0,0.0
2025-05-10 14:30:00+00:00,0.0,0.0,0.0
2025-05-10 14:40:00+00:00,0.0,0.0,0.0
2025-05-10 14:50:00+00:00,0.0,0.0,0.0
2025-05-10 15:00:00+00:00,0.0,0.0,0.0
2025-05-10 15:10:00+00:00,0.0,0.0,0.0
2025-05-10 15:20:00+00:00,0.0,0.0,0.0
2025-05-10 15:30:00+00:00,0.0,0.0,0.0
2025-05-10 15:40:00+00:00,0.0,0.0,0.0
2025-05-10 15:50:00+00:00,0.0,0.0,0.0
2025-05-10 16:00:00+00:00,0.0,0.0,0.0
2025-05-10 16:10:00+00:00,0.0,0.0,0.0
2025-05-10 16:20:00+00:00,0.0,0.0,0.0
2025-05-10 16:30:00+00:00,0.0,0.0,0.0
2025-05-10 16:40:00+00:00,0.0,0.0,0.0
2025-05-10 16:50:00+00:00,0.0,0.0,0.0
2025-05-10 17:00:00+00:00,0.0,0.0,0.0
2025-05-10 17:10:00+00:00,0.0,0.0,0.0
2025-05-10 17:20:00+00:00,0.0,0.0,0.0
2025-05-10 17:30:00+00:00,0.0,0.0,0.0
2025-05-10 17:40:00+00:00,0.0,0.0,0.0
2025-05-10 17:50:00+00:00,0.0,0.0,0.0
2025-05-10 18:00:00+00:00,0.0,0.0,0.0
2025-05-10 18:10:00+00:00,0.0,0.0,0.0
2025-05-10 18:20:00+00:00,0.0,0.0,0.0
2025-05-10 18:30:00+00:00,0.0,0.0,0.0
2025-05-10 18:40:00+00:00,0.0,0.0,0.0
2025-05-10 18:50:00+00:00,0.0,0.0,0.0
2025-05-10 19:00:00+00:00,0.10253333333333332,0.10253333333333332,0.0
2025-05-10 19:10:00+00:00,0.0,0.0,0.0
2025-05-10 19:20:00+00:00,0.0,0.0,0.0
2025-05-10 19:30:00+00:00,0.0,0.0,0.0
2025-05-10 19:40:00+00:00,0.0,0.0,0.0
2025-05-10 19:50:00+00:00,0.0,0.0,0.0
2025-05-10 20:00:00+00:00,0.0,0.0,0.0
2025-05-10 20:10:00+00:00,0.0,0.0,0.0
2025-05-10 20:20:00+00:00,0.0,0.0,0.0
2025-05-10 20:30:00+00:00,0.0,0.0,0.0
2025-05-10 20:40:00+00:00,0.0,0.0,0.0
2025-05-10 20:50:00+00:00,0.0,0.0,0.0
2025-05-10 21:00:00+00:00,0.0,0.0,0.0
2025-05-10 21:10:00+00:00,0.0,0.0,0.0
2025-05-10 21:20:00+00:00,0.0,0.0,0.0
2025-05-10 21:30:00+00:00,0.0,0.0,0.0
2025-05-10 21:40:00+00:00,0.0,0.0,0.0
2025-05-10 21:50:00+00:00,0.0,0.0,0.0
2025-05-10 22:00:00+00:00,0.06076666666666666,0.06076666666666666,0.0
2025-05-10 22:10:00+00:00,0.0,0.0,0.0
2025-05-10 22:20:00+00:00,0.0,0.0,0.0
2025-05-10 22:30:00+00:00,0.0,0.0,0.0
2025-05-10 22:40:00+00:00,0.0,0.0,0.0
2025-05-10 22:50:00+00:00,0.0,0.0,0.0
2025-05-10 23:00:00+00:00,0.0,0.0,0.0
2025-05-10 23:10:00+00:00,0.0,0.0,0.0
2025-05-10 23:20:00+00:00,0.0,0.0,0.0
2025-05-10 23:30:00+00:00,0.0,0.0,0.0
2025-05-10 23:40:00+00:00,0.0,0.0,0.0
2025-05-10 23:50:00+00:00,0.0,0.0,0.0
2025-05-11 00:00:00+00:00,0.0,0.0,0.0
2025-05-11 00:10:00+00:00,0.0,0.0,0.0
2025-05-11 00:20:00+00:00,0.0,0.0,0.0
2025-05-11 00:30:00+00:00,0.0,0.0,0.0
2025-05-11 00:40:00+00:00,0.0,0.0,0.0
2025-05-11 00:50:00+00:00,0.0,0.0,0.0
2025-05-11 01:00:00+00:00,0.0,0.0,0.0
2025-05-11 01:10:00+00:00,0.0,0.0,0.0
2025-05-11 01:20:00+00:00,0.0,0.0,0.0
2025-05-11 01:30:00+00:00,0.0,0.0,0.0
2025-05-11 01:40:00+00:00,0.0,0.0,0.0
2025-05-11 01:50:00+00:00,0.0,0.0,0.0
2025-05-11 02:00:00+00:00,0.12016666666666666,0.12016666666666666,0.0
2025-05-11 02:10:00+00:00,0.0,0.0,0.0
2025-05-11 02:20:00+00:00,0.0,0.0,0.0
2025-05-11 02:30:00+00:00,0.0,0.0,0.0
2025-05-11 02:40:00+00:00,0.0,0.0,0.0
2025-05-11 02:50:00+00:00,0.0,0.0,0.0
2025-05-11 03:00:00+00:00,0.0,0.0,0.0
2025-05-11 03:10:00+00:00,0.0,0.0,0.0
2025-05-11 03:20:00+00:00,0.0,0.0,0.0
2025-05-11 03:30:00+00:00,0.0,0.0,0.0
2025-05-11 03:40:00+00:00,0.0,0.0,0.0
2025-05-11 03:50:00+00:00,0.0,0.0,0.0
2025-05-11 04:00:00+00:00,55.3542,30.364566666666665,24.989633333333337
2025-05-11 04:10:00+00:00,0.0,0.0,0.0
2025-05-11 04:20:00+00:00,0.0,0.0,0.0
2025-05-11 04:30:00+00:00,188.10546666666667,0.6942000000000002,187.41126666666665
2025-05-11 04:40:00+00:00,0.0,0.0,0.0
2025-05-11 04:50:00+00:00,0.0,0.0,0.0
2025-05-11 05:00:00+00:00,293.4304,2.6385666666666667,290.79183333333333
2025-05-11 05:10:00+00:00,0.0,0.0,0.0
2025-05-11 05:20:00+00:00,0.0,0.0,0.0
2025-05-11 05:30:00+00:00,242.03783333333334,0.0,242.03783333333334
2025-05-11 05:40:00+00:00,0.0,0.0,0.0
2025-05-11 05:50:00+00:00,0.0,0.0,0.0
2025-05-11 06:00:00+00:00,298.97023333333334,15.275533333333332,283.6947
2025-05-11 06:10:00+00:00,0.0,0.0,0.0
2025-05-11 06:20:00+00:00,0.0,0.0,0.0
2025-05-11 06:30:00+00:00,260.58303333333333,0.0,260.58303333333333
2025-05-11 06:40:00+00:00,0.0,0.0,0.0
2025-05-11 06:50:00+00:00,0.0,0.0,0.0
2025-05-11 07:00:00+00:00,275.18263333333334,0.29683333333333334,274.88579999999996
2025-05-11 07:10:00+00:00,0.0,0.0,0.0
2025-05-11 07:20:00+00:00,0.0,0.0,0.0
2025-05-11 07:30:00+00:00,159.36946633333332,0.0,159.36946633333332
2025-05-11 07:40:00+00:00,0.0,0.0,0.0
2025-05-11 07:50:00+00:00,0.0,0.0,0.0
2025-05-11 08:00:00+00:00,88.86039966666665,26.116266333333332,62.74413333333333
2025-05-11 08:10:00+00:00,0.0,0.0,0.0
2025-05-11 08:20:00+00:00,0.0,0.0,0.0
2025-05-11 08:30:00+00:00,336.5976333333333,69.70753333333334,266.8901
2025-05-11 08:40:00+00:00,0.0,0.0,0.0
2025-05-11 08:50:00+00:00,0.0,0.0,0.0
2025-05-11 09:00:00+00:00,277.66866666666664,45.2219,232.4467666666667
2025-05-11 09:10:00+00:00,0.0,0.0,0.0
2025-05-11 09:20:00+00:00,0.0,0.0,0.0
2025-05-11 09:30:00+00:00,325.9009,55.68753333333334,270.21336666666673
2025-05-11 09:40:00+00:00,0.0,0.0,0.0
2025-05-11 09:50:00+00:00,0.0,0.0,0.0
2025-05-11 10:00:00+00:00,298.70976633333333,60.535933,238.17383333333333
2025-05-11 10:10:00+00:00,0.0,0.0,0.0
2025-05-11 10:20:00+00:00,0.0,0.0,0.0
2025-05-11 10:30:00+00:00,178.90296633333332,1.594366666666667,177.30859966666665
2025-05-11 10:40:00+00:00,0.0,0.0,0.0
2025-05-11 10:50:00+00:00,0.0,0.0,0.0
2025-05-11 11:00:00+00:00,51.8785,1.8772,50.0013
2025-05-11 11:10:00+00:00,0.0,0.0,0.0
2025-05-11 11:20:00+00:00,0.0,0.0,0.0
2025-05-11 11:30:00+00:00,22.932000000000002,1.3713000000000002,21.5607
2025-05-11 11:40:00+00:00,0.0,0.0,0.0
2025-05-11 11:50:00+00:00,0.0,0.0,0.0
2025-05-11 12:00:00+00:00,1.2646333333333335,0.0,1.2646333333333335
2025-05-11 12:10:00+00:00,0.0,0.0,0.0
2025-05-11 12:20:00+00:00,0.0,0.0,0.0
2025-05-11 12:30:00+00:00,0.0,0.0,0.0
2025-05-11 12:40:00+00:00,0.0,0.0,0.0
2025-05-11 12:50:00+00:00,0.0,0.0,0.0
2025-05-11 13:00:00+00:00,0.0,0.0,0.0
2025-05-11 13:10:00+00:00,0.0,0.0,0.0
2025-05-11 13:20:00+00:00,0.0,0.0,0.0
2025-05-11 13:30:00+00:00,0.0,0.0,0.0
2025-05-11 13:40:00+00:00,0.0,0.0,0.0
2025-05-11 13:50:00+00:00,0.0,0.0,0.0
2025-05-11 14:00:00+00:00,0.0,0.0,0.0
2025-05-11 14:10:00+00:00,0.0,0.0,0.0
2025-05-11 14:20:00+00:00,0.0,0.0,0.0
2025-05-11 14:30:00+00:00,0.0,0.0,0.0
2025-05-11 14:40:00+00:00,0.0,0.0,0.0
2025-05-11 14:50:00+00:00,0.0,0.0,0.0
2025-05-11 15:00:00+00:00,0.0,0.0,0.0
2025-05-11 15:10:00+00:00,0.0,0.0,0.0
2025-05-11 15:20:00+00:00,0.0,0.0,0.0
2025-05-11 15:30:00+00:00,0.0,0.0,0.0
2025-05-11 15:40:00+00:00,0.0,0.0,0.0
2025-05-11 15:50:00+00:00,0.0,0.0,0.0
2025-05-11 16:00:00+00:00,0.13506666666666667,0.13506666666666667,0.0
2025-05-11 16:10:00+00:00,0.0,0.0,0.0
2025-05-11 16:20:00+00:00,0.0,0.0,0.0
2025-05-11 16:30:00+00:00,0.0,0.0,0.0
2025-05-11 16:40:00+00:00,0.0,0.0,0.0
2025-05-11 16:50:00+00:00,0.0,0.0,0.0
2025-05-11 17:00:00+00:00,0.0,0.0,0.0
2025-05-11 17:10:00+00:00,0.0,0.0,0.0
2025-05-11 17:20:00+00:00,0.0,0.0,0.0
2025-05-11 17:30:00+00:00,0.0,0.0,0.0
2025-05-11 17:40:00+00:00,0.0,0.0,0.0
2025-05-11 17:50:00+00:00,0.0,0.0,0.0
2025-05-11 18:00:00+00:00,0.0,0.0,0.0
2025-05-11 18:10:00+00:00,0.0,0.0,0.0
2025-05-11 18:20:00+00:00,0.0,0.0,0.0
2025-05-11 18:30:00+00:00,0.09923333333333334,0.09923333333333334,0.0
2025-05-11 18:40:00+00:00,0.0,0.0,0.0
2025-05-11 18:50:00+00:00,0.0,0.0,0.0
2025-05-11 19:00:00+00:00,0.0,0.0,0.0
2025-05-11 19:10:00+00:00,0.0,0.0,0.0
2025-05-11 19:20:00+00:00,0.0,0.0,0.0
2025-05-11 19:30:00+00:00,0.0,0.0,0.0
2025-05-11 19:40:00+00:00,0.0,0.0,0.0
2025-05-11 19:50:00+00:00,0.0,0.0,0.0
2025-05-11 20:00:00+00:00,0.0,0.0,0.0
2025-05-11 20:10:00+00:00,0.0,0.0,0.0
2025-05-11 20:20:00+00:00,0.0,0.0,0.0
2025-05-11 20:30:00+00:00,0.0,0.0,0.0
2025-05-11 20:40:00+00:00,0.0,0.0,0.0
2025-05-11 20:50:00+00:00,0.0,0.0,0.0
2025-05-11 21:00:00+00:00,0.0,0.0,0.0
2025-05-11 21:10:00+00:00,0.0,0.0,0.0
2025-05-11 21:20:00+00:00,0.0,0.0,0.0
2025-05-11 21:30:00+00:00,0.0,0.0,0.0
2025-05-11 21:40:00+00:00,0.0,0.0,0.0
2025-05-11 21:50:00+00:00,0.0,0.0,0.0
2025-05-11 22:00:00+00:00,0.0,0.0,0.0
2025-05-11 22:10:00+00:00,0.0,0.0,0.0
2025-05-11 22:20:00+00:00,0.0,0.0,0.0
2025-05-11 22:30:00+00:00,0.0,0.0,0.0
2025-05-11 22:40:00+00:00,0.0,0.0,0.0
2025-05-11 22:50:00+00:00,0.0,0.0,0.0
2025-05-11 23:00:00+00:00,0.0,0.0,0.0
2025-05-11 23:10:00+00:00,0.0,0.0,0.0
2025-05-11 23:20:00+00:00,0.0,0.0,0.0
2025-05-11 23:30:00+00:00,0.0,0.0,0.0
2025-05-11 23:40:00+00:00,0.0,0.0,0.0
2025-05-11 23:50:00+00:00,0.0,0.0,0.0
2025-05-12 00:00:00+00:00,0.0,0.0,0.0
2025-05-12 00:10:00+00:00,0.0,0.0,0.0
2025-05-12 00:20:00+00:00,0.0,0.0,0.0
2025-05-12 00:30:00+00:00,0.0,0.0,0.0
2025-05-12 00:40:00+00:00,0.0,0.0,0.0
2025-05-12 00:50:00+00:00,0.0,0.0,0.0
2025-05-12 01:00:00+00:00,0.0,0.0,0.0
2025-05-12 01:10:00+00:00,0.0,0.0,0.0
2025-05-12 01:20:00+00:00,0.0,0.0,0.0
2025-05-12 01:30:00+00:00,0.0,0.0,0.0
2025-05-12 01:40:00+00:00,0.0,0.0,0.0
2025-05-12 01:50:00+00:00,0.0,0.0,0.0
2025-05-12 02:00:00+00:00,0.0,0.0,0.0
2025-05-12 02:10:00+00:00,0.0,0.0,0.0
2025-05-12 02:20:00+00:00,0.0,0.0,0.0
2025-05-12 02:30:00+00:00,0.0,0.0,0.0
2025-05-12 02:40:00+00:00,0.0,0.0,0.0
2025-05-12 02:50:00+00:00,0.0,0.0,0.0
2025-05-12 03:00:00+00:00,0.0,0.0,0.0
2025-05-12 03:10:00+00:00,0.0,0.0,0.0
2025-05-12 03:20:00+00:00,0.0,0.0,0.0
2025-05-12 03:30:00+00:00,0.0,0.0,0.0
2025-05-12 03:40:00+00:00,0.0,0.0,0.0
2025-05-12 03:50:00+00:00,0.0,0.0,0.0
2025-05-12 04:00:00+00:00,23.3433,3.0663,20.277
2025-05-12 04:10:00+00:00,0.0,0.0,0.0
2025-05-12 04:20:00+00:00,0.0,0.0,0.0
2025-05-12 04:30:00+00:00,29.912133333333337,1.6688666666666665,28.243266666666667
2025-05-12 04:40:00+00:00,0.0,0.0,0.0
2025-05-12 04:50:00+00:00,0.0,0.0,0.0
2025-05-12 05:00:00+00:00,154.41713333333334,130.76323333333332,23.653899999999997
2025-05-12 05:10:00+00:00,0.0,0.0,0.0
2025-05-12 05:20:00+00:00,0.0,0.0,0.0
2025-05-12 05:30:00+00:00,39.08163333333333,12.881133333333333,26.200499999999998
2025-05-12 05:40:00+00:00,0.0,0.0,0.0
2025-05-12 05:50:00+00:00,0.0,0.0,0.0
2025-05-12 06:00:00+00:00,93.5197,39.44163333333333,54.07806666666666
2025-05-12 06:10:00+00:00,0.0,0.0,0.0
2025-05-12 06:20:00+00:00,0.0,0.0,0.0
2025-05-12 06:30:00+00:00,52.258933000000006,44.64416633333334,7.614766666666667
2025-05-12 06:40:00+00:00,0.0,0.0,0.0
2025-05-12 06:50:00+00:00,0.0,0.0,0.0
2025-05-12 07:00:00+00:00,10.915366666666666,10.915366666666666,0.0
2025-05-12 07:10:00+00:00,0.0,0.0,0.0
2025-05-12 07:20:00+00:00,0.0,0.0,0.0
2025-05-12 07:30:00+00:00,33.3948,26.420033333333333,6.974766666666667
2025-05-12 07:40:00+00:00,0.0,0.0,0.0
2025-05-12 07:50:00+00:00,0.0,0.0,0.0
2025-05-12 08:00:00+00:00,35.7303,33.322266666666664,2.408033333333333
2025-05-12 08:10:00+00:00,0.0,0.0,0.0
2025-05-12 08:20:00+00:00,0.0,0.0,0.0
2025-05-12 08:30:00+00:00,117.14479966666667,8.410133333333333,108.73466633333334
2025-05-12 08:40:00+00:00,0.0,0.0,0.0
2025-05-12 08:50:00+00:00,0.0,0.0,0.0
2025-05-12 09:00:00+00:00,234.6889,0.0,234.6889
2025-05-12 09:10:00+00:00,0.0,0.0,0.0
2025-05-12 09:20:00+00:00,0.0,0.0,0.0
2025-05-12 09:30:00+00:00,178.91806666666665,0.0,178.91806666666665
2025-05-12 09:40:00+00:00,0.0,0.0,0.0
2025-05-12 09:50:00+00:00,0.0,0.0,0.0
2025-05-12 10:00:00+00:00,146.00813333333335,0.0,146.00813333333335
2025-05-12 10:10:00+00:00,0.0,0.0,0.0
2025-05-12 10:20:00+00:00,0.0,0.0,0.0
2025-05-12 10:30:00+00:00,207.488633,0.7153,206.77333300000004
2025-05-12 10:40:00+00:00,0.0,0.0,0.0
2025-05-12 10:50:00+00:00,0.0,0.0,0.0
2025-05-12 11:00:00+00:00,100.49283333333334,0.0,100.49283333333334
2025-05-12 11:10:00+00:00,0.0,0.0,0.0
2025-05-12 11:20:00+00:00,0.0,0.0,0.0
2025-05-12 11:30:00+00:00,0.5493,0.0,0.5493
2025-05-12 11:40:00+00:00,0.0,0.0,0.0
2025-05-12 11:50:00+00:00,0.0,0.0,0.0
2025-05-12 12:00:00+00:00,0.0,0.0,0.0
2025-05-12 12:10:00+00:00,0.0,0.0,0.0
2025-05-12 12:20:00+00:00,0.0,0.0,0.0
2025-05-12 12:30:00+00:00,0.0,0.0,0.0
2025-05-12 12:40:00+00:00,0.0,0.0,0.0
2025-05-12 12:50:00+00:00,0.0,0.0,0.0
2025-05-12 13:00:00+00:00,0.0,0.0,0.0
2025-05-12 13:10:00+00:00,0.0,0.0,0.0
2025-05-12 13:20:00+00:00,0.0,0.0,0.0
2025-05-12 13:30:00+00:00,0.0,0.0,0.0
2025-05-12 13:40:00+00:00,0.0,0.0,0.0
2025-05-12 13:50:00+00:00,0.0,0.0,0.0
2025-05-12 14:00:00+00:00,0.0,0.0,0.0
2025-05-12 14:10:00+00:00,0.0,0.0,0.0
2025-05-12 14:20:00+00:00,0.0,0.0,0.0
2025-05-12 14:30:00+00:00,0.0,0.0,0.0
2025-05-12 14:40:00+00:00,0.0,0.0,0.0
2025-05-12 14:50:00+00:00,0.0,0.0,0.0
2025-05-12 15:00:00+00:00,0.0,0.0,0.0
2025-05-12 15:10:00+00:00,0.0,0.0,0.0
2025-05-12 15:20:00+00:00,0.0,0.0,0.0
2025-05-12 15:30:00+00:00,0.0,0.0,0.0
2025-05-12 15:40:00+00:00,0.0,0.0,0.0
2025-05-12 15:50:00+00:00,0.0,0.0,0.0
2025-05-12 16:00:00+00:00,0.0,0.0,0.0
2025-05-12 16:10:00+00:00,0.0,0.0,0.0
2025-05-12 16:20:00+00:00,0.0,0.0,0.0
2025-05-12 16:30:00+00:00,0.0,0.0,0.0
2025-05-12 16:40:00+00:00,0.0,0.0,0.0
2025-05-12 16:50:00+00:00,0.0,0.0,0.0
2025-05-12 17:00:00+00:00,0.0,0.0,0.0
2025-05-12 17:10:00+00:00,0.0,0.0,0.0
2025-05-12 17:20:00+00:00,0.0,0.0,0.0
2025-05-12 17:30:00+00:00,0.0,0.0,0.0
2025-05-12 17:40:00+00:00,0.0,0.0,0.0
2025-05-12 17:50:00+00:00,0.0,0.0,0.0
2025-05-12 18:00:00+00:00,0.0,0.0,0.0
2025-05-12 18:10:00+00:00,0.0,0.0,0.0
2025-05-12 18:20:00+00:00,0.0,0.0,0.0
2025-05-12 18:30:00+00:00,0.0,0.0,0.0
2025-05-12 18:40:00+00:00,0.0,0.0,0.0
2025-05-12 18:50:00+00:00,0.0,0.0,0.0
2025-05-12 19:00:00+00:00,0.0,0.0,0.0
2025-05-12 19:10:00+00:00,0.0,0.0,0.0
2025-05-12 19:20:00+00:00,0.0,0.0,0.0
2025-05-12 19:30:00+00:00,0.0,0.0,0.0
2025-05-12 19:40:00+00:00,0.0,0.0,0.0
2025-05-12 19:50:00+00:00,0.0,0.0,0.0
2025-05-12 20:00:00+00:00,1.0752666666666668,1.0752666666666668,0.0
2025-05-12 20:10:00+00:00,0.0,0.0,0.0
2025-05-12 20:20:00+00:00,0.0,0.0,0.0
2025-05-12 20:30:00+00:00,0.10706666666666666,0.10706666666666666,0.0
2025-05-12 20:40:00+00:00,0.0,0.0,0.0
2025-05-12 20:50:00+00:00,0.0,0.0,0.0
2025-05-12 21:00:00+00:00,0.0,0.0,0.0
2025-05-12 21:10:00+00:00,0.0,0.0,0.0
2025-05-12 21:20:00+00:00,0.0,0.0,0.0
2025-05-12 21:30:00+00:00,0.0,0.0,0.0
2025-05-12 21:40:00+00:00,0.0,0.0,0.0
2025-05-12 21:50:00+00:00,0.0,0.0,0.0
2025-05-12 22:00:00+00:00,0.0,0.0,0.0
2025-05-12 22:10:00+00:00,0.0,0.0,0.0
2025-05-12 22:20:00+00:00,0.0,0.0,0.0
2025-05-12 22:30:00+00:00,0.0,0.0,0.0
2025-05-12 22:40:00+00:00,0.0,0.0,0.0
2025-05-12 22:50:00+00:00,0.0,0.0,0.0
2025-05-12 23:00:00+00:00,0.0,0.0,0.0
2025-05-12 23:10:00+00:00,0.0,0.0,0.0
2025-05-12 23:20:00+00:00,0.0,0.0,0.0
2025-05-12 23:30:00+00:00,0.0,0.0,0.0
2025-05-12 23:40:00+00:00,0.0,0.0,0.0
2025-05-12 23:50:00+00:00,0.0,0.0,0.0
2025-05-13 00:00:00+00:00,0.0,0.0,0.0
2025-05-13 00:10:00+00:00,0.0,0.0,0.0
2025-05-13 00:20:00+00:00,0.0,0.0,0.0
2025-05-13 00:30:00+00:00,0.0,0.0,0.0
2025-05-13 00:40:00+00:00,0.0,0.0,0.0
2025-05-13 00:50:00+00:00,0.0,0.0,0.0
2025-05-13 01:00:00+00:00,0.0,0.0,0.0
2025-05-13 01:10:00+00:00,0.0,0.0,0.0
2025-05-13 01:20:00+00:00,0.0,0.0,0.0
2025-05-13 01:30:00+00:00,0.0,0.0,0.0
2025-05-13 01:40:00+00:00,0.0,0.0,0.0
2025-05-13 01:50:00+00:00,0.0,0.0,0.0
2025-05-13 02:00:00+00:00,0.0,0.0,0.0
2025-05-13 02:10:00+00:00,0.0,0.0,0.0
2025-05-13 02:20:00+00:00,0.0,0.0,0.0
2025-05-13 02:30:00+00:00,0.0,0.0,0.0
2025-05-13 02:40:00+00:00,0.0,0.0,0.0
2025-05-13 02:50:00+00:00,0.0,0.0,0.0
2025-05-13 03:00:00+00:00,0.0,0.0,0.0
2025-05-13 03:10:00+00:00,0.0,0.0,0.0
2025-05-13 03:20:00+00:00,0.0,0.0,0.0
2025-05-13 03:30:00+00:00,0.0,0.0,0.0
2025-05-13 03:40:00+00:00,0.0,0.0,0.0
2025-05-13 03:50:00+00:00,0.0,0.0,0.0
2025-05-13 04:00:00+00:00,13.051000000000002,11.542133333333334,1.5088666666666666
2025-05-13 04:10:00+00:00,0.0,0.0,0.0
2025-05-13 04:20:00+00:00,0.0,0.0,0.0
2025-05-13 04:30:00+00:00,18.08236666666667,0.0,18.08236666666667
2025-05-13 04:40:00+00:00,0.0,0.0,0.0
2025-05-13 04:50:00+00:00,0.0,0.0,0.0
2025-05-13 05:00:00+00:00,6.355333333333333,0.0,6.355333333333333
2025-05-13 05:10:00+00:00,0.0,0.0,0.0
2025-05-13 05:20:00+00:00,0.0,0.0,0.0
2025-05-13 05:30:00+00:00,4.9139333333333335,0.0,4.9139333333333335
2025-05-13 05:40:00+00:00,0.0,0.0,0.0
2025-05-13 05:50:00+00:00,0.0,0.0,0.0
2025-05-13 06:00:00+00:00,0.0,0.0,0.0
2025-05-13 06:10:00+00:00,0.0,0.0,0.0
2025-05-13 06:20:00+00:00,0.0,0.0,0.0
2025-05-13 06:30:00+00:00,7.629466666666667,0.0,7.629466666666667
2025-05-13 06:40:00+00:00,0.0,0.0,0.0
2025-05-13 06:50:00+00:00,0.0,0.0,0.0
2025-05-13 07:00:00+00:00,15.406199666666664,13.192833,2.2133666666666665
2025-05-13 07:10:00+00:00,0.0,0.0,0.0
2025-05-13 07:20:00+00:00,0.0,0.0,0.0
2025-05-13 07:30:00+00:00,78.0975,63.46453333333333,14.632966666666666
2025-05-13 07:40:00+00:00,0.0,0.0,0.0
2025-05-13 07:50:00+00:00,0.0,0.0,0.0
2025-05-13 08:00:00+00:00,213.88639933333332,117.97846666666668,95.90793266666667
2025-05-13 08:10:00+00:00,0.0,0.0,0.0
2025-05-13 08:20:00+00:00,0.0,0.0,0.0
2025-05-13 08:30:00+00:00,365.711499,178.52683233333335,187.18466666666666
2025-05-13 08:40:00+00:00,0.0,0.0,0.0
2025-05-13 08:50:00+00:00,0.0,0.0,0.0
2025-05-13 09:00:00+00:00,253.38643333333331,87.65676666666667,165.72966666666667
2025-05-13 09:10:00+00:00,0.0,0.0,0.0
2025-05-13 09:20:00+00:00,0.0,0.0,0.0
2025-05-13 09:30:00+00:00,146.26363333333333,0.0,146.26363333333333
2025-05-13 09:40:00+00:00,0.0,0.0,0.0
2025-05-13 09:50:00+00:00,0.0,0.0,0.0
2025-05-13 10:00:00+00:00,117.09793333333332,0.19299999999999998,116.90493333333333
2025-05-13 10:10:00+00:00,0.0,0.0,0.0
2025-05-13 10:20:00+00:00,0.0,0.0,0.0
2025-05-13 10:30:00+00:00,74.74,1.7777333333333332,72.96226666666666
2025-05-13 10:40:00+00:00,0.0,0.0,0.0
2025-05-13 10:50:00+00:00,0.0,0.0,0.0
2025-05-13 11:00:00+00:00,74.41826666666667,0.0,74.41826666666667
2025-05-13 11:10:00+00:00,0.0,0.0,0.0
2025-05-13 11:20:00+00:00,0.0,0.0,0.0
2025-05-13 11:30:00+00:00,59.2488,0.0,59.2488
2025-05-13 11:40:00+00:00,0.0,0.0,0.0
2025-05-13 11:50:00+00:00,0.0,0.0,0.0
2025-05-13 12:00:00+00:00,0.2885333333333333,0.2356,0.05293333333333334
2025-05-13 12:10:00+00:00,0.0,0.0,0.0
2025-05-13 12:20:00+00:00,0.0,0.0,0.0
2025-05-13 12:30:00+00:00,0.0,0.0,0.0
2025-05-13 12:40:00+00:00,0.0,0.0,0.0
2025-05-13 12:50:00+00:00,0.0,0.0,0.0
2025-05-13 13:00:00+00:00,0.0,0.0,0.0
2025-05-13 13:10:00+00:00,0.0,0.0,0.0
2025-05-13 13:20:00+00:00,0.0,0.0,0.0
2025-05-13 13:30:00+00:00,0.0,0.0,0.0
2025-05-13 13:40:00+00:00,0.0,0.0,0.0
2025-05-13 13:50:00+00:00,0.0,0.0,0.0
2025-05-13 14:00:00+00:00,0.0,0.0,0.0
2025-05-13 14:10:00+00:00,0.0,0.0,0.0
2025-05-13 14:20:00+00:00,0.0,0.0,0.0
2025-05-13 14:30:00+00:00,0.0,0.0,0.0
2025-05-13 14:40:00+00:00,0.0,0.0,0.0
2025-05-13 14:50:00+00:00,0.0,0.0,0.0
2025-05-13 15:00:00+00:00,0.0,0.0,0.0
2025-05-13 15:10:00+00:00,0.0,0.0,0.0
2025-05-13 15:20:00+00:00,0.0,0.0,0.0
2025-05-13 15:30:00+00:00,0.0,0.0,0.0
2025-05-13 15:40:00+00:00,0.0,0.0,0.0
2025-05-13 15:50:00+00:00,0.0,0.0,0.0
2025-05-13 16:00:00+00:00,0.0,0.0,0.0
2025-05-13 16:10:00+00:00,0.0,0.0,0.0
2025-05-13 16:20:00+00:00,0.0,0.0,0.0
2025-05-13 16:30:00+00:00,0.0,0.0,0.0
2025-05-13 16:40:00+00:00,0.0,0.0,0.0
2025-05-13 16:50:00+00:00,0.0,0.0,0.0
2025-05-13 17:00:00+00:00,0.0,0.0,0.0
2025-05-13 17:10:00+00:00,0.0,0.0,0.0
2025-05-13 17:20:00+00:00,0.0,0.0,0.0
2025-05-13 17:30:00+00:00,0.0,0.0,0.0
2025-05-13 17:40:00+00:00,0.0,0.0,0.0
2025-05-13 17:50:00+00:00,0.0,0.0,0.0
2025-05-13 18:00:00+00:00,0.0,0.0,0.0
2025-05-13 18:10:00+00:00,0.0,0.0,0.0
2025-05-13 18:20:00+00:00,0.0,0.0,0.0
2025-05-13 18:30:00+00:00,0.0,0.0,0.0
2025-05-13 18:40:00+00:00,0.0,0.0,0.0
2025-05-13 18:50:00+00:00,0.0,0.0,0.0
2025-05-13 19:00:00+00:00,0.0,0.0,0.0
2025-05-13 19:10:00+00:00,0.0,0.0,0.0
2025-05-13 19:20:00+00:00,0.0,0.0,0.0
2025-05-13 19:30:00+00:00,0.0,0.0,0.0
2025-05-13 19:40:00+00:00,0.0,0.0,0.0
2025-05-13 19:50:00+00:00,0.0,0.0,0.0
2025-05-13 20:00:00+00:00,0.0,0.0,0.0
2025-05-13 20:10:00+00:00,0.0,0.0,0.0
2025-05-13 20:20:00+00:00,0.0,0.0,0.0
2025-05-13 20:30:00+00:00,0.0,0.0,0.0
2025-05-13 20:40:00+00:00,0.0,0.0,0.0
2025-05-13 20:50:00+00:00,0.0,0.0,0.0
2025-05-13 21:00:00+00:00,0.0,0.0,0.0
2025-05-13 21:10:00+00:00,0.0,0.0,0.0
2025-05-13 21:20:00+00:00,0.0,0.0,0.0
2025-05-13 21:30:00+00:00,0.0,0.0,0.0
2025-05-13 21:40:00+00:00,0.0,0.0,0.0
2025-05-13 21:50:00+00:00,0.0,0.0,0.0
2025-05-13 22:00:00+00:00,0.0,0.0,0.0
2025-05-13 22:10:00+00:00,0.0,0.0,0.0
2025-05-13 22:20:00+00:00,0.0,0.0,0.0
2025-05-13 22:30:00+00:00,0.0,0.0,0.0
2025-05-13 22:40:00+00:00,0.0,0.0,0.0
2025-05-13 22:50:00+00:00,0.0,0.0,0.0
2025-05-13 23:00:00+00:00,0.0,0.0,0.0
2025-05-13 23:10:00+00:00,0.0,0.0,0.0
2025-05-13 23:20:00+00:00,0.0,0.0,0.0
2025-05-13 23:30:00+00:00,0.0,0.0,0.0
2025-05-13 23:40:00+00:00,0.0,0.0,0.0
2025-05-13 23:50:00+00:00,0.0,0.0,0.0
2025-05-14 00:00:00+00:00,0.0,0.0,0.0
2025-05-14 00:10:00+00:00,0.0,0.0,0.0
2025-05-14 00:20:00+00:00,0.0,0.0,0.0
2025-05-14 00:30:00+00:00,0.0,0.0,0.0
2025-05-14 00:40:00+00:00,0.0,0.0,0.0
2025-05-14 00:50:00+00:00,0.0,0.0,0.0
2025-05-14 01:00:00+00:00,0.0,0.0,0.0
2025-05-14 01:10:00+00:00,0.0,0.0,0.0
2025-05-14 01:20:00+00:00,0.0,0.0,0.0
2025-05-14 01:30:00+00:00,0.0,0.0,0.0
2025-05-14 01:40:00+00:00,0.0,0.0,0.0
2025-05-14 01:50:00+00:00,0.0,0.0,0.0
2025-05-14 02:00:00+00:00,0.0,0.0,0.0
2025-05-14 02:10:00+00:00,0.0,0.0,0.0
2025-05-14 02:20:00+00:00,0.0,0.0,0.0
2025-05-14 02:30:00+00:00,0.0,0.0,0.0
2025-05-14 02:40:00+00:00,0.0,0.0,0.0
2025-05-14 02:50:00+00:00,0.0,0.0,0.0
2025-05-14 03:00:00+00:00,0.0,0.0,0.0
2025-05-14 03:10:00+00:00,0.0,0.0,0.0
2025-05-14 03:20:00+00:00,0.0,0.0,0.0
2025-05-14 03:30:00+00:00,0.0,0.0,0.0
2025-05-14 03:40:00+00:00,0.0,0.0,0.0
2025-05-14 03:50:00+00:00,0.0,0.0,0.0
2025-05-14 04:00:00+00:00,73.90983333333332,34.81399999999999,39.09583333333333
2025-05-14 04:10:00+00:00,0.0,0.0,0.0
2025-05-14 04:20:00+00:00,0.0,0.0,0.0
2025-05-14 04:30:00+00:00,88.35153299999999,13.541166666666667,74.81036633333333
2025-05-14 04:40:00+00:00,0.0,0.0,0.0
2025-05-14 04:50:00+00:00,0.0,0.0,0.0
2025-05-14 05:00:00+00:00,209.3047,31.349000000000004,177.95570000000004
2025-05-14 05:10:00+00:00,0.0,0.0,0.0
2025-05-14 05:20:00+00:00,0.0,0.0,0.0
2025-05-14 05:30:00+00:00,200.82246666666666,61.72136666666667,139.1011
2025-05-14 05:40:00+00:00,0.0,0.0,0.0
2025-05-14 05:50:00+00:00,0.0,0.0,0.0
2025-05-14 06:00:00+00:00,181.55293300000002,55.30576633333333,126.24716666666667
2025-05-14 06:10:00+00:00,0.0,0.0,0.0
2025-05-14 06:20:00+00:00,0.0,0.0,0.0
2025-05-14 06:30:00+00:00,303.69669966666663,41.188699666666665,262.508
2025-05-14 06:40:00+00:00,0.0,0.0,0.0
2025-05-14 06:50:00+00:00,0.0,0.0,0.0
2025-05-14 07:00:00+00:00,362.1502663333333,67.71559966666666,294.4346666666667
2025-05-14 07:10:00+00:00,0.0,0.0,0.0
2025-05-14 07:20:00+00:00,0.0,0.0,0.0
2025-05-14 07:30:00+00:00,330.4063666666667,40.9142,289.49216666666666
2025-05-14 07:40:00+00:00,0.0,0.0,0.0
2025-05-14 07:50:00+00:00,0.0,0.0,0.0
2025-05-14 08:00:00+00:00,342.70266666666674,44.975899999999996,297.72676666666666
2025-05-14 08:10:00+00:00,0.0,0.0,0.0
2025-05-14 08:20:00+00:00,0.0,0.0,0.0
2025-05-14 08:30:00+00:00,328.26663333333335,57.3659,270.90073333333333
2025-05-14 08:40:00+00:00,0.0,0.0,0.0
2025-05-14 08:50:00+00:00,0.0,0.0,0.0
2025-05-14 09:00:00+00:00,287.4065333333333,0.0,287.4065333333333
2025-05-14 09:10:00+00:00,0.0,0.0,0.0
2025-05-14 09:20:00+00:00,0.0,0.0,0.0
2025-05-14 09:30:00+00:00,260.4099,19.982833333333332,240.42706666666666
2025-05-14 09:40:00+00:00,0.0,0.0,0.0
2025-05-14 09:50:00+00:00,0.0,0.0,0.0
2025-05-14 10:00:00+00:00,212.61699966666666,0.4576,212.15939966666667
2025-05-14 10:10:00+00:00,0.0,0.0,0.0
2025-05-14 10:20:00+00:00,0.0,0.0,0.0
2025-05-14 10:30:00+00:00,239.03106666666667,0.0,239.03106666666667
2025-05-14 10:40:00+00:00,0.0,0.0,0.0
2025-05-14 10:50:00+00:00,0.0,0.0,0.0
2025-05-14 11:00:00+00:00,162.84369999999998,0.0,162.84369999999998
2025-05-14 11:10:00+00:00,0.0,0.0,0.0
2025-05-14 11:20:00+00:00,0.0,0.0,0.0
2025-05-14 11:30:00+00:00,61.79876666666666,0.0,61.79876666666666
2025-05-14 11:40:00+00:00,0.0,0.0,0.0
2025-05-14 11:50:00+00:00,0.0,0.0,0.0
2025-05-14 12:00:00+00:00,0.5819000000000001,0.5819000000000001,0.0
2025-05-14 12:10:00+00:00,0.0,0.0,0.0
2025-05-14 12:20:00+00:00,0.0,0.0,0.0
2025-05-14 12:30:00+00:00,0.0,0.0,0.0
2025-05-14 12:40:00+00:00,0.0,0.0,0.0
2025-05-14 12:50:00+00:00,0.0,0.0,0.0
2025-05-14 13:00:00+00:00,0.0,0.0,0.0
2025-05-14 13:10:00+00:00,0.0,0.0,0.0
2025-05-14 13:20:00+00:00,0.0,0.0,0.0
2025-05-14 13:30:00+00:00,0.04136666666666667,0.04136666666666667,0.0
2025-05-14 13:40:00+00:00,0.0,0.0,0.0
2025-05-14 13:50:00+00:00,0.0,0.0,0.0
2025-05-14 14:00:00+00:00,0.0,0.0,0.0
2025-05-14 14:10:00+00:00,0.0,0.0,0.0
2025-05-14 14:20:00+00:00,0.0,0.0,0.0
2025-05-14 14:30:00+00:00,0.0,0.0,0.0
2025-05-14 14:40:00+00:00,0.0,0.0,0.0
2025-05-14 14:50:00+00:00,0.0,0.0,0.0
2025-05-14 15:00:00+00:00,0.0,0.0,0.0
2025-05-14 15:10:00+00:00,0.0,0.0,0.0
2025-05-14 15:20:00+00:00,0.0,0.0,0.0
2025-05-14 15:30:00+00:00,0.0,0.0,0.0
2025-05-14 15:40:00+00:00,0.0,0.0,0.0
2025-05-14 15:50:00+00:00,0.0,0.0,0.0
2025-05-14 16:00:00+00:00,0.0,0.0,0.0
2025-05-14 16:10:00+00:00,0.0,0.0,0.0
2025-05-14 16:20:00+00:00,0.0,0.0,0.0
2025-05-14 16:30:00+00:00,0.0,0.0,0.0
2025-05-14 16:40:00+00:00,0.0,0.0,0.0
2025-05-14 16:50:00+00:00,0.0,0.0,0.0
2025-05-14 17:00:00+00:00,0.0,0.0,0.0
2025-05-14 17:10:00+00:00,0.0,0.0,0.0
2025-05-14 17:20:00+00:00,0.0,0.0,0.0
2025-05-14 17:30:00+00:00,0.0,0.0,0.0
2025-05-14 17:40:00+00:00,0.0,0.0,0.0
2025-05-14 17:50:00+00:00,0.0,0.0,0.0
2025-05-14 18:00:00+00:00,0.0,0.0,0.0
2025-05-14 18:10:00+00:00,0.0,0.0,0.0
2025-05-14 18:20:00+00:00,0.0,0.0,0.0
2025-05-14 18:30:00+00:00,0.0,0.0,0.0
2025-05-14 18:40:00+00:00,0.0,0.0,0.0
2025-05-14 18:50:00+00:00,0.0,0.0,0.0
2025-05-14 19:00:00+00:00,0.0,0.0,0.0
2025-05-14 19:10:00+00:00,0.0,0.0,0.0
2025-05-14 19:20:00+00:00,0.0,0.0,0.0
2025-05-14 19:30:00+00:00,0.0,0.0,0.0
2025-05-14 19:40:00+00:00,0.0,0.0,0.0
2025-05-14 19:50:00+00:00,0.0,0.0,0.0
2025-05-14 20:00:00+00:00,0.21536666666666665,0.21536666666666665,0.0
2025-05-14 20:10:00+00:00,0.0,0.0,0.0
2025-05-14 20:20:00+00:00,0.0,0.0,0.0
2025-05-14 20:30:00+00:00,0.0,0.0,0.0
2025-05-14 20:40:00+00:00,0.0,0.0,0.0
2025-05-14 20:50:00+00:00,0.0,0.0,0.0
2025-05-14 21:00:00+00:00,0.0,0.0,0.0
2025-05-14 21:10:00+00:00,0.0,0.0,0.0
2025-05-14 21:20:00+00:00,0.0,0.0,0.0
2025-05-14 21:30:00+00:00,0.0,0.0,0.0
2025-05-14 21:40:00+00:00,0.0,0.0,0.0
2025-05-14 21:50:00+00:00,0.0,0.0,0.0
2025-05-14 22:00:00+00:00,0.0,0.0,0.0
2025-05-14 22:10:00+00:00,0.0,0.0,0.0
2025-05-14 22:20:00+00:00,0.0,0.0,0.0
2025-05-14 22:30:00+00:00,0.0,0.0,0.0
2025-05-14 22:40:00+00:00,0.0,0.0,0.0
2025-05-14 22:50:00+00:00,0.0,0.0,0.0
2025-05-14 23:00:00+00:00,0.0,0.0,0.0
2025-05-14 23:10:00+00:00,0.0,0.0,0.0
2025-05-14 23:20:00+00:00,0.0,0.0,0.0
2025-05-14 23:30:00+00:00,0.0,0.0,0.0
2025-05-14 23:40:00+00:00,0.0,0.0,0.0
2025-05-14 23:50:00+00:00,0.0,0.0,0.0
2025-05-15 00:00:00+00:00,0.0,0.0,0.0
2025-05-15 00:10:00+00:00,0.0,0.0,0.0
2025-05-15 00:20:00+00:00,0.0,0.0,0.0
2025-05-15 00:30:00+00:00,0.0,0.0,0.0
2025-05-15 00:40:00+00:00,0.0,0.0,0.0
2025-05-15 00:50:00+00:00,0.0,0.0,0.0
2025-05-15 01:00:00+00:00,0.0,0.0,0.0
2025-05-15 01:10:00+00:00,0.0,0.0,0.0
2025-05-15 01:20:00+00:00,0.0,0.0,0.0
2025-05-15 01:30:00+00:00,0.0,0.0,0.0
2025-05-15 01:40:00+00:00,0.0,0.0,0.0
2025-05-15 01:50:00+00:00,0.0,0.0,0.0
2025-05-15 02:00:00+00:00,0.0,0.0,0.0
2025-05-15 02:10:00+00:00,0.0,0.0,0.0
2025-05-15 02:20:00+00:00,0.0,0.0,0.0
2025-05-15 02:30:00+00:00,0.0,0.0,0.0
2025-05-15 02:40:00+00:00,0.0,0.0,0.0
2025-05-15 02:50:00+00:00,0.0,0.0,0.0
2025-05-15 03:00:00+00:00,0.0,0.0,0.0
2025-05-15 03:10:00+00:00,0.0,0.0,0.0
2025-05-15 03:20:00+00:00,0.0,0.0,0.0
2025-05-15 03:30:00+00:00,0.0,0.0,0.0
2025-05-15 03:40:00+00:00,0.0,0.0,0.0
2025-05-15 03:50:00+00:00,0.0,0.0,0.0
2025-05-15 04:00:00+00:00,39.09036666666667,16.1276,22.962766666666667
2025-05-15 04:10:00+00:00,0.0,0.0,0.0
2025-05-15 04:20:00+00:00,0.0,0.0,0.0
2025-05-15 04:30:00+00:00,92.12443333333333,0.0,92.12443333333333
2025-05-15 04:40:00+00:00,0.0,0.0,0.0
2025-05-15 04:50:00+00:00,0.0,0.0,0.0
2025-05-15 05:00:00+00:00,205.967433,1.4976663333333335,204.4697666666667
2025-05-15 05:10:00+00:00,0.0,0.0,0.0
2025-05-15 05:20:00+00:00,0.0,0.0,0.0
2025-05-15 05:30:00+00:00,164.23839966666668,11.122466666666666,153.11593299999998
2025-05-15 05:40:00+00:00,0.0,0.0,0.0
2025-05-15 05:50:00+00:00,0.0,0.0,0.0
2025-05-15 06:00:00+00:00,89.67326666666668,15.6974,73.97586666666666
2025-05-15 06:10:00+00:00,0.0,0.0,0.0
2025-05-15 06:20:00+00:00,0.0,0.0,0.0
2025-05-15 06:30:00+00:00,120.61386666666665,5.447366666666667,115.1665
2025-05-15 06:40:00+00:00,0.0,0.0,0.0
2025-05-15 06:50:00+00:00,0.0,0.0,0.0
2025-05-15 07:00:00+00:00,158.0128,12.497233333333334,145.51556666666664
2025-05-15 07:10:00+00:00,0.0,0.0,0.0
2025-05-15 07:20:00+00:00,0.0,0.0,0.0
2025-05-15 07:30:00+00:00,185.40503333333334,2.4341666666666666,182.97086666666667
2025-05-15 07:40:00+00:00,0.0,0.0,0.0
2025-05-15 07:50:00+00:00,0.0,0.0,0.0
2025-05-15 08:00:00+00:00,155.68490000000003,13.992799999999999,141.6921
2025-05-15 08:10:00+00:00,0.0,0.0,0.0
2025-05-15 08:20:00+00:00,0.0,0.0,0.0
2025-05-15 08:30:00+00:00,111.31296666666665,11.811933333333334,99.50103333333334
2025-05-15 08:40:00+00:00,0.0,0.0,0.0
2025-05-15 08:50:00+00:00,0.0,0.0,0.0
2025-05-15 09:00:00+00:00,106.04150000000001,0.0,106.04150000000001
2025-05-15 09:10:00+00:00,0.0,0.0,0.0
2025-05-15 09:20:00+00:00,0.0,0.0,0.0
2025-05-15 09:30:00+00:00,198.15653333333333,0.0,198.15653333333333
2025-05-15 09:40:00+00:00,0.0,0.0,0.0
2025-05-15 09:50:00+00:00,0.0,0.0,0.0
2025-05-15 10:00:00+00:00,177.2759,0.0,177.2759
2025-05-15 10:10:00+00:00,0.0,0.0,0.0
2025-05-15 10:20:00+00:00,0.0,0.0,0.0
2025-05-15 10:30:00+00:00,188.31446633333334,0.0,188.31446633333334
2025-05-15 10:40:00+00:00,0.0,0.0,0.0
2025-05-15 10:50:00+00:00,0.0,0.0,0.0
2025-05-15 11:00:00+00:00,88.51669999999999,0.0,88.51669999999999
2025-05-15 11:10:00+00:00,0.0,0.0,0.0
2025-05-15 11:20:00+00:00,0.0,0.0,0.0
2025-05-15 11:30:00+00:00,15.532566666666666,0.0,15.532566666666666
2025-05-15 11:40:00+00:00,0.0,0.0,0.0
2025-05-15 11:50:00+00:00,0.0,0.0,0.0
2025-05-15 12:00:00+00:00,0.0,0.0,0.0
2025-05-15 12:10:00+00:00,0.0,0.0,0.0
2025-05-15 12:20:00+00:00,0.0,0.0,0.0
2025-05-15 12:30:00+00:00,0.0,0.0,0.0
2025-05-15 12:40:00+00:00,0.0,0.0,0.0
2025-05-15 12:50:00+00:00,0.0,0.0,0.0
2025-05-15 13:00:00+00:00,0.0,0.0,0.0
2025-05-15 13:10:00+00:00,0.0,0.0,0.0
2025-05-15 13:20:00+00:00,0.0,0.0,0.0
2025-05-15 13:30:00+00:00,0.0,0.0,0.0
2025-05-15 13:40:00+00:00,0.0,0.0,0.0
2025-05-15 13:50:00+00:00,0.0,0.0,0.0
2025-05-15 14:00:00+00:00,0.0,0.0,0.0
2025-05-15 14:10:00+00:00,0.0,0.0,0.0
2025-05-15 14:20:00+00:00,0.0,0.0,0.0
2025-05-15 14:30:00+00:00,0.0,0.0,0.0
2025-05-15 14:40:00+00:00,0.0,0.0,0.0
2025-05-15 14:50:00+00:00,0.0,0.0,0.0
2025-05-15 15:00:00+00:00,0.0,0.0,0.0
2025-05-15 15:10:00+00:00,0.0,0.0,0.0
2025-05-15 15:20:00+00:00,0.0,0.0,0.0
2025-05-15 15:30:00+00:00,0.0,0.0,0.0
2025-05-15 15:40:00+00:00,0.0,0.0,0.0
2025-05-15 15:50:00+00:00,0.0,0.0,0.0
2025-05-15 16:00:00+00:00,0.0,0.0,0.0
2025-05-15 16:10:00+00:00,0.0,0.0,0.0
2025-05-15 16:20:00+00:00,0.0,0.0,0.0
2025-05-15 16:30:00+00:00,0.0,0.0,0.0
2025-05-15 16:40:00+00:00,0.0,0.0,0.0
2025-05-15 16:50:00+00:00,0.0,0.0,0.0
2025-05-15 17:00:00+00:00,0.0,0.0,0.0
2025-05-15 17:10:00+00:00,0.0,0.0,0.0
2025-05-15 17:20:00+00:00,0.0,0.0,0.0
2025-05-15 17:30:00+00:00,0.0,0.0,0.0
2025-05-15 17:40:00+00:00,0.0,0.0,0.0
2025-05-15 17:50:00+00:00,0.0,0.0,0.0
2025-05-15 18:00:00+00:00,0.0,0.0,0.0
2025-05-15 18:10:00+00:00,0.0,0.0,0.0
2025-05-15 18:20:00+00:00,0.0,0.0,0.0
2025-05-15 18:30:00+00:00,0.0,0.0,0.0
2025-05-15 18:40:00+00:00,0.0,0.0,0.0
2025-05-15 18:50:00+00:00,0.0,0.0,0.0
2025-05-15 19:00:00+00:00,0.0,0.0,0.0
2025-05-15 19:10:00+00:00,0.0,0.0,0.0
2025-05-15 19:20:00+00:00,0.0,0.0,0.0
2025-05-15 19:30:00+00:00,0.0,0.0,0.0
2025-05-15 19:40:00+00:00,0.0,0.0,0.0
2025-05-15 19:50:00+00:00,0.0,0.0,0.0
2025-05-15 20:00:00+00:00,0.0,0.0,0.0
2025-05-15 20:10:00+00:00,0.0,0.0,0.0
2025-05-15 20:20:00+00:00,0.0,0.0,0.0
2025-05-15 20:30:00+00:00,0.0,0.0,0.0
2025-05-15 20:40:00+00:00,0.0,0.0,0.0
2025-05-15 20:50:00+00:00,0.0,0.0,0.0
2025-05-15 21:00:00+00:00,0.0,0.0,0.0
2025-05-15 21:10:00+00:00,0.0,0.0,0.0
2025-05-15 21:20:00+00:00,0.0,0.0,0.0
2025-05-15 21:30:00+00:00,0.0,0.0,0.0
2025-05-15 21:40:00+00:00,0.0,0.0,0.0
2025-05-15 21:50:00+00:00,0.0,0.0,0.0
2025-05-15 22:00:00+00:00,0.0,0.0,0.0
2025-05-15 22:10:00+00:00,0.0,0.0,0.0
2025-05-15 22:20:00+00:00,0.0,0.0,0.0
2025-05-15 22:30:00+00:00,0.0,0.0,0.0
2025-05-15 22:40:00+00:00,0.0,0.0,0.0
2025-05-15 22:50:00+00:00,0.0,0.0,0.0
2025-05-15 23:00:00+00:00,0.0,0.0,0.0
2025-05-15 23:10:00+00:00,0.0,0.0,0.0
2025-05-15 23:20:00+00:00,0.0,0.0,0.0
2025-05-15 23:30:00+00:00,0.0,0.0,0.0
2025-05-15 23:40:00+00:00,0.0,0.0,0.0
2025-05-15 23:50:00+00:00,0.0,0.0,0.0
2025-05-16 00:00:00+00:00,0.0,0.0,0.0
2025-05-16 00:10:00+00:00,0.0,0.0,0.0
2025-05-16 00:20:00+00:00,0.0,0.0,0.0
2025-05-16 00:30:00+00:00,0.0,0.0,0.0
2025-05-16 00:40:00+00:00,0.0,0.0,0.0
2025-05-16 00:50:00+00:00,0.0,0.0,0.0
2025-05-16 01:00:00+00:00,0.0,0.0,0.0
2025-05-16 01:10:00+00:00,0.0,0.0,0.0
2025-05-16 01:20:00+00:00,0.0,0.0,0.0
2025-05-16 01:30:00+00:00,0.0,0.0,0.0
2025-05-16 01:40:00+00:00,0.0,0.0,0.0
2025-05-16 01:50:00+00:00,0.0,0.0,0.0
2025-05-16 02:00:00+00:00,0.0,0.0,0.0
2025-05-16 02:10:00+00:00,0.0,0.0,0.0
2025-05-16 02:20:00+00:00,0.0,0.0,0.0
2025-05-16 02:30:00+00:00,0.0,0.0,0.0
2025-05-16 02:40:00+00:00,0.0,0.0,0.0
2025-05-16 02:50:00+00:00,0.0,0.0,0.0
2025-05-16 03:00:00+00:00,0.0,0.0,0.0
2025-05-16 03:10:00+00:00,0.0,0.0,0.0
2025-05-16 03:20:00+00:00,0.0,0.0,0.0
2025-05-16 03:30:00+00:00,0.0,0.0,0.0
2025-05-16 03:40:00+00:00,0.0,0.0,0.0
2025-05-16 03:50:00+00:00,0.0,0.0,0.0
2025-05-16 04:00:00+00:00,4.2482,0.0,4.2482
2025-05-16 04:10:00+00:00,0.0,0.0,0.0
2025-05-16 04:20:00+00:00,0.0,0.0,0.0
2025-05-16 04:30:00+00:00,11.883166666666668,1.880266666666667,10.002899999999999
2025-05-16 04:40:00+00:00,0.0,0.0,0.0
2025-05-16 04:50:00+00:00,0.0,0.0,0.0
2025-05-16 05:00:00+00:00,19.521966666666664,1.8310999999999997,17.690866666666665
2025-05-16 05:10:00+00:00,0.0,0.0,0.0
2025-05-16 05:20:00+00:00,0.0,0.0,0.0
2025-05-16 05:30:00+00:00,18.9188,0.0,18.9188
2025-05-16 05:40:00+00:00,0.0,0.0,0.0
2025-05-16 05:50:00+00:00,0.0,0.0,0.0
2025-05-16 06:00:00+00:00,20.575066666666668,0.0,20.575066666666668
2025-05-16 06:10:00+00:00,0.0,0.0,0.0
2025-05-16 06:20:00+00:00,0.0,0.0,0.0
2025-05-16 06:30:00+00:00,20.978133333333336,0.0,20.978133333333336
2025-05-16 06:40:00+00:00,0.0,0.0,0.0
2025-05-16 06:50:00+00:00,0.0,0.0,0.0
2025-05-16 07:00:00+00:00,36.169466666666665,0.0,36.169466666666665
2025-05-16 07:10:00+00:00,0.0,0.0,0.0
2025-05-16 07:20:00+00:00,0.0,0.0,0.0
2025-05-16 07:30:00+00:00,105.43796666666667,0.0,105.43796666666667
2025-05-16 07:40:00+00:00,0.0,0.0,0.0
2025-05-16 07:50:00+00:00,0.0,0.0,0.0
2025-05-16 08:00:00+00:00,96.69663299999999,0.0,96.69663299999999
2025-05-16 08:10:00+00:00,0.0,0.0,0.0
2025-05-16 08:20:00+00:00,0.0,0.0,0.0
2025-05-16 08:30:00+00:00,62.958400000000005,0.0,62.958400000000005
2025-05-16 08:40:00+00:00,0.0,0.0,0.0
2025-05-16 08:50:00+00:00,0.0,0.0,0.0
2025-05-16 09:00:00+00:00,59.78346633333332,0.0,59.78346633333332
2025-05-16 09:10:00+00:00,0.0,0.0,0.0
2025-05-16 09:20:00+00:00,0.0,0.0,0.0
2025-05-16 09:30:00+00:00,85.74370000000002,0.0,85.74370000000002
2025-05-16 09:40:00+00:00,0.0,0.0,0.0
2025-05-16 09:50:00+00:00,0.0,0.0,0.0
2025-05-16 10:00:00+00:00,55.4854,0.0,55.4854
2025-05-16 10:10:00+00:00,0.0,0.0,0.0
2025-05-16 10:20:00+00:00,0.0,0.0,0.0
2025-05-16 10:30:00+00:00,55.46046633333332,0.0,55.46046633333332
2025-05-16 10:40:00+00:00,0.0,0.0,0.0
2025-05-16 10:50:00+00:00,0.0,0.0,0.0
2025-05-16 11:00:00+00:00,65.42606666666667,0.0,65.42606666666667
2025-05-16 11:10:00+00:00,0.0,0.0,0.0
2025-05-16 11:20:00+00:00,0.0,0.0,0.0
2025-05-16 11:30:00+00:00,12.705400000000001,0.0,12.705400000000001
2025-05-16 11:40:00+00:00,0.0,0.0,0.0
2025-05-16 11:50:00+00:00,0.0,0.0,0.0
2025-05-16 12:00:00+00:00,0.0,0.0,0.0
2025-05-16 12:10:00+00:00,0.0,0.0,0.0
2025-05-16 12:20:00+00:00,0.0,0.0,0.0
2025-05-16 12:30:00+00:00,0.0,0.0,0.0
2025-05-16 12:40:00+00:00,0.0,0.0,0.0
2025-05-16 12:50:00+00:00,0.0,0.0,0.0
2025-05-16 13:00:00+00:00,0.0,0.0,0.0
2025-05-16 13:10:00+00:00,0.0,0.0,0.0
2025-05-16 13:20:00+00:00,0.0,0.0,0.0
2025-05-16 13:30:00+00:00,0.0,0.0,0.0
2025-05-16 13:40:00+00:00,0.0,0.0,0.0
2025-05-16 13:50:00+00:00,0.0,0.0,0.0
2025-05-16 14:00:00+00:00,0.0,0.0,0.0
2025-05-16 14:10:00+00:00,0.0,0.0,0.0
2025-05-16 14:20:00+00:00,0.0,0.0,0.0
2025-05-16 14:30:00+00:00,0.0,0.0,0.0
2025-05-16 14:40:00+00:00,0.0,0.0,0.0
2025-05-16 14:50:00+00:00,0.0,0.0,0.0
2025-05-16 15:00:00+00:00,0.0,0.0,0.0
2025-05-16 15:10:00+00:00,0.0,0.0,0.0
2025-05-16 15:20:00+00:00,0.0,0.0,0.0
2025-05-16 15:30:00+00:00,0.0,0.0,0.0
2025-05-16 15:40:00+00:00,0.0,0.0,0.0
2025-05-16 15:50:00+00:00,0.0,0.0,0.0
2025-05-16 16:00:00+00:00,0.9197666666666665,0.9197666666666665,0.0
2025-05-16 16:10:00+00:00,0.0,0.0,0.0
2025-05-16 16:20:00+00:00,0.0,0.0,0.0
2025-05-16 16:30:00+00:00,0.0,0.0,0.0
2025-05-16 16:40:00+00:00,0.0,0.0,0.0
2025-05-16 16:50:00+00:00,0.0,0.0,0.0
2025-05-16 17:00:00+00:00,0.0,0.0,0.0
2025-05-16 17:10:00+00:00,0.0,0.0,0.0
2025-05-16 17:20:00+00:00,0.0,0.0,0.0
2025-05-16 17:30:00+00:00,0.0,0.0,0.0
2025-05-16 17:40:00+00:00,0.0,0.0,0.0
2025-05-16 17:50:00+00:00,0.0,0.0,0.0
2025-05-16 18:00:00+00:00,0.0,0.0,0.0
2025-05-16 18:10:00+00:00,0.0,0.0,0.0
2025-05-16 18:20:00+00:00,0.0,0.0,0.0
2025-05-16 18:30:00+00:00,0.0,0.0,0.0
2025-05-16 18:40:00+00:00,0.0,0.0,0.0
2025-05-16 18:50:00+00:00,0.0,0.0,0.0
2025-05-16 19:00:00+00:00,1.907433333333333,1.907433333333333,0.0
2025-05-16 19:10:00+00:00,0.0,0.0,0.0
2025-05-16 19:20:00+00:00,0.0,0.0,0.0
2025-05-16 19:30:00+00:00,0.0,0.0,0.0
2025-05-16 19:40:00+00:00,0.0,0.0,0.0
2025-05-16 19:50:00+00:00,0.0,0.0,0.0
2025-05-16 20:00:00+00:00,0.0,0.0,0.0
2025-05-16 20:10:00+00:00,0.0,0.0,0.0
2025-05-16 20:20:00+00:00,0.0,0.0,0.0
2025-05-16 20:30:00+00:00,0.0,0.0,0.0
2025-05-16 20:40:00+00:00,0.0,0.0,0.0
2025-05-16 20:50:00+00:00,0.0,0.0,0.0
2025-05-16 21:00:00+00:00,0.0,0.0,0.0
2025-05-16 21:10:00+00:00,0.0,0.0,0.0
2025-05-16 21:20:00+00:00,0.0,0.0,0.0
2025-05-16 21:30:00+00:00,0.0,0.0,0.0
2025-05-16 21:40:00+00:00,0.0,0.0,0.0
2025-05-16 21:50:00+00:00,0.0,0.0,0.0
2025-05-16 22:00:00+00:00,0.0,0.0,0.0
2025-05-16 22:10:00+00:00,0.0,0.0,0.0
2025-05-16 22:20:00+00:00,0.0,0.0,0.0
2025-05-16 22:30:00+00:00,0.0,0.0,0.0
