Time (UTC),05/03/24,05/04/24,05/05/24,05/06/24,05/07/24,05/08/24,05/09/24,05/10/24
00:00,,1.0,1.0,1.0,1.0,1.0,114.66666666666667,1.0
00:30,,1.0,1.0,1.0,1.0,2.6666666666666665,2.6666666666666665,1.0
01:00,,2.6666666666666665,1.0,4.333333333333334,1.0,1.0,1.0,1.0
01:30,,1.0,1.0,1.0,1.0,4.666666666666667,1.0,2.666666666666667
02:00,,1.0,1.0,1.0,1.0,2.6666666666666665,1.0,1.0
02:30,,1.0,1.0,1.0,2.666666666666667,1.0,1.0,1.0
03:00,,1.0,2.6666666666666665,1.0,1.0,1.0,2.6666666666666665,1.0
03:30,,752.6666666666666,118.66666666666667,1.0,2.666666666666667,1.0,1.0,1.0
04:00,,390.0,358.0,1.0,120.66666666666667,80.66666666666666,648.0,960.0
04:30,,402.0,144.0,2.6666666666666665,210.33333333333334,58.666666666666664,2.6666666666666665,12.0
05:00,,248.0,592.0,1.0,2.6666666666666665,1.0,1.0,1.0
05:30,,322.0,416.0,1.0,1.0,20.666666666666668,1.0,18.333333333333332
06:00,,304.0,572.0,1.0,1.0,22.666666666666668,8.666666666666668,1.0
06:30,,274.0,756.0,1.0,1.0,12.333333333333332,16.666666666666668,8.666666666666666
07:00,,742.0,656.0,1.0,1.0,1.0,14.666666666666668,4.333333333333334
07:30,,1.0,686.0,1.0,1.0,1.0,1.0,1.0
08:00,,2.6666666666666665,744.0,1.0,24.666666666666668,1.0,56.0,6.333333333333333
08:30,,2.666666666666667,488.0,1.0,1.0,1.0,54.66666666666667,6.333333333333334
09:00,,1.0,346.0,1.0,1.0,1.0,6.666666666666666,1.0
09:30,,1.0,374.0,1.0,1.0,1.0,2.666666666666667,256.3333333333333
10:00,,1.0,276.3333333333333,1.0,2.6666666666666665,1.0,1.0,48.333333333333336
10:30,,1.0,1.0,1.0,2.6666666666666665,1.0,4.333333333333333,20.333333333333336
11:00,,1.0,1.0,20.666666666666668,1.0,1.0,20.666666666666668,92.0
11:30,,2.6666666666666665,2.6666666666666665,1.0,1.0,1.0,1.0,246.33333333333331
12:00,,2.666666666666667,1.0,1.0,1.0,1.0,2.6666666666666665,80.33333333333333
12:30,,1.0,1.0,2.666666666666667,6.333333333333333,1.0,2.6666666666666665,1.0
13:00,,1.0,2.6666666666666665,1.0,1.0,1.0,1.0,1.0
13:30,,1.0,4.666666666666667,1.0,1.0,2.6666666666666665,6.333333333333334,1.0
14:00,,1.0,1.0,1.0,1.0,1.0,1.0,4.666666666666667
14:30,,1.0,2.6666666666666665,2.6666666666666665,2.6666666666666665,1.0,1.0,2.666666666666667
15:00,,1.0,1.0,1.0,1.0,2.6666666666666665,1.0,1.0
15:30,,1.0,1.0,2.666666666666667,1.0,6.333333333333334,1.0,1.0
16:00,,2.666666666666667,2.6666666666666665,2.6666666666666665,2.666666666666667,1.0,2.666666666666667,1.0
16:30,,1.0,1.0,1.0,2.6666666666666665,2.666666666666667,34.666666666666664,1.0
17:00,,1.0,2.666666666666667,1.0,1.0,1.0,14.333333333333334,1.0
17:30,,1.0,2.6666666666666665,86.66666666666666,1.0,1.0,1.0,6.666666666666667
18:00,,1.0,1.0,2.666666666666667,2.666666666666667,1.0,2.666666666666667,2.6666666666666665
18:30,,1.0,2.6666666666666665,1.0,2.6666666666666665,2.6666666666666665,1.0,1.0
19:00,,1.0,1.0,1.0,1.0,2.6666666666666665,1.0,1.0
19:30,,1.0,1.0,1.0,1.0,1.0,1.0,1.0
20:00,,1.0,1.0,1.0,4.333333333333333,1.0,1.0,1.0
20:30,,2.6666666666666665,1.0,1.0,1.0,1.0,1.0,1.0
21:00,,2.666666666666667,1.0,1.0,1.0,2.6666666666666665,1.0,1.0
21:30,,1.0,1.0,1.0,1.0,2.6666666666666665,2.6666666666666665,1.0
22:00,1.0,1.0,1.0,4.333333333333333,2.666666666666667,1.0,1.0,0.6666666666666666
22:30,1.0,2.6666666666666665,1.0,1.0,1.0,1.0,1.0,
23:00,1.0,1.0,2.666666666666667,1.0,1.0,1.0,1.0,
23:30,1.0,1.0,1.0,1.0,4.333333333333333,2.666666666666667,2.6666666666666665,
